node_id,sequence_md5,accession,sequence_length,component_id,component_kind,is_new,outcome,v1_component,merged_from,cath,pazy_id,activity
m0028,0e841a3c1f59a0cfd7b1ac47b6e7b1bd,-,221,2,inherited,0,,2,,3.40.50.1820,,
m0238,82b7aa41d984234dbb69f23c5dfebbb9,-,222,2,inherited,0,,2,,3.40.50.1820,,
m0084,2faa60f73ded9c502787ece47fca13f7,A0A060N399,227,2,inherited,0,,2,,3.40.50.1820,,
m0430,ea7a24d47eff2487f1491b3ad67cce64,A0A060N5H2,226,2,inherited,0,,2,,3.40.50.1820,,
m0408,e0b91bc8063c1c7e94e918fcfd8cf2bc,A0A075B5G4,194,2,inherited,0,,2,,3.40.50.1820,,
m0143,4e42b62ac9f3158a2a5a2b35e117d950,A0A0P0ZE81,239,2,inherited,0,,2,,3.40.50.1820,,
m0067,255e2b78ca9f54fe397d3917c1c6cae9,A0A7I8E2Z4,216,2,inherited,0,,2,,3.40.50.1820,,
m0387,d46d1c755303a13d2a19d9393a49d2f7,AAA33335.1,230,2,inherited,0,,2,,3.40.50.1820,,
m0374,cd3efa9108622a39c229634066ce0292,AB102945.1; Q874E,239,2,inherited,0,,2,,3.40.50.1820,,
m0093,339540f3809d8ac98ee633f1da7247e9,AB739034,224,2,inherited,0,,2,,3.40.50.1820,,
m0318,b316862d7118e4358cbe8bf6be6de118,ESK97883,203,2,inherited,0,,2,,3.40.50.1820,,
m0005,02048bc3dc3b8c853e51fcc55038f6ac,KAH7127633,237,2,inherited,0,,2,,3.40.50.1820,,
m0460,f7e864f6573eccaba6017448237af700,P52956,213,2,inherited,0,,2,,3.40.50.1820,,
m0399,dab2da810add966a777bb8c243da293b,Q99174,230,2,inherited,0,,2,,3.40.50.1820,,
m0296,a2dfe48912d34dabd9ec983f2380b945,QEX94755.1,186,2,inherited,0,,2,,3.40.50.1820,,
m0291,a0550530145e06d4170e283fb389aa62,X0BTD8,230,2,inherited,0,,2,,3.40.50.1820,,
m0092,336f0649eca9651f90fe2d208cd29559,-,485,10,inherited,0,,10,,3.90.1300.10,,
m0178,643cdc8e6bf40238fb4a3568cc8eb4f8,-,472,10,inherited,0,,10,,3.90.1300.10,,
m0020,0c554c0dd255de614d248db3118d89da,AAK28498.1,517,10,inherited,0,,10,,3.90.1300.10,,
m0164,5c06f1259bc12791a4627d9b18c94185,AGT90042.1,483,10,inherited,0,,10,,3.90.1300.10,,
m0031,1090fc7df5cb6e4866fd00779c1d8e28,ANG60415.1,472,10,inherited,0,,10,,3.90.1300.10,,
m0343,c05531f7c89f4efafc1f2537c89ad129,ARF18137.1,472,10,inherited,0,,10,,3.90.1300.10,,
m0172,6139d7ee947801e1ffa5c9345c785900,AY026386,525,10,inherited,0,,10,,3.90.1300.10,,
m0027,0dd151000d71720a7a8996bf7fb3acbf,Arylacylamidase,28,10,inherited,1,join,,,,,
m0350,c21fdb598a3887e2e8a5af55068ffec4,BAI44731,479,10,inherited,0,,10,,3.90.1300.10,,
m0413,e422c7b9aabe1a23f75d15bd35cf71a6,BBP47208; XP_036664376,551,10,inherited,0,,10,,3.90.1300.10,,
m0218,77bca54fb186cc66d3f509d6fb835b65,NYLA_FLASK,493,10,inherited,0,,10,,3.90.1300.10,,
m0302,a79509a510d90a50f6702955b1ad3b49,NYLA_PSES8,493,10,inherited,0,,10,,3.90.1300.10,,
m0233,815c8cb8347c7ae5a0b5f9f5e645b5db,Q12559,545,10,inherited,0,,10,,3.90.1300.10,,
m0133,4ae54f06384b9660b40e76e9a902f585,WBR49956,438,10,inherited,0,,10,,3.90.1300.10,,
m0010,06d89e9f595b7abc6f662a4ea5fc3f77,WBR49957,439,10,inherited,0,,10,,3.90.1300.10,,
m0417,e517914dc89db0a2eedf86b6f66bf60c,WBR49958,439,10,inherited,0,,10,,3.90.1300.10,,
m0397,d91b645ebea282e1c771123a7abe685f,WP_011209364.1,479,10,inherited,0,,10,,3.90.1300.10,,
m0373,ccec191e60e12d1782682af2211d9640,WP_185053500,471,10,inherited,0,,10,,3.90.1300.10,,
m0243,848290309a9cbec4776951ce54a69af3,aryl acylamidase,479,10,inherited,1,join,,,,,
m0235,81f568dbaa464c36246be059cfa19188,-,282,M1,merged,0,,1,1;20;35,3.40.50.1820,,
m0358,c51ea9e72ca4f046ba7b615cdd6e1bc0,-,273,M1,merged,0,,1,1;20;35,3.40.50.1820,,
m0334,bd809f78218b2481c1bf1b3a46c74053,1169,276,M1,merged,1,merge,,1;20;35,,,
m0082,2da35d44369fc57fbab077687acd8caf,1228,281,M1,merged,1,merge,,1;20;35,,,
m0106,3cdb04dfc6e8e2e6816fbe523d088f25,1240,303,M1,merged,1,merge,,1;20;35,,,
m0289,9ffafefd549320c21cd92af62f19d6eb,1309,286,M1,merged,1,merge,,1;20;35,,,
m0394,d887c31f2cd02dc21c2c52c61d02bd31,1340,298,M1,merged,1,merge,,1;20;35,,,
m0059,20f7abda67d907b1e03456185b9a7df8,1392,287,M1,merged,1,merge,,1;20;35,,,
m0279,9a39f26de8397ad8e82c7ddd5ffb0a75,1395,295,M1,merged,1,merge,,1;20;35,,,
m0085,31564b91ecf89c422e16abc249221256,1424,316,M1,merged,1,merge,,1;20;35,,,
m0104,3b8571a2d62a99f31d344cab5662e8e5,1457,302,M1,merged,1,merge,,1;20;35,,,
m0160,5a6ca9ba6be2179ba6074343233d0a9b,1463,265,M1,merged,1,merge,,1;20;35,,,
m0378,d09446e7bab13e062244cd0babc73a84,1465,415,M1,merged,1,merge,,1;20;35,,,
m0183,66ecc46b29b845a7a916ce1874720817,1468,444,M1,merged,1,merge,,1;20;35,,,
m0466,fb6cb498ca713c8ff665a94eeaeab29f,1475,375,M1,merged,1,merge,,1;20;35,,,
m0385,d4376d2f4006abaa992a58c321df357d,1477,315,M1,merged,1,merge,,1;20;35,,,
m0375,cefc6b105a243397b6a039e186c6c27b,1478,331,M1,merged,1,merge,,1;20;35,,,
m0197,6e59b2b22d0932610243c38a9455adb5,1482,413,M1,merged,1,merge,,1;20;35,,,
m0191,6bfc5e52adfd5c1d647dbdd440a07380,1489,447,M1,merged,1,merge,,1;20;35,,,
m0163,5b6bcacc9716a844b6969cbeb5e49ef1,1491,455,M1,merged,1,merge,,1;20;35,,,
m0401,dcdd75a330b1680da8c69fade4d72aab,1493,454,M1,merged,1,merge,,1;20;35,,,
m0427,e7456e8fab716e570d81b4e7665698f5,1496,304,M1,merged,1,merge,,1;20;35,,,
m0335,bd90b02ae5726ceb4ec9f4431ba2ac16,1506,436,M1,merged,1,merge,,1;20;35,,,
m0065,2510ccd8faea4efb0652cab75394adfa,1507,275,M1,merged,1,merge,,1;20;35,,,
m0249,86e8274d483618172b997d8cd41d9088,1519,426,M1,merged,1,merge,,1;20;35,,,
m0216,77a7b5a521e48effd1710f14533ed6a5,1521,443,M1,merged,1,merge,,1;20;35,,,
m0219,783d312623e9a23ce795d29a255d97a8,1522,276,M1,merged,1,merge,,1;20;35,,,
m0353,c38a15e286e531b02f655ce186f4c301,1525,444,M1,merged,1,merge,,1;20;35,,,
m0381,d2d63d5f8721e814ea2a657ecc8fe703,1534,469,M1,merged,1,merge,,1;20;35,,,
m0320,b413b66095d2f7ce85f02f9748d49cb5,1537,425,M1,merged,1,merge,,1;20;35,,,
m0026,0d51bfebc665db66f2d9c28959b141d3,1538,472,M1,merged,1,merge,,1;20;35,,,
m0109,3dcbffcfab5a9bf0b1856144dd30e5ef,1545,467,M1,merged,1,merge,,1;20;35,,,
m0369,cb8aae798de32e627b62936dbc407aaf,1546,448,M1,merged,1,merge,,1;20;35,,,
m0272,95d3a22f0e3002d3ebc3f9cc29dfe4d8,1555,348,M1,merged,1,merge,,1;20;35,,,
m0467,fbbad91070ae99aa6eed1595044335d5,1571,329,M1,merged,1,merge,,1;20;35,,,
m0280,9b203af8e18663d4e3880d49e74753ac,1573,422,M1,merged,1,merge,,1;20;35,,,
m0008,0600d8fd8a62760bde8393fb0fde0e0d,1591,463,M1,merged,1,merge,,1;20;35,,,
m0400,dbb69c16a79774a1a51b4b80a8f1bd63,1594,463,M1,merged,1,merge,,1;20;35,,,
m0360,c5df14884c3311c4b6216b9fc6bf19bd,1603,465,M1,merged,1,merge,,1;20;35,,,
m0389,d5d535a4628f661aac624e4bf67a6739,1611,465,M1,merged,1,merge,,1;20;35,,,
m0045,161e4dc2c4ef1e36fe625c65439a815b,1617,465,M1,merged,1,merge,,1;20;35,,,
m0451,f246639aef84a3e6be3c89eac9b2dfbf,1620,461,M1,merged,1,merge,,1;20;35,,,
m0433,ebab773a50031e4f18dfa532f93c9379,1621,465,M1,merged,1,merge,,1;20;35,,,
m0250,871ef0545eb8542ab53b599df2bff175,1625,468,M1,merged,1,merge,,1;20;35,,,
m0292,a07188a7bbb3e92357c73d9654c37734,1628,463,M1,merged,1,merge,,1;20;35,,,
m0189,690953c8ee380d8f7a711710318247ac,1635,487,M1,merged,1,merge,,1;20;35,,,
m0112,3f5b7ed180255f20639a75548bb8ac56,1637,462,M1,merged,1,merge,,1;20;35,,,
m0245,84adddad34e99d2a499ea48da9b8e877,1638,277,M1,merged,1,merge,,1;20;35,,,
m0186,688e3468b20f955579952d514c187611,1641,460,M1,merged,1,merge,,1;20;35,,,
m0396,d8c880a8e19c3f44b32d639747b57222,1642,465,M1,merged,1,merge,,1;20;35,,,
m0029,0f43f7fe3f0c0042197df2508ee850e3,1654,418,M1,merged,1,merge,,1;20;35,,,
m0325,b6f1885d482dc52936e39d224a8c33d1,1663,289,M1,merged,1,merge,,1;20;35,,,
m0200,6f59754c646b6771593cdb66b1cc732b,1678,424,M1,merged,1,merge,,1;20;35,,,
m0196,6def7fc8a6f81bb797445e688dbb615f,169,308,M1,merged,1,merge,,1;20;35,,,
m0239,82d420ad8219d9469aeea11873ba7544,1718,337,M1,merged,1,merge,,1;20;35,,,
m0007,04eb6f62384740641a457083240d65be,1821,378,M1,merged,1,merge,,1;20;35,,,
m0140,4ce5f290ca4d5d58749e55ef4f739ea0,1868,436,M1,merged,1,merge,,1;20;35,,,
m0428,e7d1a404d6aeb48e1849f68fefcf018f,1876,423,M1,merged,1,merge,,1;20;35,,,
m0223,7a0b4f5fc6faf46b8f8e8de955097dbe,191,316,M1,merged,1,merge,,1;20;35,,,
m0437,ece8f45d57141ab0f29280d76fc2a9b7,247,288,M1,merged,1,merge,,1;20;35,,,
m0283,9bc4714d8e79f6fcfcad8aca634001ab,282,299,M1,merged,1,merge,,1;20;35,,,
m0144,4eb20c9016001fd934311ea5fc36f89f,385,272,M1,merged,1,merge,,1;20;35,,,
m0120,43855fcf31b8ee18bc3c65f3b00f10cb,401,296,M1,merged,1,merge,,1;20;35,,,
m0203,70461e4ccc8f072afc5757915d4ab26f,407,436,M1,merged,1,merge,,1;20;35,,,
m0162,5b3f01f3bbd1d34e9bcd72527c959781,412,311,M1,merged,1,merge,,1;20;35,,,
m0461,f85c8564f510148807a599ea6a5cf433,414,289,M1,merged,1,merge,,1;20;35,,,
m0379,d0cd1d061b574c3e97321300be9b3c6e,486,300,M1,merged,1,merge,,1;20;35,,,
m0268,9584eb11232d43e7df101608e2829102,554,309,M1,merged,1,merge,,1;20;35,,,
m0348,c14a617c964156f1d3d4b9dedd1535b4,607-Nsp,306,M1,merged,1,merge,,1;20;35,,,
m0153,553239996e512830a1db6b67fb4aa1c7,7NEI_A/B; 7CUV_A; MBO2503201.1; SAY37592.1,259,M1,merged,0,,1,1;20;35,3.40.50.1820,,
m0269,95981aed79b153af6c6d1c44c404d164,917,297,M1,merged,1,merge,,1;20;35,,,
m0079,2cd5f487f5114193eaf1c99806f6ef63,A0A031MKR8,302,M1,merged,0,,1,1;20;35,3.40.50.1820,,
m0117,42aa40364f5684f1f255819ab69b7b92,A0A078MGG8,302,M1,merged,0,,1,1;20;35,3.40.50.1820,,
m0281,9b361d2c16557499693210de2a8a01b4,A0A0G3BI90_9BURK,298,M1,merged,0,,1,1;20;35,3.40.50.1820,,
m0407,df38ea060b5dad0dfc9a593e4dce333c,A0A0K8P6T7,290,M1,merged,0,,1,1;20;35,3.40.50.1820,,
m0171,604018ae8af9058028c669f8ed8de020,A0A1F4JXW8,426,M1,merged,0,,1,1;20;35,3.40.50.1820,,
m0331,b96e3838fee9bee7a9d7d7d57eda9386,A0A1H6AD45,304,M1,merged,0,,1,1;20;35,3.40.50.1820,,
m0033,10e219e71a25db666947cbd3afc63123,A0A1Z2SIQ1_VIBGA,298,M1,merged,0,,1,1;20;35,3.40.50.1820,,
m0118,4307017d78508de526bb8422be94a4c4,A4W93_05950,292,M1,merged,0,,1,1;20;35,3.40.50.1820,,
m0438,ee0092b4288da1c69a59e16f2b702cdf,ACC95208.1,308,M1,merged,0,,1,1;20;35,3.40.50.1820,,
m0270,95b8c354124ce6fc0e73869c1285b609,ACY95991.1,292,M1,merged,0,,1,1;20;35,3.40.50.1820,,
m0357,c4c87c36c70a8f1b15d4f8d38155f609,ADK73612,302,M1,merged,0,,1,1;20;35,3.40.50.1820,,
m0032,10d87dbad4c4c7bfd7d5c331cef5b9ce,ADM47605.1,262,M1,merged,0,,1,1;20;35,3.40.50.1820,,
m0423,e65e54bed8b506d0ddf1f5164bf29425,ADV92526.1,262,M1,merged,0,,1,1;20;35,3.40.50.1820,,
m0125,46578a460f23e13d1ebe0b0ebf887282,ADV92571,262,M1,merged,0,,1,1;20;35,3.40.50.1820,,
m0391,d67ede223c06bbb9c7903735558b4123,AGT96415,314,M1,merged,0,,1,1;20;35,3.40.50.1820,,
m0368,cae1f0e206dd5d377dbfb013f72cd60c,AJ810119,301,M1,merged,0,,1,1;20;35,3.40.50.1820,,
m0420,e56db99e4a0ff79df4c68a9972670396,APET-15,285,M1,merged,1,merge,,1;20;35,,,
m0097,362632b30b43e3854087c699d608f0b1,APET-17,290,M1,merged,1,merge,,1;20;35,,,
m0078,2c71453465b0acb39d172983ac4a7387,APET-19,279,M1,merged,1,merge,,1;20;35,,,
m0188,68f440a1f49336f2bc51060f5c2e99f1,APET-20,293,M1,merged,1,merge,,1;20;35,,,
m0316,b2ce4b3f3cb218404c049bd6ca3c3fef,APET-24,287,M1,merged,1,merge,,1;20;35,,,
m0052,18f1178aa194bcd44f9de9bf8b6ef166,APET-25,285,M1,merged,1,merge,,1;20;35,,,
m0455,f382d762cf0b0bafd3934f5417accc62,APET-26,268,M1,merged,1,merge,,1;20;35,,,
m0411,e1a1ea6ee428462b281b661258d4bb19,APET-27,288,M1,merged,1,merge,,1;20;35,,,
m0075,2af6d737171357f18fd9f3cddedf6015,APET-28,275,M1,merged,1,merge,,1;20;35,,,
m0328,b80b1227f73f4dd4ff1fd9546d415275,APET-29,305,M1,merged,1,merge,,1;20;35,,,
m0414,e44d2abc0169b043201fff28f40feeb9,APET-32,292,M1,merged,1,merge,,1;20;35,,,
m0263,91fdd1b5e2e32c2e3842e6b87058f3ad,APET-5,298,M1,merged,1,merge,,1;20;35,,,
m0303,a9bad1df9172c94be6b225bd32b6bd1d,BAB86909,304,M1,merged,0,,1,1;20;35,3.40.50.1820,,
m0077,2b9fd2b29499ad2d285db6505328e11d,BAI99230,296,M1,merged,0,,1,1;20;35,3.40.50.1820,,
m0339,be8748feeb335dbb23ea57c0ca66828f,D1A9G5,289,M1,merged,0,,1,1;20;35,3.40.50.1820,,
m0419,e5571e8fd143e90bd5db0ca52ce67226,DAC80635,284,M1,merged,0,,1,1;20;35,3.40.50.1820,,
m0073,2a9215b62ae074282dc7ffcda6232192,DIEGO,293,M1,merged,1,merge,,1;20;35,,,
m0136,4b8623751837c39c9fe582aa5d675187,DP003,319,M1,merged,1,merge,,1;20;35,,,
m0098,36a989ab704be3f0d22479cc94524084,DP006,294,M1,merged,1,merge,,1;20;35,,,
m0222,79c49015e4218f7c3a46046c08b8030d,DP007,297,M1,merged,1,merge,,1;20;35,,,
m0266,93d3e56e0fbe62971eaa3408dd5c2753,DP008,297,M1,merged,1,merge,,1;20;35,,,
m0230,7e5680dfd06abf1e4f5a432453eb246d,DP016,310,M1,merged,1,merge,,1;20;35,,,
m0102,3a8b3b50918fa1553710b5c8d094771c,DP017,283,M1,merged,1,merge,,1;20;35,,,
m0211,74f45b9b297fc969ba3fd070bdedc403,DP021,451,M1,merged,1,merge,,1;20;35,,,
m0138,4c8584c9364804042a9544a4f193e5dc,DP038,288,M1,merged,1,merge,,1;20;35,,,
m0086,3159d0f519fd0565b7134f18713e8324,DP039,289,M1,merged,1,merge,,1;20;35,,,
m0114,4128006510697cae616c99ca6fbb128c,DP040,299,M1,merged,1,merge,,1;20;35,,,
m0157,574237800be392daa0a6c80748375073,DP043,312,M1,merged,1,merge,,1;20;35,,,
m0425,e6c65f28982cd50933de3173d5a6959d,DP054,295,M1,merged,1,merge,,1;20;35,,,
m0158,5803ed5f151b9467fa2e8894554b330e,DP056,303,M1,merged,1,merge,,1;20;35,,,
m0267,93e9e12285afdbc5032f261307327236,DP057,322,M1,merged,1,merge,,1;20;35,,,
m0130,486620f02642fa1a8f78c36a2740b0ec,DP059,445,M1,merged,1,merge,,1;20;35,,,
m0240,83679359d645f51f2cc5de9332d999c2,DP061,457,M1,merged,1,merge,,1;20;35,,,
m0212,75970cca0aca8c2628e21abeff92d2b0,DP068,420,M1,merged,1,merge,,1;20;35,,,
m0225,7ad7db832510d64d62b4e29db40fa372,DP078,298,M1,merged,1,merge,,1;20;35,,,
m0312,aea6a56696f03519f9e6511f50cff512,DP080,292,M1,merged,1,merge,,1;20;35,,,
m0317,b3098fdcf4be1ef53a8636f87b4e409c,DP081,425,M1,merged,1,merge,,1;20;35,,,
m0194,6c94e122d721e790088493d35c7c03a9,DP082,295,M1,merged,1,merge,,1;20;35,,,
m0155,56793a483b6506d4f822ce4dab41cbcb,DP084,285,M1,merged,1,merge,,1;20;35,,,
m0346,c0d2eecc958484c772145471290f41e4,DP089,287,M1,merged,1,merge,,1;20;35,,,
m0072,2a3c4f5280e7c5835b8e1428f7044fe3,DP090,314,M1,merged,1,merge,,1;20;35,,,
m0187,68c96339ea5e9153dffdfbe8f9906985,DP092,450,M1,merged,1,merge,,1;20;35,,,
m0141,4d6c690dd47d3941954de2c9d2abaf2f,E5BBQ2,319,M1,merged,0,,1,1;20;35,3.40.50.1820,,
m0376,cf88b3e711edffd341ba052fb3365c25,E5BBQ3_THEFU,261,M1,merged,0,,1,1;20;35,3.40.50.1820,,
m0354,c3b10fec34299e75939e57d3458275fe,E8U721,315,M1,merged,0,,1,1;20;35,3.40.50.1820,,
m0167,5e3a225d0c4dad34e74078ea45904b70,E9LVH7,262,M1,merged,0,,1,1;20;35,3.40.50.1820,,
m0208,7290711b3d888830a61b777dcd01df5d,E9LVI0_THEFU,262,M1,merged,0,,1,1;20;35,3.40.50.1820,,
m0177,6435b353e1e02d2f720bc95ef5cb13af,EGD44994.1,294,M1,merged,0,,1,1;20;35,3.40.50.1820,,
m0152,551946ddbe6046c13ca1a257eab4aeff,ESM006,405,M1,merged,1,merge,,1;20;35,,,
m0456,f50fd2a3843ce155233b360ab9cded21,ESM010,475,M1,merged,1,merge,,1;20;35,,,
m0297,a2f79a79ff4db5f56ded2690d708f4c9,ESM012,415,M1,merged,1,merge,,1;20;35,,,
m0364,c941981ddefbf835b8fb921890d009e0,ESM021,452,M1,merged,1,merge,,1;20;35,,,
m0260,8fede4413e76abb354158b5bb05b5c6e,ESM024,432,M1,merged,1,merge,,1;20;35,,,
m0231,7f597bfa435ab3ad4d01391067fcea07,ESM026,435,M1,merged,1,merge,,1;20;35,,,
m0284,9be600f74fc6650fed502d1de7647551,ESM033,402,M1,merged,1,merge,,1;20;35,,,
m0319,b3403aecb7ec20ee0e5b0e79cac01b17,ESM035,398,M1,merged,1,merge,,1;20;35,,,
m0226,7cf1ce68095952a5cc8abd5bbcfd1ff7,ESM038,450,M1,merged,1,merge,,1;20;35,,,
m0080,2cdb0469feb77ba7e2d63ca3b108b137,ESM043,426,M1,merged,1,merge,,1;20;35,,,
m0221,790629d20f9a499b3cf518e1e7000b71,ESM045,280,M1,merged,1,merge,,1;20;35,,,
m0384,d3daf5d62100e8ce832f8dde87008494,ESM050,276,M1,merged,1,merge,,1;20;35,,,
m0251,87d890e381a7d683e581e77330a26d0d,ESM052,417,M1,merged,1,merge,,1;20;35,,,
m0322,b4e16b9dec1e241cf86cedf832d14404,ESM058,447,M1,merged,1,merge,,1;20;35,,,
m0058,2053c1f056678cc0df8796d8990fb355,ESM059,462,M1,merged,1,merge,,1;20;35,,,
m0146,4fc6ca50b7b51c5b7f98512adca3c679,ESM060,410,M1,merged,1,merge,,1;20;35,,,
m0453,f2e235a71b5ce3ac861bb6b70e9c8fef,ESM061,346,M1,merged,1,merge,,1;20;35,,,
m0257,8c0f8f5d213b7906c63a5fb5aa82b750,ESM062,465,M1,merged,1,merge,,1;20;35,,,
m0228,7d398f96d8a77630de8a9da0c6635b29,ESM064,401,M1,merged,1,merge,,1;20;35,,,
m0100,38977381259c624bdcec8191c6717c7a,ESM065,323,M1,merged,1,merge,,1;20;35,,,
m0468,fbdf1fd8bb136bc1f27b76dfedecd095,ESM069,443,M1,merged,1,merge,,1;20;35,,,
m0132,499c56dadef662e14b044019d288f152,ESM070,427,M1,merged,1,merge,,1;20;35,,,
m0450,f2230dff660f44612d863d5256b21d66,ESM080,473,M1,merged,1,merge,,1;20;35,,,
m0337,bdf8d7a37e7c86332298115201631ed5,ESM081,402,M1,merged,1,merge,,1;20;35,,,
m0121,440c2c28c74998f465ccf99910827774,ESM082,269,M1,merged,1,merge,,1;20;35,,,
m0202,701849adbc66ce54e28ad407951aee3b,ESM084,424,M1,merged,1,merge,,1;20;35,,,
m0190,6b1009cf128e698e040b3329caa14ce2,ESM090,285,M1,merged,1,merge,,1;20;35,,,
m0049,1801d10ed570ce70933bdbe9f25a34b6,ESM093,279,M1,merged,1,merge,,1;20;35,,,
m0204,706fff86ca9f67473863ad795f5707fc,ESM096,296,M1,merged,1,merge,,1;20;35,,,
m0366,c9ffb681928784046345a8ec3ee7f48b,ESM097,417,M1,merged,1,merge,,1;20;35,,,
m0016,0a552022c4776bbf93ebe23164db0cd0,ESM101,474,M1,merged,1,merge,,1;20;35,,,
m0242,83d0a1b5946039d3d9f242317fa6fb04,ESM121,337,M1,merged,1,merge,,1;20;35,,,
m0390,d5df0a16c2eaa48e8fab4f9997684475,ESM128,299,M1,merged,1,merge,,1;20;35,,,
m0393,d79cf5b4d590dd725f813e9a110c9f14,ESM130,469,M1,merged,1,merge,,1;20;35,,,
m0261,908216a2c74668c66d426a981d0e781f,ESM136,431,M1,merged,1,merge,,1;20;35,,,
m0464,fb2204e84d7a9a86df947cd20e179223,ESM139,339,M1,merged,1,merge,,1;20;35,,,
m0265,93b32d1591ea6472ac216d086e5cbcd0,ESM140,308,M1,merged,1,merge,,1;20;35,,,
m0062,21b9ee3c2d064bd97bf205292edd4e77,ESM144,288,M1,merged,1,merge,,1;20;35,,,
m0452,f2a58e1db1245fbca5aba50020c17682,ESM156,293,M1,merged,1,merge,,1;20;35,,,
m0306,aa5e991d0a1e69991b26163c98de8ec8,ESM157,292,M1,merged,1,merge,,1;20;35,,,
m0371,cbddcdc003933ffe8ee63f00b7c12abf,ESM159,301,M1,merged,1,merge,,1;20;35,,,
m0019,0bed3021f541af53d7f9285ae8d85094,ESM160,296,M1,merged,1,merge,,1;20;35,,,
m0439,ee65196da3cdd70d808c0f9ce2241ace,ESM167,309,M1,merged,1,merge,,1;20;35,,,
m0128,482a4e9fd90b37223b8f0f81a2d54eea,ESM169,299,M1,merged,1,merge,,1;20;35,,,
m0418,e525d1329e534ccfe83308865ef3fa06,ESM173,449,M1,merged,1,merge,,1;20;35,,,
m0198,6e80f2f31cbe7bc9184caed2bea23776,ESM177,290,M1,merged,1,merge,,1;20;35,,,
m0111,3ed7551a77d0f6098185c1af7d8c8385,ESM186,303,M1,merged,1,merge,,1;20;35,,,
m0361,c627badfbdd42acfa7664595a681b789,F7IX06,300,M1,merged,0,,1,1;20;35,3.40.50.1820,,
m0054,1b0d2c147b96bad033703fb124a50764,G9BY57,293,M1,merged,0,,1,1;20;35,3.40.50.1820,,
m0142,4dfca93c424da8986ee3fb484d868de2,GBD22443,293,M1,merged,0,,1,1;20;35,3.40.50.1820,,
m0215,761f31759bb5d73ea55282d40c050c2e,H6WX58,262,M1,merged,0,,1,1;20;35,3.40.50.1820,,
m0304,aa1b463709fa62d66034d00d46f2bb52,HG-5,313,M1,merged,1,merge,,1;20;35,,,
m0001,004af9e9b29cb7a99eee6d96edfaabcd,HP,280,M1,merged,1,merge,,1;20;35,,,
m0099,37caf8c38d262f6d271a5e7c422d4423,JGI20132J14458_10325381,257,M1,merged,0,,1,1;20;35,3.40.50.1820,,
m0382,d357a79e14b6376e4d3557864252bfe8,JN129499.1,319,M1,merged,0,,1,1;20;35,3.40.50.1820,,
m0290,a0445e5a5b156ccfedc088c49acfd84a,JN129500.1,301,M1,merged,0,,1,1;20;35,3.40.50.1820,,
m0356,c48ea13e3b7c4343a47482e71c9b2abe,JzSedJan11_10004914,263,M1,merged,0,,1,1;20;35,3.40.50.1820,,
m0205,710f4592bfa0115da9f3500092b3518f,KU695573,307,M1,merged,0,,1,1;20;35,3.40.50.1820,,
m0435,ec1108b84e036f58c2b72e2c1fcd594e,KaPETase,286,M1,merged,1,merge,,1;20;35,,,
m0149,52ac6083b4c7d6faf903f936007224d2,KbPETase,270,M1,merged,1,merge,,1;20;35,,,
m0442,eeae01ba76427bc51c141cb43ccba7fd,Kubu-P,288,M1,merged,1,merge,,1;20;35,,,
m0333,bc7a038f9383a1c9351ad53e8f89a243,MEC8523093.1,292,M1,merged,0,,1,1;20;35,3.40.50.1820,,
m0076,2b913d598a604cd64df1b67d929b5d6f,MG8,307,M1,merged,1,merge,,1;20;35,,,
m0471,fd6fe4eecb575bbb51d49f121a523532,Mipa-P,294,M1,merged,1,merge,,1;20;35,,,
m0469,fcafc8f695c58e71718b19c1a7c315ba,N20M5AZM016,258,M1,merged,0,,20,1;20;35,3.40.50.1820,,
m0047,174ba911d73b1edc801c52651ec17efd,ODU60407.1,305,M1,merged,0,,1,1;20;35,3.40.50.1820,,
m0472,fe08eef9c8f87d7d57af2914ff906b14,OK558824,316,M1,merged,0,,1,1;20;35,3.40.50.1820,,
m0044,15938ddd57d7448aa110a9139193c91b,OK558825,307,M1,merged,0,,1,1;20;35,3.40.50.1820,,
m0193,6c92a78329d5a05cad38caf62075d747,P19833,319,M1,merged,0,,1,1;20;35,3.40.50.1820,,
m0446,f00445f8b289d0164aff442192f24187,PC3,292,M1,merged,1,merge,,1;20;35,,,
m0475,fe354046ad936ac3305fe124cc0c4bcc,PC4,309,M1,merged,1,merge,,1;20;35,,,
m0310,adfd257d774083524a52123058ec51d1,PC5,307,M1,merged,1,merge,,1;20;35,,,
m0278,9a2d32901525985492563aa339b79812,PC6,300,M1,merged,1,merge,,1;20;35,,,
m0285,9c6726c69068e8abf43de5f7f465e825,PC8,303,M1,merged,1,merge,,1;20;35,,,
m0018,0b490a6d93d67b0ebb2d6cd3d80f9d9a,PET93,434,M1,merged,1,merge,,1;20;35,,,
m0252,88d5d5ad4f13b7f9976990ed82e5489d,PET94,433,M1,merged,1,merge,,1;20;35,,,
m0168,5e9df7f0c5b6442f1239982caf867978,PHL-7,267,M1,merged,1,merge,,1;20;35,,,
m0332,bb60668c33aefeacbb320f1a972407e4,PmC,280,M1,merged,1,merge,,1;20;35,,,
m0213,75b2b72259a73dea11dea49d5062379d,PpPETase,298,M1,merged,1,merge,,1;20;35,,,
m0409,e0db2a4f62c16fd0850cb05f28dbe103,R4YKL9_OLEAN,310,M1,merged,0,,1,1;20;35,3.40.50.1820,,
m0341,c0173ba184ddb729e7ef9122ecff0145,RGD93181,270,M1,merged,0,,1,1;20;35,3.40.50.1820,,
m0206,71d88f44c8ddca8715a62d0d30305df5,RLI42440.1,262,M1,merged,0,,1,1;20;35,3.40.50.1820,,
m0040,14a5c3e1584a0ee2518f18810a7fed98,RLT92980.1,269,M1,merged,0,,1,1;20;35,3.40.50.1820,,
m0043,1545cf731ea10ee62b256807199e37d8,RLU00646.1,312,M1,merged,0,,1,1;20;35,3.40.50.1820,,
m0002,00855c73c087597a6c69fa2b114d731e,SAY37579.1,260,M1,merged,0,,1,1;20;35,3.40.50.1820,,
m0264,925eaa1d8c145880ff409530b973e7fe,SAY37582.1,260,M1,merged,0,,1,1;20;35,3.40.50.1820,,
m0424,e6c1800b97f5f0184a1dd73540deb95a,SAY37583.1,259,M1,merged,0,,1,1;20;35,3.40.50.1820,,
m0307,aaa9786d473a7eb02349e757ab50352c,SAY37584.1,257,M1,merged,0,,1,1;20;35,3.40.50.1820,,
m0021,0c75d9f81ae52914a609ec24d4c68ea2,SAY37587.1,257,M1,merged,0,,1,1;20;35,3.40.50.1820,,
m0457,f5ac2c525370f659e6c1b4fc71e16ce1,SAY37589.1,257,M1,merged,0,,1,1;20;35,3.40.50.1820,,
m0039,1361228bf3f1c19ea8214555076414a7,SHM40309.1,299,M1,merged,0,,1,1;20;35,3.40.50.1820,,
m0195,6cfa5991a1358a2618da129bb29a2d1c,SUD16364.1,298,M1,merged,0,,1,1;20;35,3.40.50.1820,,
m0003,009e600d3a7df316a22764026a76e2bc,ScPETase,300,M1,merged,1,merge,,1;20;35,,,
m0447,f0c7dd480618fe5d7346e71180cd108d,TEP010,432,M1,merged,1,merge,,1;20;35,,,
m0096,3553b7c612834728bae59c60af19fbda,TEP014,300,M1,merged,1,merge,,1;20;35,,,
m0388,d5a5677d777e4a427d908bb7cedd98df,TEP024,455,M1,merged,1,merge,,1;20;35,,,
m0004,010991495537828f0796c93512058d2e,TEP037,259,M1,merged,1,merge,,1;20;35,,,
m0088,3195c72d9a6cc23e6a918505eb460744,TEP041,266,M1,merged,1,merge,,1;20;35,,,
m0048,17cf0142a842915adf56bd16d1f70336,TEP054,437,M1,merged,1,merge,,1;20;35,,,
m0432,eba0373101b5f637e985de667b0b86e7,TEP061,296,M1,merged,1,merge,,1;20;35,,,
m0081,2d321d769e7c7464a135d954c2a9a866,TEP067,309,M1,merged,1,merge,,1;20;35,,,
m0248,8665fb3ab4a93730539cbcef27fe971c,TEP083,325,M1,merged,1,merge,,1;20;35,,,
m0013,073f8bc76f09e2183891c86f93e05b7d,TEP091,284,M1,merged,1,merge,,1;20;35,,,
m0061,21529d199ac34be22c7967f66af4194b,TEP092,472,M1,merged,1,merge,,1;20;35,,,
m0315,b2964719fb8ec22dc054cd79f0d5be48,TEP097,455,M1,merged,1,merge,,1;20;35,,,
m0113,4101ed79233a5b5898733d86311407b2,TEP101,301,M1,merged,1,merge,,1;20;35,,,
m0110,3ecb425bded1a0f79d8f0e0d110588f5,TEP102,432,M1,merged,1,merge,,1;20;35,,,
m0119,4372f68d441785c9d134905aed4aae6b,TEP103,293,M1,merged,1,merge,,1;20;35,,,
m0014,07624194bbcd6bf29fe626de86e9ca46,TEP105,295,M1,merged,1,merge,,1;20;35,,,
m0336,bdd9d6d45144ac9284029bc832a33641,TEP109,307,M1,merged,1,merge,,1;20;35,,,
m0175,62f7546aebcb1a559748d086de6571e6,TEP111,424,M1,merged,1,merge,,1;20;35,,,
m0274,96377f7c445eeaa275813b1b600057b4,TEP163,418,M1,merged,1,merge,,1;20;35,,,
m0207,7269cc72c4e11c63f64df5c2d937af35,TEP164,403,M1,merged,1,merge,,1;20;35,,,
m0459,f78eb617d08e5260c3365650f70fcad8,TEP165,442,M1,merged,1,merge,,1;20;35,,,
m0262,919d07e2ff9f6934831419a4fee7cec4,TEP168,449,M1,merged,1,merge,,1;20;35,,,
m0363,c87e1883782cb8f461fcd4586e8cd500,TEP178,287,M1,merged,1,merge,,1;20;35,,,
m0154,55c56bf6f40cb5a2497253d78cfe7803,TEP181,421,M1,merged,1,merge,,1;20;35,,,
m0323,b58a47b76cafd61a000f8498a34fd166,TEP189,242,M1,merged,1,merge,,1;20;35,,,
m0386,d45af0ae492f2a5ff717aac22e783527,TEP194,277,M1,merged,1,merge,,1;20;35,,,
m0050,1825599eda3fb3a78763126d00597799,TfH,261,M1,merged,1,merge,,1;20;35,,,
m0301,a5e57aa9699b655bb23f42f50c4debb3,W0TJ64,304,M1,merged,0,,1,1;20;35,3.40.50.1820,,
m0380,d1aa8fa7800d986fee5acab07614bd0d,WAU86704.1,263,M1,merged,0,,1,1;20;35,3.40.50.1820,,
m0305,aa2b99b06ee80b2a22d650e6f32f1c1e,WOR09923,257,M1,merged,0,,1,1;20;35,3.40.50.1820,,
m0161,5a880c3b46d61fb2b4fa713a243c511a,WP_010659881.1,352,M1,merged,0,,35,1;20;35,3.40.50.1820,,
m0293,a0904c35f59716a292ebfca5adfcbc0e,WP_013858543.1,254,M1,merged,0,,1,1;20;35,3.40.50.1820,,
m0426,e6cfd2897ec399a6f1d3ec1c6a98cdb7,WP_039353427,366,M1,merged,0,,1,1;20;35,3.40.50.1820,,
m0392,d78ca54fff3eddbc5a27aec8c337f94f,WP_058088494.1,279,M1,merged,0,,1,1;20;35,3.40.50.1820,,
m0037,1197ee1b96f74dd16a31dad1ba334c46,WP_062195544.1,292,M1,merged,0,,1,1;20;35,3.40.50.1820,,
m0091,325634c8b48334249f0532c897258e2e,WP_068824797.1,297,M1,merged,0,,1,1;20;35,3.40.50.1820,,
m0443,ef08656ab980fbd8c17fe79b6060a681,WP_078759821.1,311,M1,merged,0,,1,1;20;35,3.40.50.1820,,
m0184,677a11fa0e32fbd01338ba6d30fc718b,WP_082414832.1,302,M1,merged,0,,1,1;20;35,3.40.50.1820,,
m0056,1e1f498fae0e6d56fb87a52a1fef96ff,WP_083947829.1,284,M1,merged,0,,1,1;20;35,3.40.50.1820,,
m0089,31e8cee08e99636ef7d35f9f5457bb57,WP_085749238.1,279,M1,merged,0,,1,1;20;35,3.40.50.1820,,
m0404,de58930843f53b731bc34d03f729488d,WP_090538641.1,304,M1,merged,0,,1,1;20;35,3.40.50.1820,,
m0145,4f68c367317a6c09df48faffc017ad9e,WP_093412886.1,293,M1,merged,0,,1,1;20;35,3.40.50.1820,,
m0444,ef0ce8fcf0fe89871330b7d41cec0e7b,WP_101893509.1,283,M1,merged,0,,1,1;20;35,3.40.50.1820,,
m0410,e125fba23d29946317aa25973b8c03cb,WP_104613137.1,301,M1,merged,0,,1,1;20;35,3.40.50.1820,,
m0115,41ec3fae20c0008c7ca666cd96974233,WP_107095481.1,310,M1,merged,0,,1,1;20;35,3.40.50.1820,,
m0313,afb025038508228d84d2fe8c130d5d14,WP_111881932,364,M1,merged,0,,1,1;20;35,3.40.50.1820,,
m0465,fb68a33e966a9f713281583d4f5d357b,WP_117215036.1,434,M1,merged,0,,1,1;20;35,3.40.50.1820,,
m0377,d03a36b0671215d716f1df2ade24268f,WP_118011433,259,M1,merged,0,,1,1;20;35,3.40.50.1820,,
m0066,25535d4836a01c7d3cc4bbeba3c18437,XCO66867,286,M1,merged,0,,1,1;20;35,3.40.50.1820,,
m0083,2ddc62c97241531aed04530538ae54d8,XDS72785.1,282,M1,merged,0,,1,1;20;35,3.40.50.1820,,
m0224,7acde97244b13e14de682a6f3f3def1e,YNP18_240440,258,M1,merged,0,,1,1;20;35,3.40.50.1820,,
m0273,9610434481ec16c88506a703693f96ab,YNPsite05_CeleraDRAFT_401410,380,M1,merged,0,,1,1;20;35,3.40.50.1820,,
m0474,fe31253f406d9725da382e4a9e67d782,YNPsite06_CeleraDRAFT_160970,456,M1,merged,0,,1,1;20;35,3.40.50.1820,,
m0201,6f5b887d3833e9449f06aac8cfc2e5d6,YNPsite06_CeleraDRAFT_367810,495,M1,merged,0,,1,1;20;35,3.40.50.1820,,
m0126,46e18f09ca1ffe3e4eda0f6cae364c1e,A0A080NJE8,734,28,inherited,0,,28,,3.40.50.1820,,
m0462,f972c4fe64b984d09a783a3fcdfb3199,Q0K9H3,718,28,inherited,0,,28,,3.40.50.1820,,
m0036,11448cbf80389c1a758d8dfcba90907c,A0A1E1FNX8,215,26,inherited,0,,26,,3.40.50.1820,,
m0009,067e281972e92f24fb345ef6c8870caa,APJ12152.1,215,26,inherited,0,,26,,3.40.50.1820,,
m0372,cbe6e6c036ad8643698609d6a197ff5d,Q83VDO,201,26,inherited,0,,26,,3.40.50.1820,,
m0165,5c6047089b459f01b0f48bd717dcdfc0,TGL,213,26,inherited,1,join,,,,,
m0286,9c7dbb673a1f18286b846d8354918b3d,A0A1S6Q8F9,681,15,inherited,0,,15,,NA,,
m0012,073907a632be32c5b92c8381c4de0c90,LC073705,679,15,inherited,0,,15,,NA,,
m0246,84ba28218df106867af936d87aba63b4,Q7X0P3,678,15,inherited,0,,15,,NA,,
m0017,0ac767e72406f2fc0cf50fd9008e6f16,A0A291HVH1,385,21,inherited,0,,21,,3.40.50.1820,,
m0347,c119a9b5c297563dbef710cd0dfbaa94,P00780,379,21,inherited,0,,21,,3.40.50.1820,,
m0105,3ccbadd7e660120a138f6df238b1b9ae,P06873,384,21,inherited,0,,21,,3.40.50.1820,,
m0352,c2dc98ad498bf96179a52733ac69516e,P29599,269,21,inherited,0,,21,,3.40.50.1820,,
m0150,5353a76b2d62b148881304e276a3a0e0,P29600,269,21,inherited,0,,21,,3.40.50.1820,,
m0127,476b1b64d6172e51befe003e4e5d70cb,PAM,386,21,inherited,1,join,,,,,
m0355,c481f69d5a5519d8ed15b1c1254b764d,Subtilisin SubC,379,21,inherited,1,join,,,,,
m0124,462d8720dba9f954496a198bf18ce71c,serineprotease,386,21,inherited,1,join,,,,,
m0330,b9431762171b80707139661059a4d5f3,A0A2I2K6T5,295,23,inherited,0,,23,,3.40.50.1820,,
m0329,b8d2efe3a6d76dcf58f691a374d528ed,ADH43200.1,489,23,inherited,0,,23,,3.40.50.1820,,
m0405,de7fd3cae353ad8fabd922f83140376c,AKJ87216,322,23,inherited,0,,23,,3.40.50.1820,,
m0403,de5188fe17cc9552eecfc6b69179e19d,ALS54749.1,520,23,inherited,0,,23,,3.40.50.1820,,
m0415,e49911a7e5738e9056e9fb9c5a9aa7ae,BAA76305.1,548,23,inherited,0,,23,,3.40.50.1820,,
m0311,ae6cbacf6d3d769dff0a3b8f7cedca64,CRL,538,23,inherited,1,join,,,,,
m0035,1101bda63c95a021aad8d9924dfba646,Chath_Est1,528,23,inherited,1,join,,,,,
m0473,fe1766a388c03c1e83be5dd8c749ba4b,L0EF70,508,23,inherited,0,,23,,3.40.50.1820,,
m0448,f0ef5b5426c1171b0f229df593d4d810,P20261,549,23,inherited,0,,23,,3.40.50.1820,,
m0174,61d801881a590b1495fd2352c700c042,TA21,352,23,inherited,1,join,,,,,
m0156,572db808330016b2e517a2e6db0d8477,UNZ81746,314,23,inherited,0,,23,,3.40.50.1820,,
m0176,63f3bcdf9d4e41b30836917c8f069d43,UNZ81748,318,23,inherited,0,,23,,3.40.50.1820,,
m0458,f768e32a79d0b17b006886911c31b36d,WID88783.1,462,23,inherited,0,,23,,3.40.50.1820,,
m0258,8f7ceab2fc48801f9eff4ec96dd6b2b3,WP_041847557.1,491,23,inherited,0,,23,,3.40.50.1820,,
m0074,2aefc1d9f667923f2f590677c9bd72d3,YNP6_02150,565,23,inherited,0,,23,,3.40.50.1820,,
m0064,23af3c0ada6021e4452780933588e6da,YNPsite06_CeleraDRAFT_263770,613,23,inherited,0,,23,,3.40.50.1820,,
m0159,586a335986f45e096f6ca073737678a5,A0A7W8QII1,344,9,inherited,0,,9,,3.60.70.12,,
m0254,8a27f08047aeded2e90bf33e519d6d59,A0A840P940,332,9,inherited,0,,9,,3.60.70.12,,
m0308,aaede276fbd61767d03028e2d193d5a7,KQR39103,340,9,inherited,0,,9,,3.60.70.12,,
m0434,ebd22bc012fd6e181f43bc728b85dc79,NYLC_FLASK,355,9,inherited,0,,9,,3.60.70.12,,
m0253,89a542779c863e59d7568848d38bc88c,Nyl04,366,9,inherited,1,join,,,,,
m0406,dea4da8f4f93db0b2277eac7ec3e5196,Nyl10,285,9,inherited,1,join,,,,,
m0220,78f18c1dd8a82d742a0cccc5a0e6a951,Nyl11,343,9,inherited,1,join,,,,,
m0241,837c8cc88d3bee11c34fe65c687d9dcb,Nyl12,328,9,inherited,1,join,,,,,
m0476,fea43b060eb31c4f0bf3beb4b1f9e521,Nyl13,324,9,inherited,1,join,,,,,
m0244,8498b2d8f6b8bed93dff49ed65b14a6a,Nyl14,335,9,inherited,1,join,,,,,
m0057,1fd045e8b65176376e182facc216b772,Nyl16,335,9,inherited,1,join,,,,,
m0122,4413a75f4591f7557a156f377930d8c1,Nyl18,328,9,inherited,1,join,,,,,
m0255,8a8c23e1f5be053cf56566f33d5c2c4f,Nyl25,325,9,inherited,1,join,,,,,
m0288,9ddbfd65b32950166fd96c22ff7b9b51,Nyl29,302,9,inherited,1,join,,,,,
m0282,9b90c9e3ec99c954a957af14f8a6dbfa,Nyl30,325,9,inherited,1,join,,,,,
m0209,73f07a67f93f50ac08de42fd3f33928a,Nyl32,328,9,inherited,1,join,,,,,
m0416,e4d76d3d7e6833a775f7b2770ac87c6b,Nyl34,304,9,inherited,1,join,,,,,
m0011,06ea0302cc54279d54aebaa45774cfe7,Nyl37,311,9,inherited,1,join,,,,,
m0123,443647f8fdd6aeb0fa7cd9fb8076c86d,Nyl39,314,9,inherited,1,join,,,,,
m0440,ee6b0a11b080383c4383a93312d4003e,Nyl40,322,9,inherited,1,join,,,,,
m0441,ee81132e0d2e864d7ce91cabcdfc1cf4,Nyl44,326,9,inherited,1,join,,,,,
m0367,ca075b0d53cbfb1de3c6d2a744a2276c,Nyl45,325,9,inherited,1,join,,,,,
m0060,213f66a13d29726369cc62acb0ec8c5b,Nyl47,287,9,inherited,1,join,,,,,
m0022,0ccba4d53ac83e5437ecd1027cfe4ab8,Nyl50,305,9,inherited,1,join,,,,,
m0277,98b7cab0bd87dc8928ce3d2268c12837,Nyl54,313,9,inherited,1,join,,,,,
m0131,48ba5f056713b1c70f39bd5277e17500,Nyl57,315,9,inherited,1,join,,,,,
m0192,6c8a21cf9b056c70de13236ba6a2c881,Nyl58,342,9,inherited,1,join,,,,,
m0445,ef202661c7e74e69a79dbd3c290e1b5b,Nyl60,325,9,inherited,1,join,,,,,
m0294,a1903a69f23f1f6796d526895436a50c,Nyl63,288,9,inherited,1,join,,,,,
m0179,6479c4b689da748f2cb786f88522f290,Nyl65,318,9,inherited,1,join,,,,,
m0362,c7b8c2c370eec0414f50a51a98586820,Nyl66,342,9,inherited,1,join,,,,,
m0103,3b00f12fd36416ff8790c3e56ebd219c,Nyl68,312,9,inherited,1,join,,,,,
m0034,10f99a34d701d302d6cd789182b6508e,Nyl71,359,9,inherited,1,join,,,,,
m0412,e33e8b6636c423c0a7bb6aea68306978,Nyl72,292,9,inherited,1,join,,,,,
m0070,27b40925ec9dab01a97010da9157f232,Nyl73,319,9,inherited,1,join,,,,,
m0327,b7a63a9cee46bcf4fbdf5b30b67b812f,Nyl74,364,9,inherited,1,join,,,,,
m0463,faf6984f2f1464301a6db7313145d9f3,Nyl82,334,9,inherited,1,join,,,,,
m0324,b60f5228c9d11de0576f0da3088e22d6,Nyl83,361,9,inherited,1,join,,,,,
m0214,760d48b991f3789858295120e590915c,Nyl84,347,9,inherited,1,join,,,,,
m0129,4862c74fdcd52e6437a16fe8f493fc97,Nyl85,302,9,inherited,1,join,,,,,
m0101,39f5ef8b2abbe007e623b9ceb5a0c815,Nyl87,313,9,inherited,1,join,,,,,
m0095,34845c057c0fc493b1f6938327b2a52a,Nyl93,376,9,inherited,1,join,,,,,
m0199,6eeb7b649b01121426a96ddee3c2c007,NylC1,357,9,inherited,1,join,,,,,
m0180,647a8a79005fc7f3a762d4b29e0328ad,NylC2,339,9,inherited,1,join,,,,,
m0259,8f9519fc6a65305fa5d478fdece2fc6f,NylC5,364,9,inherited,1,join,,,,,
m0236,821c28b3e158579536d0795e3661b21a,Q1EPR4,355,9,inherited,0,,9,,3.60.70.12,,
m0321,b48a5e7e77b3b427ca89ac65da361050,Q1EPR5,355,9,inherited,0,,9,,3.60.70.12,,
m0314,b22bccd61057993ecd2ea241ac190b32,TvgC,326,9,inherited,1,join,,,,,
m0340,bfc457646ef92b3c1ed060f134602fba,A4UZ11,419,25,inherited,0,,25,,3.40.50.1820,,
m0275,970357e6455a991c27de46edeee96a39,AB302136; A4UZ10,431,25,inherited,0,,25,,3.40.50.1820,,
m0449,f21de0ea2dcb603946ac9638d3076b59,AKZ20828.1,452,25,inherited,0,,25,,3.40.50.1820,,
m0300,a4cafac901140b6b19f1c384d078b5d5,AKZ20829.1,400,25,inherited,0,,25,,3.40.50.1820,,
m0298,a436d17bdfc2c17a51007a01c569dc7a,EIW29778.1,402,25,inherited,0,,25,,3.40.50.1820,,
m0232,7f7526ac0c7c4c8440ba6812322c88d5,WP_108898452.1,417,25,inherited,0,,25,,3.40.50.1820,,
m0217,77b3eb7d458379633a6175152729a2e8,A4UZ13,283,5,inherited,0,,5,,3.40.50.1820,,
m0023,0ce515d8f0c2a6b72722a127e726b8d7,AB302138; A4UZ12,283,5,inherited,0,,5,,3.40.50.1820,,
m0398,da74b7409b4c0618cc66c7787e557585,AAD22743.1,617,4,inherited,0,,4,,3.40.50.1820,,
m0342,c02edb9924a7f5bcd356a4cb811dd674,AAF01331.1,567,4,inherited,0,,4,,3.40.50.1820,,
m0169,5fa3e19ca90991487c80ed55e34da806,AAF66684.1,451,4,inherited,0,,4,,3.40.50.1820,,
m0025,0d26a77d2ffda03e4582e295927066c6,AAY92471.1,617,4,inherited,0,,4,,3.40.50.1820,,
m0370,cb8ee61f26429b3ce6a175e6f02222ef,AAY92474.2,561,4,inherited,0,,4,,3.40.50.1820,,
m0395,d8bf4c4b8965f1f5509d077b1db637c5,AB302140,338,40,inherited,0,,40,,3.40.50.1820,,
m0326,b6f8363af9f6b89b71da887bdc4c3060,ACD16728.1,316,19,inherited,0,,19,,TBDZ,,
m0338,be7dd8f21d1b03631b329ecc8c66318e,AGT96414.1,390,8,inherited,0,,8,,3.40.710.10,,
m0351,c2610dc7556aacd9a00bede53a3a5ef9,AHG30919.1,414,41,inherited,0,,41,,3.40.710.10,,
m0295,a231cf4880bedee499375b591f4c7cfc,AII11185,516,14,inherited,0,,14,,2.60.40.420,,
m0137,4be16a85172c726f7f8d6dbd2053955f,AII11221,348,14,inherited,0,,14,,2.60.40.420,,
m0234,81a9df90765d3ca5a2dbd97ac8fe0e4f,AKJ87264,421,24,inherited,0,,24,,3.40.50.1820,,
m0349,c1a1ed20efb294068bc8e1483c391d0c,APET-23,326,N1,novel,1,novel,,,,,
m0344,c07da837b710b266f98b045916b5543a,B0FLR6,241,11,inherited,0,,11,,2.40.10.10,,
m0108,3daf95d51a344e67e10dd0832d970bba,PLAase I,245,11,inherited,1,join,,,,,
m0046,167f1e4e4481dfb27bd087d9b3902929,Q75UA4,238,11,inherited,0,,11,,2.40.10.10,,
m0470,fceeefb59ad5e778ca5e914e61d0c945,Trypsin,231,11,inherited,1,join,,,,,
m0182,659a58dc5abc0fd64c7c7e596bb56dd4,B0FY08,364,12,inherited,0,,12,,2.40.10.10,,
m0051,18de7a550936804f8be57fdf26a8e0e3,PLAase III,176,12,inherited,1,join,,,,,
m0383,d39f4e4eb5bc5b5de87a6807337446ec,B2NHN2,339,M27,merged,0,,27,27;30,3.40.50.1820,,
m0173,61a4ab03c350b74dc8e27682811b973f,P94146,635,M27,merged,0,,30,27;30,3.40.50.1820,,
m0030,0ff17ebdb173018728d2219bcd5f4e38,PhaZAfa,488,M27,merged,1,merge,,27;30,,,
m0431,eaea73ed1586531b0f860ec8e714f64e,PhaZcac,494,M27,merged,1,merge,,27;30,,,
m0170,6012a802711a9bb008ee0895a518a5a0,Q51871,433,M27,merged,0,,30,27;30,3.40.50.1820,,
m0055,1dac4ce79e11274c7297487b461232e1,BsMPPE,259,N2,novel,1,novel,,,,,
m0071,2952634441666dbdb22a48ce9cde12c5,CEE00769.1,266,22,inherited,0,,22,,3.40.50.1820,,
m0247,85933cc8711bcbd2db56860adfb2fd54,"Chen, 2024",276,22,inherited,0,,22,,3.40.50.1820,,
m0181,6501b0257cf940e7d8aa9266fd92aaa1,GU116480,283,22,inherited,0,,22,,3.40.50.1820,,
m0229,7d43cc8143961b92bacba0d218fe7818,TA26,321,22,inherited,1,join,,,,,
m0024,0d1c7296209804664d2da95c23eea089,CYP450,503,N3,novel,1,novel,,,,,
m0147,512b62a8993ab9e45d25bcdfa650b798,E4,191,17,inherited,1,join,,,,,
m0135,4b50fcb2d78d50a7f5693abba7e356b1,W6R2Y2,201,17,inherited,0,,17,,TBDX,,
m0287,9d30a8d3a59a8932a82976151ee0fdf1,GxsBSedJan11_10251181,335,35b,split,0,,35,,3.40.50.1820,,
m0053,198d14bb37149debc526a3f90e777956,H6N162,407,16,inherited,0,,16,,NA,,
m0107,3d98c4ffc15561968b8fbb11d2ed071a,H6N4Z1,388,16,inherited,0,,16,,NA,,
m0299,a4c818ade03b8dd4ac34b64a7842f3ec,LCP_STRK3,397,16,inherited,1,join,,,,,
m0148,51637a74ae9efe92560e94b5e2bc6178,Lcp1,410,16,inherited,1,join,,,,,
m0429,e9d33ca1cec72c417998b92e1bde3263,Lcp2,409,16,inherited,1,join,,,,,
m0271,95d1e9d1e5c89ada66637cb1f2c7e05e,MT664881,410,16,inherited,0,,16,,NA,,
m0185,67b4409cf7dfe74bbb08798733600bfc,MT664882,407,16,inherited,0,,16,,NA,,
m0006,024678fb7e5f5a204647fd2d1e393aab,Q3L8N0,407,16,inherited,0,,16,,NA,,
m0087,316e87e4b339708fb285d715f460c8d2,lcp1,406,16,inherited,1,join,,,,,
m0041,14c85d0adef7eb6df5a6ed35c4a73ba8,lcp2,402,16,inherited,1,join,,,,,
m0345,c08f82b42046b09e9b8187331726a4f0,lcp3,399,16,inherited,1,join,,,,,
m0094,342ff8b50fc233be7b68dc6cd032d5a7,KP347755.1,411,18,inherited,0,,18,,TBDY,,
m0359,c5c958d03feed023c70aead575ffd575,LIPB_PSEA2,342,7,inherited,0,,7,,3.40.50.1820,,
m0402,dd7528addd91f972769d7e42c16b53cd,MnP,378,N4,novel,1,novel,,,,,
m0436,ec89fcce3f831d4efa72c84c4ac889ee,NYLB_FLASK,392,42,inherited,0,,42,,3.40.710.10,,
m0421,e58fe1dc5273be59865137941bcdaa35,NylB',392,42,inherited,1,join,,,,,
m0227,7d1184184e0086123cd94070ab861eb2,Nepenthesin-1,437,N5,novel,1,novel,,,,,
m0276,9779282f44f5947a072f15c26945d21a,O82950,576,29,inherited,0,,29,,3.40.50.1820,,
m0166,5cee52f57ef4e114863f6926cabdca90,PA4-degrading enzyme,716,N6,novel,1,novel,,,,,
m0365,c96dbeb66cbc47f7911296f991cdfb8d,Q0JYJ1,365,31,inherited,0,,31,,3.40.50.1820,,
m0134,4b02a9379189f4f3f4a6d2b07ad427c9,Q0JZG9,362,31,inherited,0,,31,,3.40.50.1820,,
m0090,32320ea9636947aaaa29de601c9a9fa4,Q0K2G9,407,3,inherited,0,,3,,3.40.50.1820,,
m0454,f3019f8a82e15ef9ac9ed61f6a611c97,Q0K4D5,412,3,inherited,0,,3,,3.40.50.1820,,
m0256,8b6e9ddd1da10e1d0d3c47e2aeaaba85,Q0K7T2,404,3,inherited,0,,3,,3.40.50.1820,,
m0069,263b6d9cf1f73ddee6c8d0410fdaf229,Q0KCI0,419,3,inherited,0,,3,,3.40.50.1820,,
m0116,426c9c3680fe7091b7e6f1c7a0f7e7d3,Q7WXF6,245,3,inherited,0,,3,,3.40.50.1820,,
m0042,15317ec096461afae2a6111e17b27633,Q0KBZ6,293,33,inherited,0,,33,,3.40.50.1820,,
m0309,ab6b2d53513cc127c20db4ff15e7a322,Q0VLQ1,305,32,inherited,0,,32,,3.40.50.1820,,
m0151,546363f6f7e62663a681aa0546a7c08c,TA29,296,32,inherited,1,join,,,,,
m0210,7452d6761b99d133be32ee4b17239cd1,Q6N9M9; RPA1511,295,6,inherited,0,,6,,3.40.50.1820,,
m0015,085add734f10d1917f9638347ab618d2,Q939Q9,380,34,inherited,0,,34,,3.40.50.1820,,
m0038,12efbdad63de5275909365067113db41,UNZ81747,455,43,inherited,0,,43,,3.40.710.10,,
m0068,263a6865371a5e0924e53280192fa035,WP_034767800.1,240,36,inherited,0,,36,,3.40.50.1820,,
m0422,e5a559b306f8a40b94d6844216b41307,WP_041846030.1,256,37,inherited,0,,37,,3.40.50.1820,,
m0139,4c93b29cd359ce02e9f06d853bb00619,WP_085690612,218,38,inherited,0,,38,,3.40.50.1820,,
m0063,228edba5269227f472a446139a646369,WP_108898647.1,249,39,inherited,0,,39,,3.40.50.1820,,
m0237,829800eec935d841bf6bcc8772be89b2,porcine pancreatic lipase,112,N7,novel,1,novel,,,,,
