node_id	sequence_md5	identifier	identifier_all	accession	accession_all	enzyme_name	enzyme_name_all	organism	pazy_id	pazy_id_all	sequence_length	n_source_rows	v1_component	cath
v001	df38ea060b5dad0dfc9a593e4dce333c			A0A0K8P6T7	A0A0K8P6T7	PETase	PETase	Ideonella sakaiensis 201-F6			290	1	1	3.40.50.1820
v002	553239996e512830a1db6b67fb4aa1c7			7NEI_A/B; 7CUV_A; MBO2503201.1; SAY37592.1	7NEI_A/B; 7CUV_A; MBO2503201.1; SAY37592.1	PHL-7; PES-H1; PES-H2	PHL-7; PES-H1; PES-H2	Thermoanaerobacter sp.			259	1	1	3.40.50.1820
v003	9610434481ec16c88506a703693f96ab			YNPsite05_CeleraDRAFT_401410	YNPsite05_CeleraDRAFT_401410	Enzyme 202	Enzyme 202	Chloroflexus sp. MS-G			380	1	1	3.40.50.1820
v004	4307017d78508de526bb8422be94a4c4			A4W93_05950	A4W93_05950	EstB	EstB	Pseudomonas sp. strain 9.2			292	1	1	3.40.50.1820
v005	95b8c354124ce6fc0e73869c1285b609			ACY95991.1	ACY95991.1	Tcur0390	Tcur0390	Thermobifida curvata DSM43183			292	1	1	3.40.50.1820
v006	be8748feeb335dbb23ea57c0ca66828f			D1A9G5	D1A9G5	Tcur_1278	Tcur_1278	Thermobifida curvata DSM43183			289	1	1	3.40.50.1820
v007	c4c87c36c70a8f1b15d4f8d38155f609			ADK73612	ADK73612	PLE629	PLE629	Marinobacter sp.			302	1	1	3.40.50.1820
v008	10d87dbad4c4c7bfd7d5c331cef5b9ce			ADM47605.1	ADM47605.1	Enzyme 702	Enzyme 702	Thermobifida fusca			262	1	1	3.40.50.1820
v009	c3b10fec34299e75939e57d3458275fe			E8U721	E8U721	PET1; DmPETase	PET1; DmPETase	Deinococcus maricopensis DSM 21211			315	1	1	3.40.50.1820
v010	5e3a225d0c4dad34e74078ea45904b70			E9LVH7	E9LVH7	Tha_Cut1; cut1	Tha_Cut1; cut1	Thermobifida alba DSM43185			262	1	1	3.40.50.1820
v011	e65e54bed8b506d0ddf1f5164bf29425			ADV92526.1	ADV92526.1	-	-	Thermobifida cellulosilytica DSM44535			262	1	1	3.40.50.1820
v012	46578a460f23e13d1ebe0b0ebf887282			ADV92571	ADV92571	Thc_Cut2	Thc_Cut2	Thermobifida cellulosilytica DSM44535			262	1	1	3.40.50.1820
v013	7290711b3d888830a61b777dcd01df5d			E9LVI0_THEFU	E9LVI0_THEFU	TfH42_Cut1	TfH42_Cut1	Thermobifida fusca DSM44342			262	1	1	3.40.50.1820
v014	d357a79e14b6376e4d3557864252bfe8			JN129499.1	JN129499.1	Cut1	Cut1	Thermobifida fusca NRRL B-8184			319	1	1	3.40.50.1820
v015	a0445e5a5b156ccfedc088c49acfd84a			JN129500.1	JN129500.1	Cut2	Cut2	Thermobifida fusca NRRL B-8184			301	1	1	3.40.50.1820
v016	761f31759bb5d73ea55282d40c050c2e			H6WX58	H6WX58	Thh_Est	Thh_Est	Thermobifida halotolerans			262	1	1	3.40.50.1820
v017	d67ede223c06bbb9c7903735558b4123			AGT96415	AGT96415	MGS0109 (KC986401)	MGS0109 (KC986401)	Marine metagenome			314	1	1	3.40.50.1820
v018	9b361d2c16557499693210de2a8a01b4			A0A0G3BI90_9BURK	A0A0G3BI90_9BURK	PET6; BSQ33_03270	PET6; BSQ33_03270	Vibrio gazogenes			298	1	1	3.40.50.1820
v019	710f4592bfa0115da9f3500092b3518f			KU695573	KU695573	PpCutA; PoCut	PpCutA; PoCut	Pseudomonas oleovorans DSM 50188			307	1	1	3.40.50.1820
v020	10e219e71a25db666947cbd3afc63123			A0A1Z2SIQ1_VIBGA	A0A1Z2SIQ1_VIBGA	PET5; LipA	PET5; LipA	Oleispira antarctica RB-8			298	1	1	3.40.50.1820
v021	a9bad1df9172c94be6b225bd32b6bd1d			BAB86909	BAB86909	PbsA	PbsA	Acidovorax delafieldii Strain BS-3			304	1	1	3.40.50.1820
v022	2b9fd2b29499ad2d285db6505328e11d			BAI99230	BAI99230	Est1; Enzyme 708	Est1; Enzyme 708	Thermobifida alba AHK119			296	1	1	3.40.50.1820
v023	c627badfbdd42acfa7664595a681b789			F7IX06	F7IX06	Est119; Est2	Est119; Est2	Thermobifida alba AHK119			300	1	1	3.40.50.1820
v024	a5e57aa9699b655bb23f42f50c4debb3			W0TJ64	W0TJ64	Cut190	Cut190	Saccharomonospora viridis AHK190			304	1	1	3.40.50.1820
v025	cae1f0e206dd5d377dbfb013f72cd60c			AJ810119	AJ810119	BTA-2; TfH	BTA-2; TfH	Thermobifida fusca DSM43793			301	1	1	3.40.50.1820
v026	cf88b3e711edffd341ba052fb3365c25			E5BBQ3_THEFU	E5BBQ3_THEFU	TfCut_2; Cut-2.kw3	TfCut_2; Cut-2.kw3	Thermobifida fusca			261	1	1	3.40.50.1820
v027	2b9fd2b29499ad2d285db6505328e11d			D4Q9N1	D4Q9N1	Est1	Est1	Thermobifida alba AHK119			296	1	1	3.40.50.1820
v028	e5571e8fd143e90bd5db0ca52ce67226			DAC80635	DAC80635	SM14; SM14est	SM14; SM14est	Streptomyces sp.			284	1	1	3.40.50.1820
v029	4d6c690dd47d3941954de2c9d2abaf2f			E5BBQ2	E5BBQ2	TfCut_1; Cut-1.kw3	TfCut_1; Cut-1.kw3	Thermobifida fusca			319	1	1	3.40.50.1820
v030	e65e54bed8b506d0ddf1f5164bf29425			E9LVH8	E9LVH8	Thc_cut1	Thc_cut1	Thermobifida cellulosilytica			262	1	1	3.40.50.1820
v031	46578a460f23e13d1ebe0b0ebf887282			E9LVH9	E9LVH9	Thc_cut2	Thc_cut2	Thermobifida cellulosilytica			262	1	1	3.40.50.1820
v032	6435b353e1e02d2f720bc95ef5cb13af			EGD44994.1	EGD44994.1	Enzyme 503 like	Enzyme 503 like	Nocardioidaceae bacterium			294	1	1	3.40.50.1820
v033	1b0d2c147b96bad033703fb124a50764			G9BY57	G9BY57	HRB29-GBD22443 like	HRB29-GBD22443 like	LCC leaf compost metagenome			293	1	1	3.40.50.1820
v034	4dfca93c424da8986ee3fb484d868de2			GBD22443	GBD22443	LCC-like	LCC-like	HR29			293	1	1	3.40.50.1820
v035	fe31253f406d9725da382e4a9e67d782			YNPsite06_CeleraDRAFT_160970	YNPsite06_CeleraDRAFT_160970	Enzyme 214 like	Enzyme 214 like	Metagenome			456	1	1	3.40.50.1820
v036	e0db2a4f62c16fd0850cb05f28dbe103			R4YKL9_OLEAN	R4YKL9_OLEAN	PETase	PETase	Oleispira antarctica			310	1	1	3.40.50.1820
v037	c48ea13e3b7c4343a47482e71c9b2abe			JzSedJan11_10004914	JzSedJan11_10004914	Enzyme 211 like	Enzyme 211 like	Metagenome			263	1	1	3.40.50.1820
v038	6f5b887d3833e9449f06aac8cfc2e5d6			YNPsite06_CeleraDRAFT_367810	YNPsite06_CeleraDRAFT_367810	Enzyme 301 like	Enzyme 301 like	Metagenome			495	1	1	3.40.50.1820
v039	37caf8c38d262f6d271a5e7c422d4423			JGI20132J14458_10325381	JGI20132J14458_10325381	Enzyme 307 like	Enzyme 307 like	Metagenome			257	1	1	3.40.50.1820
v040	bc7a038f9383a1c9351ad53e8f89a243			MEC8523093.1	MEC8523093.1	dsPETase05	dsPETase05	Pseudomonadota bacterium			292	1	1	3.40.50.1820
v041	174ba911d73b1edc801c52651ec17efd			ODU60407.1	ODU60407.1	Enzyme 412	Enzyme 412	Ketobacter alkanivorans			305	1	1	3.40.50.1820
v042	604018ae8af9058028c669f8ed8de020			A0A1F4JXW8	A0A1F4JXW8	ApLip-Ec	ApLip-Ec	Aquabacterium parvum			426	1	1	3.40.50.1820
v043	6c92a78329d5a05cad38caf62075d747			P19833	P19833	PaCut	PaCut	Pseudomonas alcaligenes			319	1	1	3.40.50.1820
v044	a0445e5a5b156ccfedc088c49acfd84a			Q47RJ6_THEFY	Q47RJ6_THEFY	WSH03-11; Tfu_0883	WSH03-11; Tfu_0883	Thermobifida fusca YX			301	1	1	3.40.50.1820
v045	d357a79e14b6376e4d3557864252bfe8			Q47RJ7_THEFY	Q47RJ7_THEFY	WSH03-11; Tfu_0882	WSH03-11; Tfu_0882	Thermobifida fusca YX			319	1	1	3.40.50.1820
v046	a0445e5a5b156ccfedc088c49acfd84a			Q6A0I4	Q6A0I4	BTA-1; TfH	BTA-1; TfH	Thermobifida fusca DSM43793			301	1	1	3.40.50.1820
v047	a9bad1df9172c94be6b225bd32b6bd1d			Q8RR62	Q8RR62	CtPL; Enzyme 504	CtPL; Enzyme 504	Caldimonas taiwanensis+D57			304	1	1	3.40.50.1820
v048	c0173ba184ddb729e7ef9122ecff0145			RGD93181	RGD93181	HG-3	HG-3	Clostridiales bacterium AM23-16LB			270	1	1	3.40.50.1820
v049	71d88f44c8ddca8715a62d0d30305df5			RLI42440.1	RLI42440.1	PET46	PET46	Candidatus Bathyarchaeota archaeon			262	1	1	3.40.50.1820
v050	14a5c3e1584a0ee2518f18810a7fed98			RLT92980.1	RLT92980.1	Enzyme 403	Enzyme 403	Ketobacter sp.			269	1	1	3.40.50.1820
v051	1545cf731ea10ee62b256807199e37d8			RLU00646.1	RLU00646.1	RgCut-II	RgCut-II	Rhizobacter gummiphilus			312	1	1	3.40.50.1820
v052	00855c73c087597a6c69fa2b114d731e			SAY37579.1	SAY37579.1	PHL-11	PHL-11	Compost metagenome			260	1	1	3.40.50.1820
v053	925eaa1d8c145880ff409530b973e7fe			SAY37582.1	SAY37582.1	PHL-21	PHL-21	Compost metagenome			260	1	1	3.40.50.1820
v054	e6c1800b97f5f0184a1dd73540deb95a			SAY37583.1	SAY37583.1	PHL-31	PHL-31	Compost metagenome			259	1	1	3.40.50.1820
v055	aaa9786d473a7eb02349e757ab50352c			SAY37584.1	SAY37584.1	PHL-41	PHL-41	Compost metagenome			257	1	1	3.40.50.1820
v056	0c75d9f81ae52914a609ec24d4c68ea2			SAY37587.1	SAY37587.1	PHL-51	PHL-51	Compost metagenome			257	1	1	3.40.50.1820
v057	f5ac2c525370f659e6c1b4fc71e16ce1			SAY37589.1	SAY37589.1	PHL-61	PHL-61	Compost metagenome			257	1	1	3.40.50.1820
v058	1361228bf3f1c19ea8214555076414a7			SHM40309.1	SHM40309.1	CaPETase	CaPETase	Cryptosporangium aurantiacum			299	1	1	3.40.50.1820
v059	6cfa5991a1358a2618da129bb29a2d1c			SUD16364.1	SUD16364.1	PbauzCut	PbauzCut	Halopseudomonas bauzanensis			298	1	1	3.40.50.1820
v060	fe08eef9c8f87d7d57af2914ff906b14			OK558824	OK558824	PLE628	PLE628	Marinobacter sp.			316	1	1	3.40.50.1820
v061	15938ddd57d7448aa110a9139193c91b			OK558825	OK558825	PET12; PbCut; SbCut; AAW51_2473	PET12; PbCut; SbCut; AAW51_2473	Caldimonas brevitalea			307	1	1	3.40.50.1820
v062	d1aa8fa7800d986fee5acab07614bd0d			WAU86704.1	WAU86704.1	PET40	PET40	Amycolatopsis bacterium			263	1	1	3.40.50.1820
v063	81f568dbaa464c36246be059cfa19188			Ipet	Ipet	GlacPETase	GlacPETase	Pseudomonas sp.			282	1	1	3.40.50.1820
v064	aa2b99b06ee80b2a22d650e6f32f1c1e			WOR09923	WOR09923	SIBER-1	SIBER-1	Microbispora sp.			257	1	1	3.40.50.1820
v065	a0904c35f59716a292ebfca5adfcbc0e			WP_013858543.1	WP_013858543.1	HG-4	HG-4	Heyndrickxia coagulans			254	1	1	3.40.50.1820
v066	2cd5f487f5114193eaf1c99806f6ef63			A0A031MKR8	A0A031MKR8	PsCut	PsCut	Pseudomonas saudimassiliensis			302	1	1	3.40.50.1820
v067	e6cfd2897ec399a6f1d3ec1c6a98cdb7			WP_039353427	WP_039353427	PET30	PET30	Kaistella (Chryseobacterium) jeonii			366	1	1	3.40.50.1820
v068	42aa40364f5684f1f255819ab69b7b92			A0A078MGG8	A0A078MGG8	PmC	PmC	Pseudomonas  mendocina ATCC 53552			302	1	1	3.40.50.1820
v069	d78ca54fff3eddbc5a27aec8c337f94f			WP_058088494.1	WP_058088494.1	AdCut	AdCut	Acidovorax delafieldii			279	1	1	3.40.50.1820
v070	1197ee1b96f74dd16a31dad1ba334c46			WP_062195544.1	WP_062195544.1	Enzyme 406	Enzyme 406	Comamonadaceae bacterium			292	1	1	3.40.50.1820
v071	325634c8b48334249f0532c897258e2e			WP_068824797.1	WP_068824797.1	jmPE14	jmPE14	Pseudomonas sp. JM16B3			297	1	1	3.40.50.1820
v072	ef08656ab980fbd8c17fe79b6060a681			WP_078759821.1	WP_078759821.1	MtCut; Enzyme 606	MtCut; Enzyme 606	Marinactinospora thermotolerans			311	1	1	3.40.50.1820
v073	677a11fa0e32fbd01338ba6d30fc718b			WP_082414832.1	WP_082414832.1	Enzyme 405	Enzyme 405	Actinobacteria bacterium OK074			302	1	1	3.40.50.1820
v074	1e1f498fae0e6d56fb87a52a1fef96ff			WP_083947829.1	WP_083947829.1	Enzyme 711	Enzyme 711	Thermobifida cellulosilytica			284	1	1	3.40.50.1820
v075	31e8cee08e99636ef7d35f9f5457bb57			WP_085749238.1	WP_085749238.1	RgPETase; RgCut-I	RgPETase; RgCut-I	Rhizobacter gummiphilus NS21			279	1	1	3.40.50.1820
v076	b96e3838fee9bee7a9d7d7d57eda9386			A0A1H6AD45	A0A1H6AD45	PpelaLip	PpelaLip	Pseudomonas pelagia DSM 25163			304	1	1	3.40.50.1820
v077	de58930843f53b731bc34d03f729488d			WP_090538641.1	WP_090538641.1	Hfor_PE-H	Hfor_PE-H	Halopseudomonas formosensis			304	1	1	3.40.50.1820
v078	4f68c367317a6c09df48faffc017ad9e			WP_093412886.1	WP_093412886.1	Enzyme 611	Enzyme 611	Saccharopolyspora flava			293	1	1	3.40.50.1820
v079	ef0ce8fcf0fe89871330b7d41cec0e7b			WP_101893509.1	WP_101893509.1	Enzyme 409	Enzyme 409	Ketobacter sp.			283	1	1	3.40.50.1820
v080	e125fba23d29946317aa25973b8c03cb			WP_104613137.1	WP_104613137.1	Enzyme 701	Enzyme 701	Thermobifida fusca			301	1	1	3.40.50.1820
v081	41ec3fae20c0008c7ca666cd96974233			WP_107095481.1	WP_107095481.1	Enzyme 607	Enzyme 607	Actinobacteria bacterium OV320			310	1	1	3.40.50.1820
v082	afb025038508228d84d2fe8c130d5d14			WP_111881932	WP_111881932	PET27	PET27	Aequorivita sp. CIP111184			364	1	1	3.40.50.1820
v083	fb68a33e966a9f713281583d4f5d357b			WP_117215036.1	WP_117215036.1	Enzyme 407	Enzyme 407	Allorhizocoloa rhizosphaerae			434	1	1	3.40.50.1820
v084	d03a36b0671215d716f1df2ade24268f			WP_118011433	WP_118011433	HG-2	HG-2	Holdemanella biformis			259	1	1	3.40.50.1820
v085	7acde97244b13e14de682a6f3f3def1e			YNP18_240440	YNP18_240440	Enzyme 204 like	Enzyme 204 like	Metagenome			258	1	1	3.40.50.1820
v086	c51ea9e72ca4f046ba7b615cdd6e1bc0			Ipet	Ipet	jmPE13	jmPE13	Pseudomonas sp. JM16B3			273	1	1	3.40.50.1820
v087	25535d4836a01c7d3cc4bbeba3c18437			XCO66867	XCO66867	PurH	PurH	Aeromicrobium sp.			286	1	1	3.40.50.1820
v088	2ddc62c97241531aed04530538ae54d8			XDS72785.1	XDS72785.1	Sis	Sis	Geothermal metagenome			282	1	1	3.40.50.1820
v089	ee0092b4288da1c69a59e16f2b702cdf			ACC95208.1	ACC95208.1	PET2; lipIAF5-2	PET2; lipIAF5-2	Metagenome			308	1	1	3.40.50.1820
v090	fcafc8f695c58e71718b19c1a7c315ba			N20M5AZM016	N20M5AZM016	PE-H; B7O88_11480	PE-H; B7O88_11480	Halopseudomonas aestusnigri VGXO14			258	1	20	3.40.50.1820
v091	0ac767e72406f2fc0cf50fd9008e6f16			A0A291HVH1	A0A291HVH1	LP175	LP175	Laceyella sacchari			385	1	21	3.40.50.1820
v092	c119a9b5c297563dbef710cd0dfbaa94			P00780	P00780	Subtilisin; subC	Subtilisin; subC	Lederbergia (Bacillus) licheniformis			379	1	21	3.40.50.1820
v093	3ccbadd7e660120a138f6df238b1b9ae			P06873	P06873	Proteinase K	Proteinase K	Parengyodontium album			384	1	21	3.40.50.1820
v094	c2dc98ad498bf96179a52733ac69516e			P29599	P29599	Subtilisin BL	Subtilisin BL	Lederbergia (Bacillus) lentus			269	1	21	3.40.50.1820
v095	5353a76b2d62b148881304e276a3a0e0			P29600	P29600	Subtilisin; Savinase	Subtilisin; Savinase	Lederbergia (Bacillus) lentus			269	1	21	3.40.50.1820
v096	6501b0257cf940e7d8aa9266fd92aaa1			GU116480	GU116480	PURase	PURase	Microbacterium hydrocarbonoxydans			283	1	22	3.40.50.1820
v097	2952634441666dbdb22a48ce9cde12c5			CEE00769.1	CEE00769.1	Est8_89	Est8_89	Caldibacillus thermoamylovorans			266	1	22	3.40.50.1820
v098	85933cc8711bcbd2db56860adfb2fd54			Chen, 2024	Chen, 2024	phaZ-like	phaZ-like	Cuprivadus necator ATC17699			276	1	22	3.40.50.1820
v099	b8d2efe3a6d76dcf58f691a374d528ed			ADH43200.1	ADH43200.1	BsEstB	BsEstB	Bacillus subtilis 4P3-11			489	1	23	3.40.50.1820
v100	de7fd3cae353ad8fabd922f83140376c			AKJ87216	AKJ87216	GEN0105	GEN0105	Metagenome			322	1	23	3.40.50.1820
v101	de5188fe17cc9552eecfc6b69179e19d			ALS54749.1	ALS54749.1	Chath_Est1	Chath_Est1	Clostridium hathewayi DSM-13479			520	1	23	3.40.50.1820
v102	e49911a7e5738e9056e9fb9c5a9aa7ae			BAA76305.1	BAA76305.1	PudA	PudA	Comamonas acidovorans TB-35			548	1	23	3.40.50.1820
v103	23af3c0ada6021e4452780933588e6da			YNPsite06_CeleraDRAFT_263770	YNPsite06_CeleraDRAFT_263770	Enzyme 101 like	Enzyme 101 like	Metagenome			613	1	23	3.40.50.1820
v104	f0ef5b5426c1171b0f229df593d4d810			P20261	P20261	Lip1; Lip5	Lip1; Lip5	Diutina (Candida) rugosa			549	1	23	3.40.50.1820
v105	b9431762171b80707139661059a4d5f3			A0A2I2K6T5	A0A2I2K6T5	CE_Ubrb	CE_Ubrb	Metagenome-derived			295	1	23	3.40.50.1820
v106	572db808330016b2e517a2e6db0d8477			UNZ81746	UNZ81746	IS10	IS10	Chloroflexi bacterium			314	1	23	3.40.50.1820
v107	63f3bcdf9d4e41b30836917c8f069d43			UNZ81748	UNZ81748	IS12	IS12	Chloroflexi bacterium			318	1	23	3.40.50.1820
v108	f768e32a79d0b17b006886911c31b36d			WID88783.1	WID88783.1	Dkca1	Dkca1	Dietzia kunjamensis			462	1	23	3.40.50.1820
v109	2aefc1d9f667923f2f590677c9bd72d3			YNP6_02150	YNP6_02150	Enzyme 102 like	Enzyme 102 like	Metagenome			565	1	23	3.40.50.1820
v110	fe1766a388c03c1e83be5dd8c749ba4b			L0EF70	L0EF70	Tcca	Tcca	Thermobacillus composti KWC4			508	1	23	3.40.50.1820
v111	8f7ceab2fc48801f9eff4ec96dd6b2b3			WP_041847557.1	WP_041847557.1	Est18_23	Est18_23	Caldibacillus thermoamylovorans			491	1	23	3.40.50.1820
v112	81a9df90765d3ca5a2dbd97ac8fe0e4f			AKJ87264	AKJ87264	MGS0156	MGS0156	Metagenome			421	1	24	3.40.50.1820
v113	f21de0ea2dcb603946ac9638d3076b59			AKZ20828.1	AKZ20828.1	Cbotu_EstA	Cbotu_EstA	Clostridium botulinum ATCC3502			452	1	25	3.40.50.1820
v114	a4cafac901140b6b19f1c384d078b5d5			AKZ20829.1	AKZ20829.1	Cbotu_EstB	Cbotu_EstB	Clostridium botulinum ATCC3502			400	1	25	3.40.50.1820
v115	970357e6455a991c27de46edeee96a39			AB302136; A4UZ10	AB302136; A4UZ10	PlaM4 depolymerase	PlaM4 depolymerase	Metagenome			431	1	25	3.40.50.1820
v116	bfc457646ef92b3c1ed060f134602fba			A4UZ11	A4UZ11	PlaM5 depolymerase	PlaM5 depolymerase	Metagenome			419	1	25	3.40.50.1820
v117	a436d17bdfc2c17a51007a01c569dc7a			EIW29778.1	EIW29778.1	PFL1	PFL1	Pelosinus fermentans DSM-17108			402	1	25	3.40.50.1820
v118	7f7526ac0c7c4c8440ba6812322c88d5			WP_108898452.1	WP_108898452.1	Lip4_120	Lip4_120	Caldibacillus thermoamylovorans			417	1	25	3.40.50.1820
v119	067e281972e92f24fb345ef6c8870caa			APJ12152.1	APJ12152.1	LipMRD9	LipMRD9	Bacillus safensis			215	1	26	3.40.50.1820
v120	cbe6e6c036ad8643698609d6a197ff5d			Q83VDO	Q83VDO	PLaA	PLaA	Paenibacillus amylolyticus TB13			201	1	26	3.40.50.1820
v121	11448cbf80389c1a758d8dfcba90907c			A0A1E1FNX8	A0A1E1FNX8	PBATHBp	PBATHBp	Bacillus pumilus			215	1	26	3.40.50.1820
v122	d39f4e4eb5bc5b5de87a6807337446ec			B2NHN2	B2NHN2	PHAase	PHAase	Talaromyces funiculosus			339	1	27	3.40.50.1820
v123	46e18f09ca1ffe3e4eda0f6cae364c1e			A0A080NJE8	A0A080NJE8	PhaZCac	PhaZCac	Commamonas acidivorans YM1609			734	1	28	3.40.50.1820
v124	f972c4fe64b984d09a783a3fcdfb3199			Q0K9H3	Q0K9H3	PhaY1	PhaY1	Cuprivadus necator ATC17699			718	1	28	3.40.50.1820
v125	9779282f44f5947a072f15c26945d21a			O82950	O82950	PhaZst	PhaZst	Pseudomonas stutzeri			576	1	29	3.40.50.1820
v126	61a4ab03c350b74dc8e27682811b973f			P94146	P94146	PhaZAfa	PhaZAfa	Alcaligenes faecalis			635	1	30	3.40.50.1820
v127	6012a802711a9bb008ee0895a518a5a0			Q51871	Q51871	PhaZ5	PhaZ5	Paucimonas lemoignei			433	1	30	3.40.50.1820
v128	c96dbeb66cbc47f7911296f991cdfb8d			Q0JYJ1	Q0JYJ1	PhaZ7	PhaZ7	Cuprivadus necator ATC17699			365	1	31	3.40.50.1820
v129	4b02a9379189f4f3f4a6d2b07ad427c9			Q0JZG9	Q0JZG9	PhaZ6	PhaZ6	Cuprivadus necator ATC17699			362	1	31	3.40.50.1820
v130	ab6b2d53513cc127c20db4ff15e7a322			Q0VLQ1	Q0VLQ1	ABO2449, esterase	ABO2449, esterase	Alcanivorax borkumensis			305	1	32	3.40.50.1820
v131	15317ec096461afae2a6111e17b27633			Q0KBZ6	Q0KBZ6	PhaY2	PhaY2	Cuprivadus necator ATC17699			293	1	33	3.40.50.1820
v132	085add734f10d1917f9638347ab618d2			Q939Q9	Q939Q9	PhaZ7	PhaZ7	Paucimonas lemoignei			380	1	34	3.40.50.1820
v133	9d30a8d3a59a8932a82976151ee0fdf1			GxsBSedJan11_10251181	GxsBSedJan11_10251181	Enzyme 305 like	Enzyme 305 like	Metagenome			335	1	35	3.40.50.1820
v134	5a880c3b46d61fb2b4fa713a243c511a			WP_010659881.1	WP_010659881.1	dsPETase06	dsPETase06	Pseudomonadota bacterium			352	1	35	3.40.50.1820
v135	263a6865371a5e0924e53280192fa035			WP_034767800.1	WP_034767800.1	Ces19_14	Ces19_14	Caldibacillus thermoamylovorans			240	1	36	3.40.50.1820
v136	e5a559b306f8a40b94d6844216b41307			WP_041846030.1	WP_041846030.1	Est11_32	Est11_32	Caldibacillus thermoamylovorans			256	1	37	3.40.50.1820
v137	4c93b29cd359ce02e9f06d853bb00619			WP_085690612	WP_085690612	MG8	MG8	Pseudomonas sp.			218	1	38	3.40.50.1820
v138	228edba5269227f472a446139a646369			WP_108898647.1	WP_108898647.1	Ces39_5	Ces39_5	Caldibacillus thermoamylovorans			249	1	39	3.40.50.1820
v139	e0b91bc8063c1c7e94e918fcfd8cf2bc			A0A075B5G4	A0A075B5G4	HiC	HiC	Humicola insolens			194	1	2	3.40.50.1820
v140	2faa60f73ded9c502787ece47fca13f7			A0A060N399	A0A060N399	PLAse	PLAse	Paraphoma sp. B47-9			227	1	2	3.40.50.1820
v141	ea7a24d47eff2487f1491b3ad67cce64			A0A060N5H2	A0A060N5H2	CmCut	CmCut	Cryptococcus magnus			226	1	2	3.40.50.1820
v142	4e42b62ac9f3158a2a5a2b35e117d950			A0A0P0ZE81	A0A0P0ZE81	GB-1; CLE	GB-1; CLE	Cryptococcus flavus			239	1	2	3.40.50.1820
v143	d46d1c755303a13d2a19d9393a49d2f7			AAA33335.1	AAA33335.1	FsC	FsC	Fusarium solani			230	1	2	3.40.50.1820
v144	cd3efa9108622a39c229634066ce0292			AB102945.1; Q874E	AB102945.1; Q874E	S-2; CLE; cutinase	S-2; CLE; cutinase	Cryptococcus sp.			239	1	2	3.40.50.1820
v145	339540f3809d8ac98ee633f1da7247e9			AB739034	AB739034	PaE; PaCLE1	PaE; PaCLE1	Pseudozyma (Candida) antarctica			224	1	2	3.40.50.1820
v146	255e2b78ca9f54fe397d3917c1c6cae9			A0A7I8E2Z4	A0A7I8E2Z4	PBATHRF; pbath	PBATHRF; pbath	Rhodococcus fascians NKCM2511			216	1	2	3.40.50.1820
v147	b316862d7118e4358cbe8bf6be6de118			ESK97883	ESK97883	MRCUT1	MRCUT1	Moniliophthora roreri			203	1	2	3.40.50.1820
v148	a0550530145e06d4170e283fb389aa62			X0BTD8	X0BTD8	FoCut5a	FoCut5a	Fusarium oxysporum			230	1	2	3.40.50.1820
v149	02048bc3dc3b8c853e51fcc55038f6ac			KAH7127633	KAH7127633	DmC	DmC	Dactylonectria macrodidyma			237	1	2	3.40.50.1820
v150	f7e864f6573eccaba6017448237af700			P52956	P52956	CutL1	CutL1	Aspergillus oryzae ATCC42149			213	1	2	3.40.50.1820
v151	dab2da810add966a777bb8c243da293b			Q99174	Q99174	FSC	FSC	Fusarium solani			230	1	2	3.40.50.1820
v152	a2dfe48912d34dabd9ec983f2380b945			QEX94755.1	QEX94755.1	Sub1	Sub1	Streptomyces scabiei			186	1	2	3.40.50.1820
v153	255e2b78ca9f54fe397d3917c1c6cae9			UNZ22463.1	UNZ22463.1	Rcut; PBATh; OL660765	Rcut; PBATh; OL660765	Rhodococcus sp.			216	1	2	3.40.50.1820
v154	0e841a3c1f59a0cfd7b1ac47b6e7b1bd			Cut	Cut	CpCut1-like	CpCut1-like	Cladosporium sp. P7			221	1	2	3.40.50.1820
v155	82b7aa41d984234dbb69f23c5dfebbb9			Cut	Cut	BaCut1-like	BaCut1-like	Blastobotrys sp. G-9			222	1	2	3.40.50.1820
v156	32320ea9636947aaaa29de601c9a9fa4			Q0K2G9	Q0K2G9	PhaZ5	PhaZ5	Cuprivadus necator ATC17699			407	1	3	3.40.50.1820
v157	f3019f8a82e15ef9ac9ed61f6a611c97			Q0K4D5	Q0K4D5	PhaZ3	PhaZ3	Cuprivadus necator ATC17699			412	1	3	3.40.50.1820
v158	8b6e9ddd1da10e1d0d3c47e2aeaaba85			Q0K7T2	Q0K7T2	PhaZ2	PhaZ2	Cuprivadus necator ATC17699			404	1	3	3.40.50.1820
v159	263b6d9cf1f73ddee6c8d0410fdaf229			Q0KCI0	Q0KCI0	PhaZ1	PhaZ1	Cuprivadus necator ATC17699			419	1	3	3.40.50.1820
v160	426c9c3680fe7091b7e6f1c7a0f7e7d3			Q7WXF6	Q7WXF6	PhaZ4	PhaZ4	Cuprivadus necator ATC17699			245	1	3	3.40.50.1820
v161	da74b7409b4c0618cc66c7787e557585			AAD22743.1	AAD22743.1	PueA	PueA	Pseudomonas chloroaphis			617	1	4	3.40.50.1820
v162	c02edb9924a7f5bcd356a4cb811dd674			AAF01331.1	AAF01331.1	PueB	PueB	Pseudomonas chloroaphis			567	1	4	3.40.50.1820
v163	5fa3e19ca90991487c80ed55e34da806			AAF66684.1	AAF66684.1	PulA	PulA	Pseudomonas fluorescens			451	1	4	3.40.50.1820
v164	0d26a77d2ffda03e4582e295927066c6			AAY92471.1	AAY92471.1	PueA	PueA	Pseudomonas protegens strain Pf-5			617	1	4	3.40.50.1820
v165	cb8ee61f26429b3ce6a175e6f02222ef			AAY92474.2	AAY92474.2	PueB	PueB	Pseudomonas protegens strain Pf-5			561	1	4	3.40.50.1820
v166	0ce515d8f0c2a6b72722a127e726b8d7			AB302138; A4UZ12	AB302138; A4UZ12	PlaM7 depolymerase	PlaM7 depolymerase	Metagenome			283	1	5	3.40.50.1820
v167	77b3eb7d458379633a6175152729a2e8			A4UZ13	A4UZ13	PlaM8 depolymerase	PlaM8 depolymerase	Metagenome			283	1	5	3.40.50.1820
v168	d8bf4c4b8965f1f5509d077b1db637c5			AB302140	AB302140	PlaM9 depolymerase	PlaM9 depolymerase	Metagenome			338	1	40	3.40.50.1820
v169	7452d6761b99d133be32ee4b17239cd1			Q6N9M9; RPA1511	Q6N9M9; RPA1511	RPA1511, esterase	RPA1511, esterase	Rhodopseudomonas palustris			295	1	6	3.40.50.1820
v170	c5c958d03feed023c70aead575ffd575			LIPB_PSEA2	LIPB_PSEA2	lipase B; CalB	lipase B; CalB	Pseudozyma antarctica			342	1	7	3.40.50.1820
v171	be7dd8f21d1b03631b329ecc8c66318e			AGT96414.1	AGT96414.1	MGS0105 (KC986400)	MGS0105 (KC986400)	Marine metagenome			390	1	8	3.40.710.10
v172	c2610dc7556aacd9a00bede53a3a5ef9			AHG30919.1	AHG30919.1	MGS0010 (KF801579)	MGS0010 (KF801579)	Marine metagenome			414	1	41	3.40.710.10
v173	ec89fcce3f831d4efa72c84c4ac889ee			NYLB_FLASK	NYLB_FLASK	NylB	NylB	Paenarthrobacter ureafaciens K172			392	1	42	3.40.710.10
v174	12efbdad63de5275909365067113db41			UNZ81747	UNZ81747	IS113	IS113	Dehalococcoidia bacterium			455	1	43	3.40.710.10
v175	586a335986f45e096f6ca073737678a5			A0A7W8QII1	A0A7W8QII1	Nc-NylC	Nc-NylC	Nocardiopsis composta			344	1	9	3.60.70.12
v176	8a27f08047aeded2e90bf33e519d6d59			A0A840P940	A0A840P940	Tt-NylC	Tt-NylC	Thermocatellispora tengchongensis			332	1	9	3.60.70.12
v177	aaede276fbd61767d03028e2d193d5a7			KQR39103	KQR39103	M-NylC	M-NylC	Microbacterium sp.			340	1	9	3.60.70.12
v178	821c28b3e158579536d0795e3661b21a			Q1EPR4	Q1EPR4	NylC	NylC	Kocuria sp. KY2			355	1	9	3.60.70.12
v179	b48a5e7e77b3b427ca89ac65da361050			Q1EPR5	Q1EPR5	NylC	NylC	Agromyces sp. KY5R			355	1	9	3.60.70.12
v180	ebd22bc012fd6e181f43bc728b85dc79			NYLC_FLASK	NYLC_FLASK	NylC	NylC	Paenarthrobacter ureafaciens K172			355	1	9	3.60.70.12
v181	6139d7ee947801e1ffa5c9345c785900			AY026386	AY026386	PURase	PURase	Rhodococcus erythropolis MP50			525	1	10	3.90.1300.10
v182	0c554c0dd255de614d248db3118d89da			AAK28498.1	AAK28498.1	AmdA	AmdA	Agrobacterium tumefaciens d3			517	1	10	3.90.1300.10
v183	5c06f1259bc12791a4627d9b18c94185			AGT90042.1	AGT90042.1	CCM2595	CCM2595	Rhodococcus erythropolis			483	1	10	3.90.1300.10
v184	1090fc7df5cb6e4866fd00779c1d8e28			ANG60415.1	ANG60415.1	GatA	GatA	Lysinibacillus fusiformis SCO2			472	1	10	3.90.1300.10
v185	c05531f7c89f4efafc1f2537c89ad129			ARF18137.1	ARF18137.1	PURase	PURase	Sporosarcina ureae P17a			472	1	10	3.90.1300.10
v186	c21fdb598a3887e2e8a5af55068ffec4			BAI44731	BAI44731	OoH	OoH	Rhodococcus sp. Oct1			479	1	10	3.90.1300.10
v187	a79509a510d90a50f6702955b1ad3b49			NYLA_PSES8	NYLA_PSES8	NylA	NylA	Pseudomonas sp. strain NK87			493	1	10	3.90.1300.10
v188	77bca54fb186cc66d3f509d6fb835b65			NYLA_FLASK	NYLA_FLASK	NylA	NylA	Paenarthrobacter ureafaciens K172			493	1	10	3.90.1300.10
v189	815c8cb8347c7ae5a0b5f9f5e645b5db			Q12559	Q12559	PURase	PURase	Aspergillus oryzae			545	1	10	3.90.1300.10
v190	4ae54f06384b9660b40e76e9a902f585			WBR49956	WBR49956	UMG-SP-1	UMG-SP-1	Metagenome			438	1	10	3.90.1300.10
v191	06d89e9f595b7abc6f662a4ea5fc3f77			WBR49957	WBR49957	UMG-SP-2	UMG-SP-2	Metagenome			439	1	10	3.90.1300.10
v192	e517914dc89db0a2eedf86b6f66bf60c			WBR49958	WBR49958	UMG-SP-3	UMG-SP-3	Metagenome			439	1	10	3.90.1300.10
v193	d91b645ebea282e1c771123a7abe685f			WP_011209364.1	WP_011209364.1	aryl acylamidase	aryl acylamidase	Nocardia farcinica IFM10512			479	1	10	3.90.1300.10
v194	ccec191e60e12d1782682af2211d9640			WP_185053500	WP_185053500	TtA	TtA	Thermocatellispora tengchongensis			471	1	10	3.90.1300.10
v195	336f0649eca9651f90fe2d208cd29559			NylA	NylA	GatA-like	GatA-like	Parvibaculum sp.			485	1	10	3.90.1300.10
v196	643cdc8e6bf40238fb4a3568cc8eb4f8			NylA	NylA	ReU-like	ReU-like	Rhodococcus equi TB-60			472	1	10	3.90.1300.10
v197	e422c7b9aabe1a23f75d15bd35cf71a6			BBP47208; XP_036664376	BBP47208; XP_036664376	CPUTNase	CPUTNase	Candida parapsilosis NBRC 708			551	1	10	3.90.1300.10
v198	c07da837b710b266f98b045916b5543a			B0FLR6	B0FLR6	PLase2	PLase2	Amycolatopsis (Nocardia) orientalis			241	1	11	2.40.10.10
v199	167f1e4e4481dfb27bd087d9b3902929			Q75UA4	Q75UA4	PLAase	PLAase	Amycolatopsis (Nocardia) sp. strain K104-1			238	1	11	2.40.10.10
v200	659a58dc5abc0fd64c7c7e596bb56dd4			B0FY08	B0FY08	PLase3	PLase3	Amycolatopsis (Nocardia) orientalis			364	1	12	2.40.10.10
v201	a231cf4880bedee499375b591f4c7cfc			AII11185	AII11185	LMC021	LMC021	Rhodococcus opacus R7			516	1	14	2.60.40.420
v202	4be16a85172c726f7f8d6dbd2053955f			AII11221	AII11221	LMC031	LMC031	Rhodococcus opacus R7			348	1	14	2.60.40.420
v203	9c7dbb673a1f18286b846d8354918b3d			A0A1S6Q8F9	A0A1S6Q8F9	RoxB	RoxB	Steroidobacter cummioxidans 35Y			681	1	15	NA
v204	073907a632be32c5b92c8381c4de0c90			LC073705	LC073705	LatA	LatA	R. gummiphilus NS21			679	1	15	NA
v205	84ba28218df106867af936d87aba63b4			Q7X0P3	Q7X0P3	RoxA	RoxA	Steroidobacter cummioxidans 35Y			678	1	15	NA
v206	198d14bb37149debc526a3f90e777956			H6N162	H6N162	Lcp1VH2	Lcp1VH2	Gordonia polyisoprenivorans			407	1	16	NA
v207	3d98c4ffc15561968b8fbb11d2ed071a			H6N4Z1	H6N4Z1	Lcp2VH2	Lcp2VH2	Gordonia polyisoprenivorans			388	1	16	NA
v208	024678fb7e5f5a204647fd2d1e393aab			Q3L8N0	Q3L8N0	LCP_STRK3	LCP_STRK3	Streptomyces sp. K30			407	1	16	NA
v209	95d1e9d1e5c89ada66637cb1f2c7e05e			MT664881	MT664881	Lcp1	Lcp1	Streptomyces sp. AC04842			410	1	16	NA
v210	67b4409cf7dfe74bbb08798733600bfc			MT664882	MT664882	Lcp2	Lcp2	Streptomyces sp. AC04842			407	1	16	NA
v211	4b50fcb2d78d50a7f5693abba7e356b1			W6R2Y2	W6R2Y2	lip1; Mors1	lip1; Mors1	Ectopseudomonas oleovorans			201	1	17	TBDX
v212	342ff8b50fc233be7b68dc6cd032d5a7			KP347755.1	KP347755.1	MGS0084	MGS0084	Metagenome			411	1	18	TBDY
v213	b6f8363af9f6b89b71da887bdc4c3060			ACD16728.1	ACD16728.1	PURase	PURase	Burkholderia phytofirmans DSM17436			316	1	19	TBDZ
