cluster_id	origin	size	role	label	centroid	pct_id_to_centroid
R002	reference	21	centroid	PL24|CBY05530||25	PL24|CBY05530||25	*
R002	reference	21	member	PL26|AET05799.1||27	PL24|CBY05530||25	99.2
R002	reference	21	member	PL19|CAH17553.1||19	PL24|CBY05530||25	99.2
R002	reference	21	member	PL33|ADV92525.1||34	PL24|CBY05530||25	97.7
R002	reference	21	member	PL21|ADV92528.1||21	PL24|CBY05530||25	98.5
R002	reference	21	member	PL25|AET05798.1||26	PL24|CBY05530||25	93.1
R002	reference	21	member	PL22|WP_011291330.1||22	PL24|CBY05530||25	99.2
R002	reference	21	member	PL27|ADV92526.1||28	PL24|CBY05530||25	99.2
R002	reference	21	member	PL23|AAZ54920.1||23	PL24|CBY05530||25	93.1
R002	reference	21	member	PL28|ADV92527.1||29	PL24|CBY05530||25	93.1
R002	reference	21	member	PL20|CAH17554.1||20	PL24|CBY05530||25	93.1
R002	reference	21	member	PL101|5ZOA_A||118	PL24|CBY05530||25	99.2
R002	reference	21	member	PL134|WP_104613137.1||152	PL24|CBY05530||25	98.1
R002	reference	21	member	PL135|ADM47605.1||153	PL24|CBY05530||25	98.9
R002	reference	21	member	PL478|Q6A0I4.1||	PL24|CBY05530||25	99.2
R002	reference	21	member	PL604|E9LVH9||	PL24|CBY05530||25	93.1
R002	reference	21	member	PL603|E9LVH8||	PL24|CBY05530||25	99.2
R002	reference	21	member	PL601|E5BBQ2||	PL24|CBY05530||25	95.0
R002	reference	21	member	PL602|CBY05530.1||	PL24|CBY05530||25	100.0
R002	reference	21	member	PL610|Q47RJ7.1||	PL24|CBY05530||25	93.1
R002	reference	21	member	PL611|Q47RJ6.1||	PL24|CBY05530||25	99.2
D045	de_novo	6	centroid	PL263|WP_139584963.1||294	PL263|WP_139584963.1||294	*
D045	de_novo	6	member	PL392|TWG17167.1||423	PL263|WP_139584963.1||294	92.0
D045	de_novo	6	member	PL241|WP_124822775.1||272	PL263|WP_139584963.1||294	93.1
D045	de_novo	6	member	PL278|WP_112669767.1||309	PL263|WP_139584963.1||294	91.6
D045	de_novo	6	member	PL395|WP_181548579.1||426	PL263|WP_139584963.1||294	92.4
D045	de_novo	6	member	PL406|WP_247684544.1||437	PL263|WP_139584963.1||294	90.5
R009	reference	6	centroid	PL53|WP_012476895.1||61	PL53|WP_012476895.1||61	*
R009	reference	6	member	PL55|BAE95770.1||63	PL53|WP_012476895.1||61	95.8
R009	reference	6	member	PL54|BAE95769.2||62	PL53|WP_012476895.1||61	98.6
R009	reference	6	member	PL547|Q1EPR4.1||	PL53|WP_012476895.1||61	95.8
R009	reference	6	member	PL549|Q79F77.1||	PL53|WP_012476895.1||61	100.0
R009	reference	6	member	PL548|Q1EPR5.2||	PL53|WP_012476895.1||61	98.6
D030	de_novo	5	centroid	PL192|BAI44731||221	PL192|BAI44731||221	*
D030	de_novo	5	member	PL550|BAI44731.1||	PL192|BAI44731||221	100.0
D030	de_novo	5	member	PL57|WP_011209364.1||65	PL192|BAI44731||221	97.9
D030	de_novo	5	member	PL179|WZH92451.1||208	PL192|BAI44731||221	97.1
D030	de_novo	5	member	PL56|P80008.1||64	PL192|BAI44731||221	92.9
D219	de_novo	5	centroid	PL307|WP_125313231.1||338	PL307|WP_125313231.1||338	*
D219	de_novo	5	member	PL417|WP_091317053.1||448	PL307|WP_125313231.1||338	91.6
D219	de_novo	5	member	PL273|WP_086849962.1||304	PL307|WP_125313231.1||338	91.6
D219	de_novo	5	member	PL171|WAU86704||196	PL307|WP_125313231.1||338	92.8
D219	de_novo	5	member	PL556|WAU86704.1||	PL307|WP_125313231.1||338	92.8
D363	de_novo	5	centroid	PL152|SAY37584.1||174	PL152|SAY37584.1||174	*
D363	de_novo	5	member	PL154|SAY37589||176	PL152|SAY37584.1||174	98.4
D363	de_novo	5	member	PL576|SAY37589.1||	PL152|SAY37584.1||174	98.4
D363	de_novo	5	member	PL153|SAY37587||175	PL152|SAY37584.1||174	97.7
D363	de_novo	5	member	PL575|SAY37587.1||	PL152|SAY37584.1||174	97.7
D131	de_novo	4	centroid	PL116|||134	PL116|||134	*
D131	de_novo	4	member	PL493|7QJM||	PL116|||134	100.0
D131	de_novo	4	member	PL119|||137	PL116|||134	92.7
D131	de_novo	4	member	PL496|||	PL116|||134	92.7
D233	de_novo	4	centroid	PL159|BAB86909||181	PL159|BAB86909||181	*
D233	de_novo	4	member	PL172|BAB86909||197	PL159|BAB86909||181	100.0
D233	de_novo	4	member	PL484|Q8RR62||	PL159|BAB86909||181	100.0
D233	de_novo	4	member	PL553|BAB86909.1||	PL159|BAB86909||181	100.0
D352	de_novo	4	centroid	PL66|P29599||77	PL66|P29599||77	*
D352	de_novo	4	member	PL595|P29599.1||	PL66|P29599||77	100.0
D352	de_novo	4	member	PL65|P29600||76	PL66|P29599||77	98.1
D352	de_novo	4	member	PL596|P29600.1||	PL66|P29599||77	98.1
D389	de_novo	4	centroid	PL206|APJ12152||235	PL206|APJ12152||235	*
D389	de_novo	4	member	PL534|APJ12152.1||	PL206|APJ12152||235	100.0
D389	de_novo	4	member	PL105|BAV72205.1||122	PL206|APJ12152||235	95.3
D389	de_novo	4	member	PL222|WAT79796.1||253	PL206|APJ12152||235	98.1
R007	reference	4	centroid	PL51|WP_012476897.1||59	PL51|WP_012476897.1||59	*
R007	reference	4	member	PL50|AAA25908.1||54	PL51|WP_012476897.1||59	98.6
R007	reference	4	member	PL545|P13398.2||	PL51|WP_012476897.1||59	100.0
R007	reference	4	member	PL544|P13397.2||	PL51|WP_012476897.1||59	98.6
D032	de_novo	3	centroid	PL376|WP_167521412.1||407	PL376|WP_167521412.1||407	*
D032	de_novo	3	member	PL293|WP_111700265.1||324	PL376|WP_167521412.1||407	98.6
D032	de_novo	3	member	PL379|MBO4274871.1||410	PL376|WP_167521412.1||407	94.0
D038	de_novo	3	centroid	PL140|ANG60415||158	PL140|ANG60415||158	*
D038	de_novo	3	member	PL205|ANG60415||234	PL140|ANG60415||158	100.0
D038	de_novo	3	member	PL515|ANG60415.1||	PL140|ANG60415||158	100.0
D049	de_novo	3	centroid	PL280|WP_083302694.1||311	PL280|WP_083302694.1||311	*
D049	de_novo	3	member	PL277|WP_091283529.1||308	PL280|WP_083302694.1||311	94.8
D049	de_novo	3	member	PL439|WP_260422593.1||470	PL280|WP_083302694.1||311	99.8
D050	de_novo	3	centroid	PL389|WP_111214096.1||420	PL389|WP_111214096.1||420	*
D050	de_novo	3	member	PL253|WP_099848711.1||284	PL389|WP_111214096.1||420	90.5
D050	de_novo	3	member	PL394|WP_204038550.1||425	PL389|WP_111214096.1||420	90.1
D103	de_novo	3	centroid	PL457|||488	PL457|||488	*
D103	de_novo	3	member	PL180|WP_108898452||209	PL457|||488	97.4
D103	de_novo	3	member	PL532|WP_108898452.1||	PL457|||488	97.4
D163	de_novo	3	centroid	PL189|KQR39103||218	PL189|KQR39103||218	*
D163	de_novo	3	member	PL538|KQR39103.1||	PL189|KQR39103||218	100.0
D163	de_novo	3	member	PL217|XHH12375||247	PL189|KQR39103||218	95.0
D253	de_novo	3	centroid	PL34|BAK48590.1||35	PL34|BAK48590.1||35	*
D253	de_novo	3	member	PL32|BAI99230.2||33	PL34|BAK48590.1||35	91.3
D253	de_novo	3	member	PL508|D4Q9N1||	PL34|BAK48590.1||35	91.3
D300	de_novo	3	centroid	PL420|WP_239086781.1||451	PL420|WP_239086781.1||451	*
D300	de_novo	3	member	PL260|WP_155388305.1||291	PL420|WP_239086781.1||451	98.6
D300	de_novo	3	member	PL255|WP_144126986.1||286	PL420|WP_239086781.1||451	90.2
D332	de_novo	3	centroid	PL459|ATH80290||490	PL459|ATH80290||490	*
D332	de_novo	3	member	PL10|ABP86951||10	PL459|ATH80290||490	99.6
D332	de_novo	3	member	PL554|2FX5||	PL459|ATH80290||490	92.6
D346	de_novo	3	centroid	PL198|||227	PL198|||227	*
D346	de_novo	3	member	PL523|jmPE13||	PL198|||227	100.0
D346	de_novo	3	member	PL199|||228	PL198|||227	92.3
D373	de_novo	3	centroid	PL80|BAC67242.1||95	PL80|BAC67242.1||95	*
D373	de_novo	3	member	PL81|BAT32793.1||96	PL80|BAC67242.1||95	93.3
D373	de_novo	3	member	PL517|A0A0P0ZE81||	PL80|BAC67242.1||95	93.3
D379	de_novo	3	centroid	PL42|AAA33335.1||43	PL42|AAA33335.1||43	*
D379	de_novo	3	member	PL173|Q99174||199	PL42|AAA33335.1||43	98.3
D379	de_novo	3	member	PL514|Q99174.1||	PL42|AAA33335.1||43	98.3
R001	reference	3	centroid	PL16|AEV21261.1||16	PL16|AEV21261.1||16	*
R001	reference	3	member	PL17|GBD22443.1||17	PL16|AEV21261.1||16	92.2
R001	reference	3	member	PL522|G9BY57.1||	PL16|AEV21261.1||16	100.0
R012	reference	3	centroid	PL48|WP_011061486.1||50	PL48|WP_011061486.1||50	*
R012	reference	3	member	PL45|AAD22743.1||47	PL48|WP_011061486.1||50	99.4
R012	reference	3	member	PL585|AAY92471.1||	PL48|WP_011061486.1||50	100.0
D000	de_novo	2	centroid	PL97|WP_034398300.1||113	PL97|WP_034398300.1||113	*
D000	de_novo	2	member	PL573|KFJ10595.1||	PL97|WP_034398300.1||113	100.0
D001	de_novo	2	centroid	PL91|WP_011615575.1||107	PL91|WP_011615575.1||107	*
D001	de_novo	2	member	PL560|Q0K9H3.1||	PL91|WP_011615575.1||107	100.0
D004	de_novo	2	centroid	PL109|WP_085748997.1||126	PL109|WP_085748997.1||126	*
D004	de_novo	2	member	PL525|BAS44780.1||	PL109|WP_085748997.1||126	100.0
D005	de_novo	2	centroid	PL107|AAP41848.1||124	PL107|AAP41848.1||124	*
D005	de_novo	2	member	PL592|Q7X0P3||	PL107|AAP41848.1||124	100.0
D007	de_novo	2	centroid	PL96|BAA32541.1||112	PL96|BAA32541.1||112	*
D007	de_novo	2	member	PL574|O82950||	PL96|BAA32541.1||112	100.0
D009	de_novo	2	centroid	PL49|WP_011061489.1||51	PL49|WP_011061489.1||51	*
D009	de_novo	2	member	PL586|AAY92474.2||	PL49|WP_011061489.1||51	100.0
D010	de_novo	2	centroid	PL147|BBP47208.1||166	PL147|BBP47208.1||166	*
D010	de_novo	2	member	PL483|XP_036664376.1||	PL147|BBP47208.1||166	100.0
D011	de_novo	2	centroid	PL531|P20261.3||	PL531|P20261.3||	*
D011	de_novo	2	member	PL468|CAA34684||499	PL531|P20261.3||	100.0
D018	de_novo	2	centroid	PL178|WP_015255658||207	PL178|WP_015255658||207	*
D018	de_novo	2	member	PL598|WP_015255658.1||	PL178|WP_015255658||207	100.0
D022	de_novo	2	centroid	PL183|WP_041847557||212	PL183|WP_041847557||212	*
D022	de_novo	2	member	PL510|WP_041847557.1||	PL183|WP_041847557||212	100.0
D024	de_novo	2	centroid	PL191|||220	PL191|||220	*
D024	de_novo	2	member	PL516|WP_293218050.1||	PL191|||220	94.6
D036	de_novo	2	centroid	PL590|WP_348608127.1||	PL590|WP_348608127.1||	*
D036	de_novo	2	member	PL193|||222	PL590|WP_348608127.1||	98.7
D040	de_novo	2	centroid	PL188|WP_185053500||217	PL188|WP_185053500||217	*
D040	de_novo	2	member	PL606|WP_185053500.1||	PL188|WP_185053500||217	100.0
D043	de_novo	2	centroid	PL242|WP_101366623.1||273	PL242|WP_101366623.1||273	*
D043	de_novo	2	member	PL391|MBF9135495.1||422	PL242|WP_101366623.1||273	94.5
D044	de_novo	2	centroid	PL272|WP_093411427.1||303	PL272|WP_093411427.1||303	*
D044	de_novo	2	member	PL422|WP_164449727.1||453	PL272|WP_093411427.1||303	92.3
D046	de_novo	2	centroid	PL243|WP_110567505.1||274	PL243|WP_110567505.1||274	*
D046	de_novo	2	member	PL249|CCH19814.1||280	PL243|WP_110567505.1||274	91.2
D048	de_novo	2	centroid	PL240|WP_091553551.1||271	PL240|WP_091553551.1||271	*
D048	de_novo	2	member	PL388|WP_173061649.1||419	PL240|WP_091553551.1||271	91.7
D052	de_novo	2	centroid	PL210|WID88783||240	PL210|WID88783||240	*
D052	de_novo	2	member	PL487|WID88783.1||	PL210|WID88783||240	100.0
D053	de_novo	2	centroid	PL283|WP_089021493.1||314	PL283|WP_089021493.1||314	*
D053	de_novo	2	member	PL290|WP_124770494.1||321	PL283|WP_089021493.1||314	91.5
D064	de_novo	2	centroid	PL374|WP_139580723.1||405	PL374|WP_139580723.1||405	*
D064	de_novo	2	member	PL383|WP_182904095.1||414	PL374|WP_139580723.1||405	91.1
D073	de_novo	2	centroid	PL139|||157	PL139|||157	*
D073	de_novo	2	member	PL609|WBR49958.1||	PL139|||157	100.0
D074	de_novo	2	centroid	PL138|||156	PL138|||156	*
D074	de_novo	2	member	PL608|WBR49957.1||	PL138|||156	100.0
D075	de_novo	2	centroid	PL137|||155	PL137|||155	*
D075	de_novo	2	member	PL607|WBR49956.1||	PL137|||155	100.0
D078	de_novo	2	centroid	PL126|WP_162908185.1||144	PL126|WP_162908185.1||144	*
D078	de_novo	2	member	PL503|WP_117215036.1||	PL126|WP_162908185.1||144	99.7
D082	de_novo	2	centroid	PL95|AAA65705.1||111	PL95|AAA65705.1||111	*
D082	de_novo	2	member	PL568|Q51871||	PL95|AAA65705.1||111	100.0
D085	de_novo	2	centroid	PL409|GGR16917.1||440	PL409|GGR16917.1||440	*
D085	de_novo	2	member	PL446|WP_212846608.1||477	PL409|GGR16917.1||440	100.0
D086	de_novo	2	centroid	PL75|BAF57210.1||88	PL75|BAF57210.1||88	*
D086	de_novo	2	member	PL578|BAF57211.1||	PL75|BAF57210.1||88	95.2
D089	de_novo	2	centroid	PL170|OGB27210||195	PL170|OGB27210||195	*
D089	de_novo	2	member	PL476|OGB27210.1||	PL170|OGB27210||195	100.0
D094	de_novo	2	centroid	PL400|WP_252811421.1||431	PL400|WP_252811421.1||431	*
D094	de_novo	2	member	PL440|WP_252811421.1||471	PL400|WP_252811421.1||431	100.0
D097	de_novo	2	centroid	PL73|AKJ87264||86	PL73|AKJ87264||86	*
D097	de_novo	2	member	PL541|AKJ87264.1||	PL73|AKJ87264||86	100.0
D108	de_novo	2	centroid	PL87|WP_011616504.1||102	PL87|WP_011616504.1||102	*
D108	de_novo	2	member	PL565|Q0K4D5||	PL87|WP_011616504.1||102	100.0
D109	de_novo	2	centroid	PL72|AKJ87250||85	PL72|AKJ87250||85	*
D109	de_novo	2	member	PL540|AKJ87250.1||	PL72|AKJ87250||85	100.0
D112	de_novo	2	centroid	PL110|WP_189902969.1||127	PL110|WP_189902969.1||127	*
D112	de_novo	2	member	PL527|QZD35498.1||	PL110|WP_189902969.1||127	100.0
D114	de_novo	2	centroid	PL526|Q3L8N0.2||	PL526|Q3L8N0.2||	*
D114	de_novo	2	member	PL106|AAR25849.1||123	PL526|Q3L8N0.2||	100.0
D115	de_novo	2	centroid	PL111|WP_254586337.1||128	PL111|WP_254586337.1||128	*
D115	de_novo	2	member	PL529|QZD35499.1||	PL111|WP_254586337.1||128	100.0
D116	de_novo	2	centroid	PL167|WP_006368739.1||191	PL167|WP_006368739.1||191	*
D116	de_novo	2	member	PL528|H6N162||	PL167|WP_006368739.1||191	100.0
D117	de_novo	2	centroid	PL89|WP_011616952.1||104	PL89|WP_011616952.1||104	*
D117	de_novo	2	member	PL567|Q0K2G9||	PL89|WP_011616952.1||104	100.0
D120	de_novo	2	centroid	PL86|WP_010813770.1||101	PL86|WP_010813770.1||101	*
D120	de_novo	2	member	PL564|Q0K7T2||	PL86|WP_010813770.1||101	100.0
D122	de_novo	2	centroid	PL102|EIW29778.1||119	PL102|EIW29778.1||119	*
D122	de_novo	2	member	PL559|WP_007937185.1||	PL102|EIW29778.1||119	100.0
D125	de_novo	2	centroid	PL398|WP_265247586.1||429	PL398|WP_265247586.1||429	*
D125	de_novo	2	member	PL393|WP_281901711.1||424	PL398|WP_265247586.1||429	91.8
D132	de_novo	2	centroid	PL168|AFA76036.1||192	PL168|AFA76036.1||192	*
D132	de_novo	2	member	PL530|H6N4Z1||	PL168|AFA76036.1||192	100.0
D133	de_novo	2	centroid	PL223|BAU20375||254	PL223|BAU20375||254	*
D133	de_novo	2	member	PL58|WP_378272130.1||66	PL223|BAU20375||254	92.5
D134	de_novo	2	centroid	PL68|ATG80622.1||81	PL68|ATG80622.1||81	*
D134	de_novo	2	member	PL537|A0A291HVH1||	PL68|ATG80622.1||81	100.0
D135	de_novo	2	centroid	PL78|CAA32820.1||93	PL78|CAA32820.1||93	*
D135	de_novo	2	member	PL584|P06873.2||	PL78|CAA32820.1||93	100.0
D136	de_novo	2	centroid	PL94|WP_132259156.1||110	PL94|WP_132259156.1||110	*
D136	de_novo	2	member	PL571|Q939Q9||	PL94|WP_132259156.1||110	100.0
D137	de_novo	2	centroid	PL67|CAB56500||79	PL67|CAB56500||79	*
D137	de_novo	2	member	PL597|P00780.2||	PL67|CAB56500||79	98.9
D144	de_novo	2	centroid	PL472|WP_011617846.1||	PL472|WP_011617846.1||	*
D144	de_novo	2	member	PL570|Q0JYJ1||	PL472|WP_011617846.1||	100.0
D145	de_novo	2	centroid	PL581|WP_044849715.1||	PL581|WP_044849715.1||	*
D145	de_novo	2	member	PL61|ABY67151.1||70	PL581|WP_044849715.1||	98.9
D149	de_novo	2	centroid	PL90|WP_010811062.1||105	PL90|WP_010811062.1||105	*
D149	de_novo	2	member	PL569|Q0JZG9||	PL90|WP_010811062.1||105	100.0
D153	de_novo	2	centroid	PL214|QPA27412.1||244	PL214|QPA27412.1||244	*
D153	de_novo	2	member	PL490|WP_010659881.1||	PL214|QPA27412.1||244	100.0
D158	de_novo	2	centroid	PL190|WP_312893488.1||219	PL190|WP_312893488.1||219	*
D158	de_novo	2	member	PL543|A0A7W8QII1||	PL190|WP_312893488.1||219	100.0
D161	de_novo	2	centroid	PL41|CAA83122.1||42	PL41|CAA83122.1||42	*
D161	de_novo	2	member	PL533|P41365||	PL41|CAA83122.1||42	100.0
D186	de_novo	2	centroid	PL74|AKJ87216||87	PL74|AKJ87216||87	*
D186	de_novo	2	member	PL518|AKJ87216.1||	PL74|AKJ87216||87	100.0
D194	de_novo	2	centroid	PL6|UUT36763||6	PL6|UUT36763||6	*
D194	de_novo	2	member	PL582|UUT36763.1||	PL6|UUT36763||6	100.0
D196	de_novo	2	centroid	PL145|WP_012433325.1||164	PL145|WP_012433325.1||164	*
D196	de_novo	2	member	PL587|ACD16728.1||	PL145|WP_012433325.1||164	100.0
D207	de_novo	2	centroid	PL502|||	PL502|||	*
D207	de_novo	2	member	PL125|ODU60407.1||143	PL502|||	100.0
D211	de_novo	2	centroid	PL123|RLU00646.1||141	PL123|RLU00646.1||141	*
D211	de_novo	2	member	PL500|||	PL123|RLU00646.1||141	99.6
D212	de_novo	2	centroid	PL131|SJZ42839.1||149	PL131|SJZ42839.1||149	*
D212	de_novo	2	member	PL542|WP_078759821.1||	PL131|SJZ42839.1||149	100.0
D214	de_novo	2	centroid	PL128|WP_158643351.1||146	PL128|WP_158643351.1||146	*
D214	de_novo	2	member	PL505|||	PL128|WP_158643351.1||146	100.0
D216	de_novo	2	centroid	PL2|CCK74972.1||2	PL2|CCK74972.1||2	*
D216	de_novo	2	member	PL558|MBQ0729274.1||	PL2|CCK74972.1||2	100.0
D217	de_novo	2	centroid	PL114|||132	PL114|||132	*
D217	de_novo	2	member	PL491|||	PL114|||132	100.0
D220	de_novo	2	centroid	PL291|OPG10926.1||322	PL291|OPG10926.1||322	*
D220	de_novo	2	member	PL594|WOR09923.1||	PL291|OPG10926.1||322	94.9
D223	de_novo	2	centroid	PL5|UUT36764||5	PL5|UUT36764||5	*
D223	de_novo	2	member	PL555|UUT36764.1||	PL5|UUT36764||5	100.0
D224	de_novo	2	centroid	PL8|WP_022964382.1||8	PL8|WP_022964382.1||8	*
D224	de_novo	2	member	PL583|ANP21910.1||	PL8|WP_022964382.1||8	100.0
D228	de_novo	2	centroid	PL132|KPI31299.1||150	PL132|KPI31299.1||150	*
D228	de_novo	2	member	PL506|WP_107095481.1||	PL132|KPI31299.1||150	99.6
D229	de_novo	2	centroid	PL63|WP_011589723.1||74	PL63|WP_011589723.1||74	*
D229	de_novo	2	member	PL474|Q0VLQ1||	PL63|WP_011589723.1||74	100.0
D231	de_novo	2	centroid	PL115|||133	PL115|||133	*
D231	de_novo	2	member	PL492|||	PL115|||133	100.0
D234	de_novo	2	centroid	PL174|WP_090538641||200	PL174|WP_090538641||200	*
D234	de_novo	2	member	PL520|WP_090538641.1||	PL174|WP_090538641||200	100.0
D243	de_novo	2	centroid	PL124|KPI12031.1||142	PL124|KPI12031.1||142	*
D243	de_novo	2	member	PL501|WP_082414832.1||	PL124|KPI12031.1||142	99.6
D246	de_novo	2	centroid	PL157|WP_044499735.1||179	PL157|WP_044499735.1||179	*
D246	de_novo	2	member	PL158|WP_036989706.1||180	PL157|WP_044499735.1||179	92.1
D249	de_novo	2	centroid	PL208|||237	PL208|||237	*
D249	de_novo	2	member	PL235|WP_104739856.1||266	PL208|||237	90.3
D251	de_novo	2	centroid	PL309|WP_068752972.1||340	PL309|WP_068752972.1||340	*
D251	de_novo	2	member	PL423|MGYP001477358452||454	PL309|WP_068752972.1||340	98.0
D256	de_novo	2	centroid	PL186|SHM40309||215	PL186|SHM40309||215	*
D256	de_novo	2	member	PL479|SHM40309.1||	PL186|SHM40309||215	100.0
D261	de_novo	2	centroid	PL4|WP_047194864.1||4	PL4|WP_047194864.1||4	*
D261	de_novo	2	member	PL557|AKJ29164.1||	PL4|WP_047194864.1||4	100.0
D267	de_novo	2	centroid	PL175|SUD16364||201	PL175|SUD16364||201	*
D267	de_novo	2	member	PL552|SUD16364.1||	PL175|SUD16364||201	100.0
D282	de_novo	2	centroid	PL64|WP_011157072.1||75	PL64|WP_011157072.1||75	*
D282	de_novo	2	member	PL593|CAE26953.1||	PL64|WP_011157072.1||75	100.0
D288	de_novo	2	centroid	PL92|WP_011615004.1||108	PL92|WP_011615004.1||108	*
D288	de_novo	2	member	PL561|Q4W8C9||	PL92|WP_011615004.1||108	100.0
D294	de_novo	2	centroid	PL209|MEC8523093||238	PL209|MEC8523093||238	*
D294	de_novo	2	member	PL489|MEC8523093.1||	PL209|MEC8523093||238	100.0
D295	de_novo	2	centroid	PL15|WP_085749752.1||15	PL15|WP_085749752.1||15	*
D295	de_novo	2	member	PL512|A0A1W6L588||	PL15|WP_085749752.1||15	100.0
D298	de_novo	2	centroid	PL30|WP_012850775.1||31	PL30|WP_012850775.1||31	*
D298	de_novo	2	member	PL600|ACY95991.1||	PL30|WP_012850775.1||31	100.0
D301	de_novo	2	centroid	PL29|WP_012851645.1||30	PL29|WP_012851645.1||30	*
D301	de_novo	2	member	PL599|ACY96861.1||	PL29|WP_012851645.1||30	100.0
D323	de_novo	2	centroid	PL136|WP_083947829||154	PL136|WP_083947829||154	*
D323	de_novo	2	member	PL507|WP_083947829.1||	PL136|WP_083947829||154	99.6
D326	de_novo	2	centroid	PL76|BAF57212.1||90	PL76|BAF57212.1||90	*
D326	de_novo	2	member	PL579|BAF57213.1||	PL76|BAF57212.1||90	99.6
D330	de_novo	2	centroid	PL176|||202	PL176|||202	*
D330	de_novo	2	member	PL519|WNY00484.1||	PL176|||202	99.6
D334	de_novo	2	centroid	PL169|||194	PL169|||194	*
D334	de_novo	2	member	PL475|WP_058088494.1||	PL169|||194	100.0
D336	de_novo	2	centroid	PL402|WP_239135698.1||433	PL402|WP_239135698.1||433	*
D336	de_novo	2	member	PL271|WP_081971423.1||302	PL402|WP_239135698.1||433	92.1
D337	de_novo	2	centroid	PL156|WP_085749238||178	PL156|WP_085749238||178	*
D337	de_novo	2	member	PL591|WP_085749238.1||	PL156|WP_085749238||178	100.0
D339	de_novo	2	centroid	PL504|||	PL504|||	*
D339	de_novo	2	member	PL127|RLT92980.1||145	PL504|||	100.0
D347	de_novo	2	centroid	PL118|||136	PL118|||136	*
D347	de_novo	2	member	PL495|||	PL118|||136	100.0
D354	de_novo	2	centroid	PL36|7NEI||37	PL36|7NEI||37	*
D354	de_novo	2	member	PL151|SAY37583.1||173	PL36|7NEI||37	98.5
D356	de_novo	2	centroid	PL181|WP_034768559.1||210	PL181|WP_034768559.1||210	*
D356	de_novo	2	member	PL511|CEE00769.1||	PL181|WP_034768559.1||210	100.0
D359	de_novo	2	centroid	PL149|SAY37582.1||171	PL149|SAY37582.1||171	*
D359	de_novo	2	member	PL150|SAY37579.1||172	PL149|SAY37582.1||171	91.2
D364	de_novo	2	centroid	PL182|WP_041846030||211	PL182|WP_041846030||211	*
D364	de_novo	2	member	PL509|WP_041846030.1||	PL182|WP_041846030||211	100.0
D366	de_novo	2	centroid	PL117|||135	PL117|||135	*
D366	de_novo	2	member	PL494|||	PL117|||135	100.0
D367	de_novo	2	centroid	PL185|WP_108898647||214	PL185|WP_108898647||214	*
D367	de_novo	2	member	PL481|WP_108898647.1||	PL185|WP_108898647||214	100.0
D368	de_novo	2	centroid	PL88|AAP85930.1||103	PL88|AAP85930.1||103	*
D368	de_novo	2	member	PL566|Q7WXF6||	PL88|AAP85930.1||103	100.0
D371	de_novo	2	centroid	PL184|WP_034767800||213	PL184|WP_034767800||213	*
D371	de_novo	2	member	PL480|WP_034767800.1||	PL184|WP_034767800||213	100.0
D372	de_novo	2	centroid	PL121|||139	PL121|||139	*
D372	de_novo	2	member	PL498|||	PL121|||139	100.0
D375	de_novo	2	centroid	PL202|KAH7127633||231	PL202|KAH7127633||231	*
D375	de_novo	2	member	PL488|KAH7127633.1||	PL202|KAH7127633||231	100.0
D378	de_novo	2	centroid	PL160|EXK81749||182	PL160|EXK81749||182	*
D378	de_novo	2	member	PL513|EXK81749.1||	PL160|EXK81749||182	100.0
D381	de_novo	2	centroid	PL83|BAN51852.1||98	PL83|BAN51852.1||98	*
D381	de_novo	2	member	PL580|A0A060N399||	PL83|BAN51852.1||98	100.0
D382	de_novo	2	centroid	PL82|BAN42606.1||97	PL82|BAN42606.1||97	*
D382	de_novo	2	member	PL482|A0A060N5H2||	PL82|BAN42606.1||97	100.0
D383	de_novo	2	centroid	PL84|XP_014659518.1||99	PL84|XP_014659518.1||99	*
D383	de_novo	2	member	PL551|BAN66731.1||	PL84|XP_014659518.1||99	100.0
D384	de_novo	2	centroid	PL204|XAQ58225||233	PL204|XAQ58225||233	*
D384	de_novo	2	member	PL477|XAQ58225.1||	PL204|XAQ58225||233	100.0
D386	de_novo	2	centroid	PL120|||138	PL120|||138	*
D386	de_novo	2	member	PL497|||	PL120|||138	100.0
D387	de_novo	2	centroid	PL14|WP_085690612||14	PL14|WP_085690612||14	*
D387	de_novo	2	member	PL539|WP_085690612.1||	PL14|WP_085690612||14	100.0
D388	de_novo	2	centroid	PL99|BCL64964.1||116	PL99|BCL64964.1||116	*
D388	de_novo	2	member	PL148|UNZ22463.1||170	PL99|BCL64964.1||116	100.0
D390	de_novo	2	centroid	PL79|XP_001817153.1||94	PL79|XP_001817153.1||94	*
D390	de_novo	2	member	PL486|P52956.1||	PL79|XP_001817153.1||94	100.0
D397	de_novo	2	centroid	PL122|||140	PL122|||140	*
D397	de_novo	2	member	PL499|||	PL122|||140	100.0
R000	reference	2	centroid	PL1|WP_054022242.1||1	PL1|WP_054022242.1||1	*
R000	reference	2	member	PL228|MBX3625601.1||259	PL1|WP_054022242.1||1	97.9
R003	reference	2	centroid	PL18|WP_015787089.1||18	PL18|WP_015787089.1||18	*
R003	reference	2	member	PL485|BAO42836.1||	PL18|WP_015787089.1||18	100.0
R004	reference	2	centroid	PL43|A0A075B5G4||44	PL43|A0A075B5G4||44	*
R004	reference	2	member	PL521|4OYY||	PL43|A0A075B5G4||44	100.0
R008	reference	2	centroid	PL52|CAA24927.1||60	PL52|CAA24927.1||60	*
R008	reference	2	member	PL546|P07061.1||	PL52|CAA24927.1||60	100.0
R010	reference	2	centroid	PL85|WP_011614907.1||100	PL85|WP_011614907.1||100	*
R010	reference	2	member	PL563|Q0KCI0||	PL85|WP_011614907.1||100	100.0
D002	de_novo	1	centroid	PL219|BEG79545||249	PL219|BEG79545||249	*
D003	de_novo	1	centroid	PL108|AQV11968.1||125	PL108|AQV11968.1||125	*
D006	de_novo	1	centroid	PL572|P94146||	PL572|P94146||	*
D008	de_novo	1	centroid	PL46|AAF01331.1||48	PL46|AAF01331.1||48	*
D012	de_novo	1	centroid	PL44|BAA76305.1||46	PL44|BAA76305.1||46	*
D013	de_novo	1	centroid	PL588|Q12559.2||	PL588|Q12559.2||	*
D014	de_novo	1	centroid	PL100|ALS54749.1||117	PL100|ALS54749.1||117	*
D015	de_novo	1	centroid	PL142|AAK11724.1||160	PL142|AAK11724.1||160	*
D016	de_novo	1	centroid	PL144|AAK28498.1||162	PL144|AAK28498.1||162	*
D017	de_novo	1	centroid	PL535|AII11185.1||	PL535|AII11185.1||	*
D019	de_novo	1	centroid	PL221|P08684.4||252	PL221|P08684.4||252	*
D020	de_novo	1	centroid	PL461|||492	PL461|||492	*
D021	de_novo	1	centroid	PL473|BAA19791.1||	PL473|BAA19791.1||	*
D023	de_novo	1	centroid	PL224|||255	PL224|||255	*
D025	de_novo	1	centroid	PL35|ADH43200.1||36	PL35|ADH43200.1||36	*
D026	de_novo	1	centroid	PL93|AAA21974.1||109	PL93|AAA21974.1||109	*
D027	de_novo	1	centroid	PL301|WP_145923095.1||332	PL301|WP_145923095.1||332	*
D028	de_novo	1	centroid	PL141|AGT90042.1||159	PL141|AGT90042.1||159	*
D029	de_novo	1	centroid	PL460|||491	PL460|||491	*
D031	de_novo	1	centroid	PL462|||493	PL462|||493	*
D033	de_novo	1	centroid	PL405|MBW4703769.1||436	PL405|MBW4703769.1||436	*
D034	de_novo	1	centroid	PL397|WP_084261341.1||428	PL397|WP_084261341.1||428	*
D035	de_novo	1	centroid	PL143|ARF18137.1||161	PL143|ARF18137.1||161	*
D037	de_novo	1	centroid	PL246|WP_130464304.1||277	PL246|WP_130464304.1||277	*
D039	de_novo	1	centroid	PL432|GIG90696.1||463	PL432|GIG90696.1||463	*
D041	de_novo	1	centroid	PL408|MCF0091346.1||439	PL408|MCF0091346.1||439	*
D042	de_novo	1	centroid	PL250|WP_082377728.1||281	PL250|WP_082377728.1||281	*
D047	de_novo	1	centroid	PL248|WP_088988822.1||279	PL248|WP_088988822.1||279	*
D051	de_novo	1	centroid	PL270|WP_130401777.1||301	PL270|WP_130401777.1||301	*
D054	de_novo	1	centroid	PL365|WP_221382552.1||396	PL365|WP_221382552.1||396	*
D055	de_novo	1	centroid	PL256|WP_082403176.1||287	PL256|WP_082403176.1||287	*
D056	de_novo	1	centroid	PL165|UNZ81747.1||187	PL165|UNZ81747.1||187	*
D057	de_novo	1	centroid	PL433|WP_086599340.1||464	PL433|WP_086599340.1||464	*
D058	de_novo	1	centroid	PL424|WP_264933993.1||455	PL424|WP_264933993.1||455	*
D059	de_novo	1	centroid	PL287|WP_132183354.1||318	PL287|WP_132183354.1||318	*
D060	de_novo	1	centroid	PL103|AKZ20828.1||120	PL103|AKZ20828.1||120	*
D061	de_novo	1	centroid	PL378|WP_210157342.1||409	PL378|WP_210157342.1||409	*
D062	de_novo	1	centroid	PL47|AAF66684.1||49	PL47|AAF66684.1||49	*
D063	de_novo	1	centroid	PL356|MBT8227529.1||387	PL356|MBT8227529.1||387	*
D065	de_novo	1	centroid	PL444|WP_239095870.1||475	PL444|WP_239095870.1||475	*
D066	de_novo	1	centroid	PL419|MTK05241.1||450	PL419|MTK05241.1||450	*
D067	de_novo	1	centroid	PL261|WP_013736455.1||292	PL261|WP_013736455.1||292	*
D068	de_novo	1	centroid	PL251|WP_132386942.1||282	PL251|WP_132386942.1||282	*
D069	de_novo	1	centroid	PL364|MGYP001121581011||395	PL364|MGYP001121581011||395	*
D070	de_novo	1	centroid	PL254|WP_132413760.1||285	PL254|WP_132413760.1||285	*
D071	de_novo	1	centroid	PL252|WP_132337032.1||283	PL252|WP_132337032.1||283	*
D072	de_novo	1	centroid	PL443|WP_233604767.1||474	PL443|WP_233604767.1||474	*
D076	de_novo	1	centroid	PL311|BAD07474.1||342	PL311|BAD07474.1||342	*
D077	de_novo	1	centroid	PL427|WP_260709492.1||458	PL427|WP_260709492.1||458	*
D079	de_novo	1	centroid	PL286|WP_084400763.1||317	PL286|WP_084400763.1||317	*
D080	de_novo	1	centroid	PL380|WP_232326807.1||411	PL380|WP_232326807.1||411	*
D081	de_novo	1	centroid	PL464|WKW63607.1||495	PL464|WKW63607.1||495	*
D083	de_novo	1	centroid	PL465|WKW63608.1||496	PL465|WKW63608.1||496	*
D084	de_novo	1	centroid	PL435|WP_109361459.1||466	PL435|WP_109361459.1||466	*
D087	de_novo	1	centroid	PL396|GHJ08786.1||427	PL396|GHJ08786.1||427	*
D088	de_novo	1	centroid	PL384|WP_031525917.1||415	PL384|WP_031525917.1||415	*
D090	de_novo	1	centroid	PL266|WP_131056699.1||297	PL266|WP_131056699.1||297	*
D091	de_novo	1	centroid	PL369|MGYP000221121644||400	PL369|MGYP000221121644||400	*
D092	de_novo	1	centroid	PL265|OKK16161.1||296	PL265|OKK16161.1||296	*
D093	de_novo	1	centroid	PL267|WP_045318561.1||298	PL267|WP_045318561.1||298	*
D095	de_novo	1	centroid	PL303|WP_067035690.1||334	PL303|WP_067035690.1||334	*
D096	de_novo	1	centroid	PL274|WP_109639600.1||305	PL274|WP_109639600.1||305	*
D098	de_novo	1	centroid	PL366|MGYP000271253724||397	PL366|MGYP000271253724||397	*
D099	de_novo	1	centroid	PL275|WP_086784246.1||306	PL275|WP_086784246.1||306	*
D100	de_novo	1	centroid	PL441|WP_218517662.1||472	PL441|WP_218517662.1||472	*
D101	de_novo	1	centroid	PL387|WP_203777396.1||418	PL387|WP_203777396.1||418	*
D102	de_novo	1	centroid	PL404|WP_271190254.1||435	PL404|WP_271190254.1||435	*
D104	de_novo	1	centroid	PL247|WP_073887759.1||278	PL247|WP_073887759.1||278	*
D105	de_novo	1	centroid	PL377|WBC00352.1||408	PL377|WBC00352.1||408	*
D106	de_novo	1	centroid	PL70|AHG30919.1||83	PL70|AHG30919.1||83	*
D107	de_novo	1	centroid	PL259|WP_141984372.1||290	PL259|WP_141984372.1||290	*
D110	de_novo	1	centroid	PL390|WP_203790592.1||421	PL390|WP_203790592.1||421	*
D111	de_novo	1	centroid	PL112|UFE15760.1||129	PL112|UFE15760.1||129	*
D113	de_novo	1	centroid	PL113|UFE15761.1||130	PL113|UFE15761.1||130	*
D118	de_novo	1	centroid	PL469|UFE15762.1||	PL469|UFE15762.1||	*
D119	de_novo	1	centroid	PL375|WP_267938240.1||406	PL375|WP_267938240.1||406	*
D121	de_novo	1	centroid	PL442|WP_256510519.1||473	PL442|WP_256510519.1||473	*
D123	de_novo	1	centroid	PL470|UFE15763.1||	PL470|UFE15763.1||	*
D124	de_novo	1	centroid	PL381|GFJ87714.1||412	PL381|GFJ87714.1||412	*
D126	de_novo	1	centroid	PL104|AKZ20829.1||121	PL104|AKZ20829.1||121	*
D127	de_novo	1	centroid	PL471|UFE15764.1||	PL471|UFE15764.1||	*
D128	de_novo	1	centroid	PL382|WP_158852571.1||413	PL382|WP_158852571.1||413	*
D129	de_novo	1	centroid	PL451|CAA26616.1||482	PL451|CAA26616.1||482	*
D130	de_novo	1	centroid	PL71|AGT96414.1||84	PL71|AGT96414.1||84	*
D138	de_novo	1	centroid	PL257|WP_137976057.1||288	PL257|WP_137976057.1||288	*
D139	de_novo	1	centroid	PL177|AAA33742.1||205	PL177|AAA33742.1||205	*
D140	de_novo	1	centroid	PL349|WP_170196788.1||380	PL349|WP_170196788.1||380	*
D141	de_novo	1	centroid	PL299|WP_086668955.1||330	PL299|WP_086668955.1||330	*
D142	de_novo	1	centroid	PL312|KXS08985||343	PL312|KXS08985||343	*
D143	de_novo	1	centroid	PL38|WP_039353427.1||39	PL38|WP_039353427.1||39	*
D146	de_novo	1	centroid	PL218|XHH12378||248	PL218|XHH12378||248	*
D147	de_novo	1	centroid	PL343|A0A7X7N2B0||374	PL343|A0A7X7N2B0||374	*
D148	de_novo	1	centroid	PL37|WP_111881932.1||38	PL37|WP_111881932.1||38	*
D150	de_novo	1	centroid	PL345|XP_005707592.1||376	PL345|XP_005707592.1||376	*
D151	de_novo	1	centroid	PL340|A0A7V9NEU5||371	PL340|A0A7V9NEU5||371	*
D152	de_novo	1	centroid	PL216|XHH12374||246	PL216|XHH12374||246	*
D154	de_novo	1	centroid	PL453|WDT94064||484	PL453|WDT94064||484	*
D155	de_novo	1	centroid	PL536|AII11221.1||	PL536|AII11221.1||	*
D156	de_novo	1	centroid	PL276|WP_078844206.1||307	PL276|WP_078844206.1||307	*
D157	de_novo	1	centroid	PL346|WP_010949597.1||377	PL346|WP_010949597.1||377	*
D159	de_novo	1	centroid	PL314|WP_082766707.1||345	PL314|WP_082766707.1||345	*
D160	de_novo	1	centroid	PL334|A0A6A7M915||365	PL334|A0A6A7M915||365	*
D162	de_novo	1	centroid	PL338|A0A7C7DKE8||369	PL338|A0A7C7DKE8||369	*
D164	de_novo	1	centroid	PL410|WP_199199185.1||441	PL410|WP_199199185.1||441	*
D165	de_novo	1	centroid	PL98|BAG32152.1||115	PL98|BAG32152.1||115	*
D166	de_novo	1	centroid	PL77|BAF57214.1||92	PL77|BAF57214.1||92	*
D167	de_novo	1	centroid	PL294|WP_084578793.1||325	PL294|WP_084578793.1||325	*
D168	de_novo	1	centroid	PL317|A0A1Y4BJH4||348	PL317|A0A1Y4BJH4||348	*
D169	de_novo	1	centroid	PL318|OWT56952||349	PL318|OWT56952||349	*
D170	de_novo	1	centroid	PL344|WP_014810472.1||375	PL344|WP_014810472.1||375	*
D171	de_novo	1	centroid	PL605|A0A840P940||	PL605|A0A840P940||	*
D172	de_novo	1	centroid	PL289|WP_141569747.1||320	PL289|WP_141569747.1||320	*
D173	de_novo	1	centroid	PL315|A0A1Q3SHB0||346	PL315|A0A1Q3SHB0||346	*
D174	de_novo	1	centroid	PL323|A0A351YZM4||354	PL323|A0A351YZM4||354	*
D175	de_novo	1	centroid	PL319|A0A2E3XQJ6||350	PL319|A0A2E3XQJ6||350	*
D176	de_novo	1	centroid	PL215|WP_068749367||245	PL215|WP_068749367||245	*
D177	de_novo	1	centroid	PL231|MSQ87502.1||262	PL231|MSQ87502.1||262	*
D178	de_novo	1	centroid	PL328|A0A432H965||359	PL328|A0A432H965||359	*
D179	de_novo	1	centroid	PL322|PWX09261.1||353	PL322|PWX09261.1||353	*
D180	de_novo	1	centroid	PL329|RYL92504.1||360	PL329|RYL92504.1||360	*
D181	de_novo	1	centroid	PL320|PSR30050||351	PL320|PSR30050||351	*
D182	de_novo	1	centroid	PL335|A0A6I1QW75||366	PL335|A0A6I1QW75||366	*
D183	de_novo	1	centroid	PL430|MBN1171866.1||461	PL430|MBN1171866.1||461	*
D184	de_novo	1	centroid	PL316|WP_075885500.1||347	PL316|WP_075885500.1||347	*
D185	de_novo	1	centroid	PL363|MBN2622270.1||394	PL363|MBN2622270.1||394	*
D187	de_novo	1	centroid	PL327|A0A3M1X2K7||358	PL327|A0A3M1X2K7||358	*
D188	de_novo	1	centroid	PL454|WDT94443||485	PL454|WDT94443||485	*
D189	de_novo	1	centroid	PL350|ACV09511||381	PL350|ACV09511||381	*
D190	de_novo	1	centroid	PL342|MSS57807||373	PL342|MSS57807||373	*
D191	de_novo	1	centroid	PL11|P19833.1||11	PL11|P19833.1||11	*
D192	de_novo	1	centroid	PL166|UNZ81748.1||188	PL166|UNZ81748.1||188	*
D193	de_novo	1	centroid	PL337|A0A7C6SQZ1||368	PL337|A0A7C6SQZ1||368	*
D195	de_novo	1	centroid	PL298|WP_110080872.1||329	PL298|WP_110080872.1||329	*
D197	de_novo	1	centroid	PL305|WP_129849678.1||336	PL305|WP_129849678.1||336	*
D198	de_novo	1	centroid	PL162|ADV66860.1||184	PL162|ADV66860.1||184	*
D199	de_novo	1	centroid	PL258|WP_125191182.1||289	PL258|WP_125191182.1||289	*
D200	de_novo	1	centroid	PL333|A0A661XAJ6||364	PL333|A0A661XAJ6||364	*
D201	de_novo	1	centroid	PL373|WP_233872418.1||404	PL373|WP_233872418.1||404	*
D202	de_novo	1	centroid	PL69|AGT96415.1||82	PL69|AGT96415.1||82	*
D203	de_novo	1	centroid	PL326|A0A3D4HM79||357	PL326|A0A3D4HM79||357	*
D204	de_novo	1	centroid	PL164|UNZ81746.1||186	PL164|UNZ81746.1||186	*
D205	de_novo	1	centroid	PL348|U7UHN3||379	PL348|U7UHN3||379	*
D206	de_novo	1	centroid	PL332|WP_170322449.1||363	PL332|WP_170322449.1||363	*
D208	de_novo	1	centroid	PL197|WP_008690040.1||226	PL197|WP_008690040.1||226	*
D209	de_novo	1	centroid	PL339|A0A7V5VEC1||370	PL339|A0A7V5VEC1||370	*
D210	de_novo	1	centroid	PL360|WP_229068674.1||391	PL360|WP_229068674.1||391	*
D213	de_novo	1	centroid	PL325|A0A3D1YDR8||356	PL325|A0A3D1YDR8||356	*
D215	de_novo	1	centroid	PL354|WP_151597653.1||385	PL354|WP_151597653.1||385	*
D218	de_novo	1	centroid	PL429|WP_149259982.1||460	PL429|WP_149259982.1||460	*
D221	de_novo	1	centroid	PL411|WP_247056560.1||442	PL411|WP_247056560.1||442	*
D222	de_novo	1	centroid	PL39|ACC95208.1||40	PL39|ACC95208.1||40	*
D225	de_novo	1	centroid	PL13|MGYP000532440779||13	PL13|MGYP000532440779||13	*
D226	de_novo	1	centroid	PL308|WP_075975245.1||339	PL308|WP_075975245.1||339	*
D227	de_novo	1	centroid	PL438|WP_307855560.1||469	PL438|WP_307855560.1||469	*
D230	de_novo	1	centroid	PL237|MBE65357.1||268	PL237|MBE65357.1||268	*
D232	de_novo	1	centroid	PL331|TAL40028||362	PL331|TAL40028||362	*
D235	de_novo	1	centroid	PL268|WP_075737041.1||299	PL268|WP_075737041.1||299	*
D236	de_novo	1	centroid	PL324|A0A368EC02||355	PL324|A0A368EC02||355	*
D237	de_novo	1	centroid	PL9|WP_088276085.1||9	PL9|WP_088276085.1||9	*
D238	de_novo	1	centroid	PL421|WP_093473685.1||452	PL421|WP_093473685.1||452	*
D239	de_novo	1	centroid	PL310|MBA55398.1||341	PL310|MBA55398.1||341	*
D240	de_novo	1	centroid	PL279|KNX38636.1||310	PL279|KNX38636.1||310	*
D241	de_novo	1	centroid	PL362|MGYP001489421514||393	PL362|MGYP001489421514||393	*
D242	de_novo	1	centroid	PL347|R5FI29||378	PL347|R5FI29||378	*
D244	de_novo	1	centroid	PL281|WP_093954453.1||312	PL281|WP_093954453.1||312	*
D245	de_novo	1	centroid	PL321|A0A315R6Z8||352	PL321|A0A315R6Z8||352	*
D247	de_novo	1	centroid	PL7|ADK73612.1||7	PL7|ADK73612.1||7	*
D248	de_novo	1	centroid	PL434|WP_019633337.1||465	PL434|WP_019633337.1||465	*
D250	de_novo	1	centroid	PL415|WP_203906211.1||446	PL415|WP_203906211.1||446	*
D252	de_novo	1	centroid	PL297|WP_120326365.1||328	PL297|WP_120326365.1||328	*
D254	de_novo	1	centroid	PL212|WP_142197250.1||242	PL212|WP_142197250.1||242	*
D255	de_novo	1	centroid	PL359|WP_233427406.1||390	PL359|WP_233427406.1||390	*
D257	de_novo	1	centroid	PL418|MBT9528079.1||449	PL418|MBT9528079.1||449	*
D258	de_novo	1	centroid	PL458|||489	PL458|||489	*
D259	de_novo	1	centroid	PL407|WP_269740835.1||438	PL407|WP_269740835.1||438	*
D260	de_novo	1	centroid	PL300|WP_092528534.1||331	PL300|WP_092528534.1||331	*
D262	de_novo	1	centroid	PL211|WP_220815207||241	PL211|WP_220815207||241	*
D263	de_novo	1	centroid	PL225|WP_218920366.1||256	PL225|WP_218920366.1||256	*
D264	de_novo	1	centroid	PL367|WP_184682765.1||398	PL367|WP_184682765.1||398	*
D265	de_novo	1	centroid	PL304|WP_103564314.1||335	PL304|WP_103564314.1||335	*
D266	de_novo	1	centroid	PL3|ASA57064.1||3	PL3|ASA57064.1||3	*
D268	de_novo	1	centroid	PL524|WP_068824797.1||	PL524|WP_068824797.1||	*
D269	de_novo	1	centroid	PL353|WP_130342639||384	PL353|WP_130342639||384	*
D270	de_novo	1	centroid	PL264|WP_083950838.1||295	PL264|WP_083950838.1||295	*
D271	de_novo	1	centroid	PL352|WP_035284691||383	PL352|WP_035284691||383	*
D272	de_novo	1	centroid	PL416|WP_144022925.1||447	PL416|WP_144022925.1||447	*
D273	de_novo	1	centroid	PL428|GGO06455.1||459	PL428|GGO06455.1||459	*
D274	de_novo	1	centroid	PL403|WP_252275389.1||434	PL403|WP_252275389.1||434	*
D275	de_novo	1	centroid	PL455|WDT94189||486	PL455|WDT94189||486	*
D276	de_novo	1	centroid	PL295|WP_104115406.1||326	PL295|WP_104115406.1||326	*
D277	de_novo	1	centroid	PL361|WP_161104454.1||392	PL361|WP_161104454.1||392	*
D278	de_novo	1	centroid	PL370|WP_203733135.1||401	PL370|WP_203733135.1||401	*
D279	de_novo	1	centroid	PL187|SIP63154.1||216	PL187|SIP63154.1||216	*
D280	de_novo	1	centroid	PL288|RZL02950.1||319	PL288|RZL02950.1||319	*
D281	de_novo	1	centroid	PL437|WP_150070118.1||468	PL437|WP_150070118.1||468	*
D283	de_novo	1	centroid	PL351|TDP67440||382	PL351|TDP67440||382	*
D284	de_novo	1	centroid	PL129|EGD44994.1||147	PL129|EGD44994.1||147	*
D285	de_novo	1	centroid	PL133|WP_093412886.1||151	PL133|WP_093412886.1||151	*
D286	de_novo	1	centroid	PL230|MBO9532528.1||261	PL230|MBO9532528.1||261	*
D287	de_novo	1	centroid	PL413|WP_203812622.1||444	PL413|WP_203812622.1||444	*
D289	de_novo	1	centroid	PL436|WP_211769896.1||467	PL436|WP_211769896.1||467	*
D290	de_novo	1	centroid	PL452|YCL34723||483	PL452|YCL34723||483	*
D291	de_novo	1	centroid	PL306|WP_103939557.1||337	PL306|WP_103939557.1||337	*
D292	de_novo	1	centroid	PL238|KZY99137.1||269	PL238|KZY99137.1||269	*
D293	de_novo	1	centroid	PL341|A0A7W0NYQ1||372	PL341|A0A7W0NYQ1||372	*
D296	de_novo	1	centroid	PL368|MBJ7347705.1||399	PL368|MBJ7347705.1||399	*
D297	de_novo	1	centroid	PL414|PWR09075.1||445	PL414|PWR09075.1||445	*
D299	de_novo	1	centroid	PL130|WP_062195544.1||148	PL130|WP_062195544.1||148	*
D302	de_novo	1	centroid	PL244|WP_084434874.1||275	PL244|WP_084434874.1||275	*
D303	de_novo	1	centroid	PL285|WP_123685830.1||316	PL285|WP_123685830.1||316	*
D304	de_novo	1	centroid	PL358|WP_085750434.1||389	PL358|WP_085750434.1||389	*
D305	de_novo	1	centroid	PL412|WP_239125827.1||443	PL412|WP_239125827.1||443	*
D306	de_novo	1	centroid	PL336|A0A7C3G8G6||367	PL336|A0A7C3G8G6||367	*
D307	de_novo	1	centroid	PL357|MBX3624429.1||388	PL357|MBX3624429.1||388	*
D308	de_novo	1	centroid	PL282|WP_116813002.1||313	PL282|WP_116813002.1||313	*
D309	de_novo	1	centroid	PL232|WP_018657411.1||263	PL232|WP_018657411.1||263	*
D310	de_novo	1	centroid	PL330|WP_131292212.1||361	PL330|WP_131292212.1||361	*
D311	de_novo	1	centroid	PL445|WP_253762837.1||476	PL445|WP_253762837.1||476	*
D312	de_novo	1	centroid	PL372|WP_129786244.1||403	PL372|WP_129786244.1||403	*
D313	de_novo	1	centroid	PL207|||236	PL207|||236	*
D314	de_novo	1	centroid	PL296|SPF04022.1||327	PL296|SPF04022.1||327	*
D315	de_novo	1	centroid	PL284|TQL66274.1||315	PL284|TQL66274.1||315	*
D316	de_novo	1	centroid	PL589|XCO66867.1||	PL589|XCO66867.1||	*
D317	de_novo	1	centroid	PL449|WP_143447025.1||480	PL449|WP_143447025.1||480	*
D318	de_novo	1	centroid	PL371|NUT34383.1||402	PL371|NUT34383.1||402	*
D319	de_novo	1	centroid	PL233|MPZ00478.1||264	PL233|MPZ00478.1||264	*
D320	de_novo	1	centroid	PL313|WP_073391230.1||344	PL313|WP_073391230.1||344	*
D321	de_novo	1	centroid	PL227|WP_019629726.1||258	PL227|WP_019629726.1||258	*
D322	de_novo	1	centroid	PL401|WP_229836555.1||432	PL401|WP_229836555.1||432	*
D324	de_novo	1	centroid	PL163|DAC80635.1||185	PL163|DAC80635.1||185	*
D325	de_novo	1	centroid	PL431|MBO9569276.1||462	PL431|MBO9569276.1||462	*
D327	de_novo	1	centroid	PL146|ACY56506.1||165	PL146|ACY56506.1||165	*
D328	de_novo	1	centroid	PL355|WP_187224800.1||386	PL355|WP_187224800.1||386	*
D329	de_novo	1	centroid	PL450|XDS72785.1||481	PL450|XDS72785.1||481	*
D331	de_novo	1	centroid	PL302|WP_091450391.1||333	PL302|WP_091450391.1||333	*
D333	de_novo	1	centroid	PL385|MBX3621832.1||416	PL385|MBX3621832.1||416	*
D335	de_novo	1	centroid	PL229|WP_116023875.1||260	PL229|WP_116023875.1||260	*
D338	de_novo	1	centroid	PL448|WP_250563816.1||479	PL448|WP_250563816.1||479	*
D340	de_novo	1	centroid	PL292|WP_051808300.1||323	PL292|WP_051808300.1||323	*
D341	de_novo	1	centroid	PL562|WP_013956815.1||	PL562|WP_013956815.1||	*
D342	de_novo	1	centroid	PL386|GIU85367.1||417	PL386|GIU85367.1||417	*
D343	de_novo	1	centroid	PL269|WP_065917710.1||300	PL269|WP_065917710.1||300	*
D344	de_novo	1	centroid	PL236|MBX2857432.1||267	PL236|MBX2857432.1||267	*
D345	de_novo	1	centroid	PL213|||243	PL213|||243	*
D348	de_novo	1	centroid	PL262|WP_143590710.1||293	PL262|WP_143590710.1||293	*
D349	de_novo	1	centroid	PL195|RGD93181.1||224	PL195|RGD93181.1||224	*
D350	de_novo	1	centroid	PL226|WP_209642273.1||257	PL226|WP_209642273.1||257	*
D351	de_novo	1	centroid	PL399|UAC02078.1||430	PL399|UAC02078.1||430	*
D353	de_novo	1	centroid	PL234|WP_203847453.1||265	PL234|WP_203847453.1||265	*
D355	de_novo	1	centroid	PL426|WP_256510026.1||457	PL426|WP_256510026.1||457	*
D357	de_novo	1	centroid	PL31|AFA45122.1||32	PL31|AFA45122.1||32	*
D358	de_novo	1	centroid	PL40|RLI42440.1||41	PL40|RLI42440.1||41	*
D360	de_novo	1	centroid	PL194|WP_118011433.1||223	PL194|WP_118011433.1||223	*
D361	de_novo	1	centroid	PL425|MGYP000321434903||456	PL425|MGYP000321434903||456	*
D362	de_novo	1	centroid	PL466|NP_390179.1||497	PL466|NP_390179.1||497	*
D365	de_novo	1	centroid	PL196|WP_013858543.1||225	PL196|WP_013858543.1||225	*
D369	de_novo	1	centroid	PL447|GIU85371.1||478	PL447|GIU85371.1||478	*
D370	de_novo	1	centroid	PL60|ABY53108.1||69	PL60|ABY53108.1||69	*
D374	de_novo	1	centroid	PL577|Q75UA4||	PL577|Q75UA4||	*
D376	de_novo	1	centroid	PL203|||232	PL203|||232	*
D377	de_novo	1	centroid	PL220|P00761.1||251	PL220|P00761.1||251	*
D380	de_novo	1	centroid	PL201|||230	PL201|||230	*
D385	de_novo	1	centroid	PL200|WKA69984.1||229	PL200|WKA69984.1||229	*
D391	de_novo	1	centroid	PL456|||487	PL456|||487	*
D392	de_novo	1	centroid	PL161|ESK97883.1||183	PL161|ESK97883.1||183	*
D393	de_novo	1	centroid	PL12|WP_003460012.1||12	PL12|WP_003460012.1||12	*
D394	de_novo	1	centroid	PL62|BAC67195.1||71	PL62|BAC67195.1||71	*
D395	de_novo	1	centroid	PL463|7C2A_A||494	PL463|7C2A_A||494	*
D396	de_novo	1	centroid	PL155|QEX94755.1||177	PL155|QEX94755.1||177	*
D398	de_novo	1	centroid	PL467|NP_999368.1||498	PL467|NP_999368.1||498	*
R005	reference	1	centroid	PL239|SDZ16714.1||270	PL239|SDZ16714.1||270	*
R006	reference	1	centroid	PL245|WP_116180173.1||276	PL245|WP_116180173.1||276	*
R011	reference	1	centroid	PL59|WP_037320891.1||68	PL59|WP_037320891.1||68	*
