source,target,pct_id,evalue,bits
n1,n10,52.4,3.180e-69,252.0
n1,n11,51.1,9.870e-71,257.0
n1,n12,49.6,5.420e-69,251.0
n1,n13,50.4,1.430e-69,253.0
n1,n14,49.3,6.840e-72,261.0
n1,n15,50.3,2.780e-73,265.0
n1,n16,48.9,1.740e-67,246.0
n1,n18,64.6,4.530e-108,381.0
n1,n19,46.4,1.520e-71,260.0
n1,n2,47.7,4.290e-66,242.0
n1,n20,48.4,1.170e-71,260.0
n1,n21,78.6,3.230e-130,455.0
n1,n22,49.0,4.150e-69,252.0
n1,n23,49.1,5.420e-69,251.0
n1,n24,44.5,2.780e-65,239.0
n1,n25,49.7,3.070e-72,262.0
n1,n26,51.3,1.680e-70,256.0
n1,n27,49.0,4.150e-69,252.0
n1,n28,41.9,8.670e-59,217.0
n1,n29,49.7,6.840e-72,261.0
n1,n30,51.1,9.870e-71,257.0
n1,n31,49.6,5.420e-69,251.0
n1,n32,44.5,4.160e-61,225.0
n1,n33,47.3,7.820e-68,247.0
n1,n34,44.7,3.400e-63,232.0
n1,n36,54.8,8.340e-78,280.0
n1,n4,74.9,3.030e-120,421.0
n1,n40,30.1,6.270e-25,105.0
n1,n41,49.6,2.350e-72,262.0
n1,n42,62.1,2.490e-98,349.0
n1,n43,44.2,7.340e-58,214.0
n1,n44,50.3,2.780e-73,265.0
n1,n45,49.3,6.840e-72,261.0
n1,n46,50.3,2.780e-73,265.0
n1,n47,78.6,3.230e-130,455.0
n1,n5,49.0,2.060e-68,249.0
n1,n50,35.6,2.900e-38,149.0
n1,n51,53.0,2.270e-75,272.0
n1,n52,47.5,1.930e-66,243.0
n1,n53,48.7,5.420e-69,251.0
n1,n54,48.9,6.620e-67,244.0
n1,n55,47.9,7.320e-66,241.0
n1,n56,49.0,1.330e-67,247.0
n1,n57,47.9,4.290e-66,242.0
n1,n58,42.9,5.250e-64,235.0
n1,n59,49.7,7.800e-76,274.0
n1,n6,48.4,2.520e-66,242.0
n1,n60,53.2,2.680e-76,275.0
n1,n61,50.6,3.620e-73,265.0
n1,n62,50.2,5.420e-69,251.0
n1,n64,48.5,4.740e-65,238.0
n1,n66,49.5,3.740e-78,282.0
n1,n67,38.8,3.200e-45,172.0
n1,n68,50.0,6.170e-81,291.0
n1,n69,48.4,2.060e-68,249.0
n1,n7,51.2,1.980e-79,286.0
n1,n70,51.0,2.870e-78,282.0
n1,n71,51.4,1.050e-80,290.0
n1,n72,44.5,1.170e-63,233.0
n1,n73,42.4,1.170e-63,233.0
n1,n74,52.0,3.070e-72,262.0
n1,n75,61.5,2.660e-100,355.0
n1,n76,48.2,3.870e-75,272.0
n1,n77,49.7,1.090e-77,280.0
n1,n78,44.9,9.560e-66,240.0
n1,n79,34.5,3.200e-37,146.0
n1,n8,50.6,2.430e-69,252.0
n1,n80,49.7,4.010e-72,262.0
n1,n81,50.5,5.230e-72,261.0
n1,n82,36.9,1.390e-40,157.0
n1,n83,40.6,3.190e-53,199.0
n1,n86,50.7,1.570e-76,276.0
n1,n87,42.8,4.020e-64,235.0
n1,n88,45.3,1.580e-60,223.0
n1,n89,53.2,1.020e-75,273.0
n1,n9,51.9,1.680e-70,256.0
n10,n11,98.5,7.380e-150,520.0
n10,n12,91.6,3.110e-140,488.0
n10,n13,96.2,7.630e-147,510.0
n10,n14,91.6,1.180e-139,486.0
n10,n15,98.5,2.800e-149,518.0
n10,n16,73.7,4.520e-115,404.0
n10,n18,51.3,7.790e-75,270.0
n10,n19,46.1,1.740e-66,243.0
n10,n2,63.6,1.760e-95,339.0
n10,n20,48.7,4.290e-65,238.0
n10,n21,52.0,7.070e-68,247.0
n10,n22,81.6,6.720e-127,443.0
n10,n23,80.8,4.810e-125,437.0
n10,n24,63.7,3.250e-97,345.0
n10,n25,91.2,3.430e-139,484.0
n10,n26,97.7,3.100e-148,514.0
n10,n27,81.6,6.720e-127,443.0
n10,n28,55.1,1.050e-79,287.0
n10,n29,93.1,4.330e-142,494.0
n10,n30,98.5,7.380e-150,520.0
n10,n31,91.6,3.110e-140,488.0
n10,n32,49.8,1.630e-72,263.0
n10,n33,59.7,1.420e-84,303.0
n10,n34,59.7,5.380e-84,301.0
n10,n36,48.5,2.680e-67,245.0
n10,n4,49.1,4.180e-69,252.0
n10,n40,30.0,4.490e-22,95.0
n10,n41,48.0,5.600e-65,238.0
n10,n42,51.1,1.200e-75,273.0
n10,n43,43.8,6.420e-53,198.0
n10,n44,98.5,2.800e-149,518.0
n10,n45,91.6,1.180e-139,486.0
n10,n46,98.5,2.800e-149,518.0
n10,n47,52.0,7.070e-68,247.0
n10,n5,60.1,2.520e-90,322.0
n10,n50,33.7,8.720e-34,134.0
n10,n51,52.6,1.240e-72,263.0
n10,n52,66.7,7.000e-100,354.0
n10,n53,67.3,5.360e-100,354.0
n10,n54,63.6,8.010e-96,340.0
n10,n55,53.8,1.570e-75,273.0
n10,n56,53.8,5.400e-76,274.0
n10,n57,54.5,1.850e-76,276.0
n10,n58,53.6,1.200e-75,273.0
n10,n59,48.3,4.580e-67,245.0
n10,n6,60.3,7.740e-92,327.0
n10,n60,47.0,8.640e-66,240.0
n10,n61,46.2,4.740e-64,235.0
n10,n62,62.5,4.860e-93,331.0
n10,n63,30.2,6.920e-23,98.0
n10,n64,64.7,8.010e-96,340.0
n10,n66,49.8,6.830e-71,257.0
n10,n67,35.2,6.250e-32,128.0
n10,n68,51.3,1.130e-73,267.0
n10,n69,60.4,1.510e-86,309.0
n10,n7,51.5,6.440e-73,264.0
n10,n70,48.0,3.060e-71,258.0
n10,n71,46.8,5.060e-66,241.0
n10,n72,59.9,1.560e-91,326.0
n10,n73,52.7,1.850e-76,276.0
n10,n74,78.2,3.950e-119,418.0
n10,n75,48.5,3.280e-65,238.0
n10,n76,49.1,7.550e-70,254.0
n10,n77,50.0,3.060e-71,258.0
n10,n78,59.8,2.500e-89,319.0
n10,n79,34.0,1.820e-31,126.0
n10,n8,97.3,3.430e-147,511.0
n10,n80,96.2,2.900e-146,508.0
n10,n81,62.8,8.010e-96,340.0
n10,n82,34.2,1.390e-31,127.0
n10,n83,48.7,7.570e-62,227.0
n10,n86,49.4,3.750e-69,252.0
n10,n87,58.6,2.050e-83,299.0
n10,n88,50.2,1.800e-71,259.0
n10,n89,48.7,1.420e-68,250.0
n10,n9,58.6,2.630e-85,305.0
n100,n107,32.5,6.300e-26,108.0
n101,n102,32.6,2.260e-25,107.0
n101,n108,35.3,8.320e-28,115.0
n101,n111,34.9,9.710e-69,251.0
n101,n99,33.2,2.110e-65,240.0
n102,n103,37.2,8.090e-74,268.0
n102,n109,34.5,5.440e-62,229.0
n102,n110,34.7,9.030e-41,158.0
n102,n99,35.3,3.720e-62,229.0
n103,n106,31.9,8.630e-08,49.0
n103,n108,31.8,6.330e-43,166.0
n103,n109,36.9,2.540e-76,277.0
n103,n110,31.4,1.310e-56,211.0
n103,n111,35.4,4.200e-71,259.0
n103,n99,36.5,4.520e-76,275.0
n104,n108,32.0,4.080e-25,106.0
n104,n109,31.9,2.460e-38,150.0
n104,n110,36.6,1.600e-29,121.0
n104,n99,34.8,1.790e-40,157.0
n105,n106,30.5,4.590e-07,45.0
n105,n107,30.8,2.430e-08,50.0
n106,n107,58.1,1.860e-107,379.0
n106,n109,31.0,1.920e-11,60.0
n106,n99,30.5,1.250e-09,55.0
n107,n108,37.3,1.940e-11,60.0
n107,n99,31.7,2.790e-09,54.0
n108,n109,32.6,1.810e-50,190.0
n108,n110,38.3,8.710e-37,145.0
n108,n111,31.9,2.600e-57,213.0
n108,n99,31.7,2.580e-55,206.0
n109,n110,34.9,4.280e-70,256.0
n109,n111,35.7,2.120e-77,280.0
n109,n99,35.5,1.970e-71,260.0
n11,n12,93.1,2.080e-144,502.0
n11,n13,97.7,5.110e-151,523.0
n11,n14,93.1,7.900e-144,500.0
n11,n15,100.0,1.880e-153,532.0
n11,n16,75.2,3.020e-119,418.0
n11,n17,33.3,4.510e-06,42.0
n11,n18,52.0,3.740e-77,278.0
n11,n19,46.8,1.090e-68,250.0
n11,n2,64.8,5.860e-99,351.0
n11,n20,49.1,1.330e-66,243.0
n11,n21,52.4,2.870e-69,252.0
n11,n22,83.1,4.500e-131,457.0
n11,n23,82.4,3.220e-129,451.0
n11,n24,65.3,2.180e-101,359.0
n11,n25,92.3,6.690e-143,497.0
n11,n26,99.2,2.070e-152,528.0
n11,n27,83.1,4.500e-131,457.0
n11,n28,56.0,7.780e-83,297.0
n11,n29,94.3,8.440e-146,506.0
n11,n30,100.0,4.940e-154,533.0
n11,n31,93.1,2.080e-144,502.0
n11,n32,51.0,4.130e-76,275.0
n11,n33,60.1,4.400e-86,308.0
n11,n34,60.1,1.670e-85,306.0
n11,n36,48.9,1.090e-68,250.0
n11,n4,49.4,4.460e-71,258.0
n11,n40,30.5,6.260e-24,101.0
n11,n41,48.7,2.680e-67,245.0
n11,n42,51.9,5.770e-78,281.0
n11,n43,44.2,2.610e-54,202.0
n11,n44,100.0,1.880e-153,532.0
n11,n45,93.1,7.900e-144,500.0
n11,n46,100.0,1.880e-153,532.0
n11,n47,52.4,2.870e-69,252.0
n11,n5,61.2,6.400e-94,334.0
n11,n50,33.7,3.910e-34,135.0
n11,n51,53.0,8.620e-74,267.0
n11,n52,67.8,2.320e-103,365.0
n11,n53,68.4,1.780e-103,366.0
n11,n54,64.8,2.660e-99,352.0
n11,n55,54.9,5.220e-79,284.0
n11,n56,54.9,1.790e-79,286.0
n11,n57,55.7,6.160e-80,287.0
n11,n58,54.0,2.190e-77,279.0
n11,n59,49.1,3.750e-69,252.0
n11,n6,61.5,2.570e-95,339.0
n11,n60,47.8,1.210e-67,247.0
n11,n61,46.6,8.640e-66,240.0
n11,n62,63.6,1.610e-96,342.0
n11,n63,31.1,5.660e-25,105.0
n11,n64,65.9,4.540e-99,351.0
n11,n66,50.2,1.630e-72,263.0
n11,n67,35.2,1.390e-31,127.0
n11,n68,52.0,5.400e-76,274.0
n11,n69,60.8,2.110e-88,315.0
n11,n7,52.2,1.530e-74,270.0
n11,n70,49.1,1.920e-73,266.0
n11,n71,47.5,2.430e-68,249.0
n11,n72,61.1,3.970e-95,338.0
n11,n73,53.4,6.810e-79,284.0
n11,n74,79.7,2.640e-123,431.0
n11,n75,49.8,1.740e-66,243.0
n11,n76,49.8,3.620e-72,262.0
n11,n77,50.7,1.920e-73,266.0
n11,n78,60.2,3.480e-91,325.0
n11,n79,34.0,8.160e-32,127.0
n11,n8,98.9,2.290e-151,525.0
n11,n80,97.3,5.650e-150,520.0
n11,n81,64.0,2.660e-99,352.0
n11,n82,34.2,1.390e-31,127.0
n11,n83,48.7,5.240e-63,231.0
n11,n86,49.8,1.520e-70,256.0
n11,n87,59.5,1.510e-86,309.0
n11,n88,50.6,7.290e-73,264.0
n11,n89,49.4,8.920e-71,257.0
n11,n9,59.7,8.730e-89,317.0
n110,n111,32.8,2.500e-61,226.0
n110,n99,31.3,5.750e-55,205.0
n111,n99,41.8,1.440e-106,377.0
n113,n114,46.6,8.360e-101,357.0
n113,n115,50.4,8.630e-106,374.0
n113,n116,49.6,1.130e-105,374.0
n113,n117,55.5,6.360e-125,438.0
n113,n118,49.4,5.410e-108,381.0
n114,n115,48.1,6.050e-103,364.0
n114,n116,48.1,1.490e-101,360.0
n114,n117,50.8,2.540e-109,386.0
n114,n118,43.0,3.940e-86,309.0
n115,n116,95.2,1.180e-245,839.0
n115,n117,49.1,3.340e-107,379.0
n115,n118,43.1,2.570e-99,352.0
n116,n117,48.9,1.460e-107,380.0
n116,n118,46.0,3.720e-103,365.0
n117,n118,48.0,3.230e-104,369.0
n119,n120,46.9,7.630e-44,167.0
n119,n121,95.3,3.350e-116,408.0
n12,n13,94.7,9.970e-147,509.0
n12,n14,100.0,2.220e-154,535.0
n12,n15,93.1,7.900e-144,500.0
n12,n16,76.7,4.980e-122,427.0
n12,n18,49.8,3.870e-74,268.0
n12,n19,48.0,1.290e-69,253.0
n12,n2,64.0,3.210e-97,345.0
n12,n20,48.0,1.920e-65,239.0
n12,n21,50.8,5.410e-68,248.0
n12,n22,85.8,3.550e-136,474.0
n12,n23,85.8,6.060e-136,473.0
n12,n24,66.0,2.320e-103,365.0
n12,n25,99.2,1.880e-153,532.0
n12,n26,93.1,4.630e-144,500.0
n12,n27,85.8,3.550e-136,474.0
n12,n28,56.0,4.560e-83,298.0
n12,n29,97.3,5.650e-150,520.0
n12,n30,93.1,2.080e-144,502.0
n12,n31,100.0,5.830e-155,537.0
n12,n32,50.2,7.790e-75,270.0
n12,n33,58.8,1.420e-84,303.0
n12,n34,58.8,9.180e-84,300.0
n12,n36,47.7,7.070e-68,247.0
n12,n4,48.7,1.440e-69,253.0
n12,n40,31.1,1.820e-23,100.0
n12,n41,47.2,7.310e-65,237.0
n12,n42,50.4,1.200e-75,273.0
n12,n43,44.1,2.000e-54,203.0
n12,n44,93.1,7.900e-144,500.0
n12,n45,100.0,2.220e-154,535.0
n12,n46,93.1,7.900e-144,500.0
n12,n47,50.8,5.410e-68,248.0
n12,n5,60.8,1.430e-93,333.0
n12,n50,34.3,7.880e-35,138.0
n12,n51,51.9,4.280e-73,265.0
n12,n52,67.0,1.670e-101,359.0
n12,n53,66.9,2.180e-101,359.0
n12,n54,64.0,1.460e-97,346.0
n12,n55,54.3,7.530e-78,280.0
n12,n56,54.7,1.980e-78,282.0
n12,n57,55.1,8.900e-79,283.0
n12,n58,53.6,3.160e-76,275.0
n12,n59,48.3,4.890e-69,251.0
n12,n6,61.1,4.380e-95,338.0
n12,n60,47.4,1.740e-66,243.0
n12,n61,46.6,1.920e-65,239.0
n12,n62,62.8,2.330e-95,339.0
n12,n64,64.7,2.750e-96,342.0
n12,n66,50.2,1.130e-73,267.0
n12,n67,35.7,1.070e-31,127.0
n12,n68,51.7,1.090e-76,277.0
n12,n69,61.2,1.160e-86,310.0
n12,n7,51.9,1.170e-74,270.0
n12,n70,48.7,1.240e-72,263.0
n12,n71,46.8,3.170e-68,248.0
n12,n72,61.5,3.040e-95,338.0
n12,n73,53.1,8.900e-79,283.0
n12,n74,79.7,1.000e-122,429.0
n12,n75,49.0,2.130e-64,236.0
n12,n76,49.4,4.280e-73,265.0
n12,n77,50.0,1.470e-73,266.0
n12,n78,59.8,2.950e-90,322.0
n12,n79,36.0,5.110e-34,135.0
n12,n8,92.7,5.120e-143,497.0
n12,n80,94.3,1.100e-145,506.0
n12,n81,62.8,9.460e-97,343.0
n12,n82,35.2,2.800e-32,129.0
n12,n83,47.1,1.090e-60,223.0
n12,n86,49.8,1.050e-71,260.0
n12,n87,59.1,2.190e-85,305.0
n12,n88,50.9,2.510e-73,265.0
n12,n89,48.7,3.390e-70,255.0
n12,n9,59.3,6.920e-86,307.0
n120,n121,46.2,6.450e-45,171.0
n123,n124,45.4,1.930e-163,566.0
n126,n127,31.0,1.560e-44,171.0
n128,n129,34.2,2.700e-41,159.0
n13,n14,94.6,3.790e-146,507.0
n13,n15,97.7,1.940e-150,522.0
n13,n16,75.2,5.160e-119,417.0
n13,n18,50.9,1.570e-75,273.0
n13,n19,46.5,2.060e-67,246.0
n13,n2,64.8,7.650e-99,350.0
n13,n20,48.7,5.600e-65,238.0
n13,n21,51.6,5.410e-68,248.0
n13,n22,82.4,8.480e-130,453.0
n13,n23,81.2,6.080e-128,447.0
n13,n24,64.9,4.850e-101,357.0
n13,n25,94.6,4.950e-146,507.0
n13,n26,98.5,1.760e-151,525.0
n13,n27,82.4,8.480e-130,453.0
n13,n28,56.0,2.260e-82,295.0
n13,n29,96.6,6.240e-149,517.0
n13,n30,97.7,5.110e-151,523.0
n13,n31,94.7,9.970e-147,509.0
n13,n32,50.2,7.790e-75,270.0
n13,n33,59.3,1.080e-84,303.0
n13,n34,59.3,5.380e-84,301.0
n13,n36,48.1,9.230e-68,247.0
n13,n4,49.8,2.210e-70,256.0
n13,n40,30.5,1.820e-23,100.0
n13,n41,47.6,3.280e-65,238.0
n13,n42,50.7,4.130e-76,275.0
n13,n43,44.5,6.860e-55,204.0
n13,n44,97.7,1.940e-150,522.0
n13,n45,94.6,3.790e-146,507.0
n13,n46,97.7,1.940e-150,522.0
n13,n47,51.6,5.410e-68,248.0
n13,n5,61.6,4.900e-94,334.0
n13,n50,33.9,1.340e-34,137.0
n13,n51,51.9,1.380e-71,260.0
n13,n52,68.2,1.040e-103,366.0
n13,n53,68.4,2.320e-103,365.0
n13,n54,64.8,3.470e-99,351.0
n13,n55,54.2,2.190e-77,279.0
n13,n56,54.5,5.770e-78,281.0
n13,n57,54.9,2.590e-78,282.0
n13,n58,53.6,2.420e-76,275.0
n13,n59,48.7,1.860e-68,249.0
n13,n6,61.1,1.280e-94,336.0
n13,n60,47.0,3.880e-66,242.0
n13,n61,45.9,3.630e-64,235.0
n13,n62,62.5,3.040e-95,338.0
n13,n63,31.1,2.150e-24,103.0
n13,n64,64.7,1.910e-97,346.0
n13,n66,49.8,8.070e-72,260.0
n13,n67,34.8,2.620e-30,122.0
n13,n68,51.3,7.790e-75,270.0
n13,n69,61.2,2.760e-88,315.0
n13,n7,51.5,4.930e-73,265.0
n13,n70,49.8,2.270e-74,269.0
n13,n71,47.2,2.680e-67,245.0
n13,n72,60.7,1.970e-94,335.0
n13,n73,52.7,7.530e-78,280.0
n13,n74,78.9,2.920e-122,428.0
n13,n75,49.4,6.610e-66,241.0
n13,n76,49.4,1.050e-71,260.0
n13,n77,49.6,1.050e-71,260.0
n13,n78,60.2,7.760e-91,324.0
n13,n79,34.7,1.640e-32,130.0
n13,n8,97.3,1.260e-149,519.0
n13,n80,99.6,4.180e-153,530.0
n13,n81,63.6,2.250e-98,349.0
n13,n82,33.9,1.180e-30,124.0
n13,n83,48.3,1.520e-62,230.0
n13,n86,49.8,2.590e-70,255.0
n13,n87,59.1,2.190e-85,305.0
n13,n88,51.3,1.470e-73,266.0
n13,n89,48.7,1.680e-69,253.0
n13,n9,58.9,2.810e-87,312.0
n133,n134,32.4,3.160e-12,63.0
n134,n34,30.6,2.960e-06,43.0
n139,n140,62.4,4.150e-65,238.0
n139,n142,31.0,2.230e-10,56.0
n139,n143,55.3,2.600e-59,218.0
n139,n144,30.3,1.450e-09,53.0
n139,n145,30.2,2.390e-12,62.0
n139,n146,32.4,3.560e-16,75.0
n139,n147,31.7,1.820e-20,89.0
n139,n148,54.0,7.090e-57,210.0
n139,n149,62.7,1.520e-67,246.0
n139,n150,50.3,1.130e-46,176.0
n139,n151,55.8,8.940e-60,220.0
n139,n153,32.4,3.560e-16,75.0
n139,n154,50.0,4.920e-50,188.0
n14,n15,93.0,2.430e-163,565.0
n14,n16,76.6,2.300e-121,425.0
n14,n18,49.7,4.550e-77,278.0
n14,n19,45.3,1.160e-72,263.0
n14,n2,63.9,1.220e-96,343.0
n14,n20,47.5,6.160e-66,241.0
n14,n21,47.2,2.670e-69,252.0
n14,n22,82.4,7.870e-146,507.0
n14,n23,84.4,3.090e-150,521.0
n14,n24,61.7,3.020e-105,372.0
n14,n25,99.0,3.070e-174,601.0
n14,n26,93.1,5.640e-144,500.0
n14,n27,82.4,7.870e-146,507.0
n14,n28,55.0,3.480e-85,305.0
n14,n29,96.6,3.740e-180,621.0
n14,n30,93.1,9.620e-144,500.0
n14,n31,100.0,2.700e-154,535.0
n14,n32,49.3,3.370e-80,289.0
n14,n33,57.1,4.110e-86,308.0
n14,n34,56.4,5.360e-86,308.0
n14,n36,47.7,8.600e-68,247.0
n14,n4,48.4,3.420e-71,258.0
n14,n41,44.3,1.050e-65,240.0
n14,n42,45.1,6.570e-76,274.0
n14,n43,41.0,6.390e-55,205.0
n14,n44,93.0,2.430e-163,565.0
n14,n45,100.0,4.120e-187,644.0
n14,n46,93.0,2.430e-163,565.0
n14,n47,47.2,2.670e-69,252.0
n14,n5,59.5,4.730e-97,344.0
n14,n50,34.3,9.600e-35,138.0
n14,n51,47.9,8.030e-74,267.0
n14,n52,66.9,7.710e-101,357.0
n14,n53,66.8,1.010e-100,357.0
n14,n54,64.1,5.170e-97,344.0
n14,n55,54.4,2.670e-77,279.0
n14,n56,54.8,5.380e-78,281.0
n14,n57,55.1,2.410e-78,282.0
n14,n58,52.5,5.740e-80,288.0
n14,n59,46.7,6.360e-71,258.0
n14,n6,58.4,1.610e-97,346.0
n14,n60,47.4,2.120e-66,243.0
n14,n61,42.7,1.370e-65,240.0
n14,n62,62.7,1.270e-95,340.0
n14,n63,30.3,9.010e-25,104.0
n14,n64,64.7,3.350e-96,342.0
n14,n66,46.8,5.560e-75,271.0
n14,n67,35.7,1.300e-31,127.0
n14,n68,49.3,1.410e-78,283.0
n14,n69,57.6,2.840e-87,312.0
n14,n7,49.0,3.650e-76,275.0
n14,n70,47.6,5.560e-75,271.0
n14,n71,44.8,2.670e-69,252.0
n14,n72,58.9,3.830e-100,355.0
n14,n73,50.2,6.780e-81,291.0
n14,n74,76.5,2.150e-127,445.0
n14,n75,47.8,3.610e-66,242.0
n14,n76,49.3,5.210e-73,265.0
n14,n77,46.2,9.490e-75,270.0
n14,n78,56.6,6.540e-92,327.0
n14,n79,36.0,6.220e-34,135.0
n14,n8,92.7,1.760e-143,498.0
n14,n80,94.0,3.400e-165,571.0
n14,n81,58.8,1.450e-99,353.0
n14,n82,35.2,3.410e-32,129.0
n14,n83,46.1,6.820e-65,238.0
n14,n86,48.4,7.520e-72,261.0
n14,n87,56.1,2.180e-87,312.0
n14,n88,47.7,1.050e-73,267.0
n14,n89,45.8,9.820e-72,260.0
n14,n9,53.5,7.390e-88,314.0
n140,n143,57.7,6.320e-73,264.0
n140,n147,32.9,5.800e-26,108.0
n140,n148,57.5,3.830e-70,255.0
n140,n149,53.8,1.150e-66,243.0
n140,n150,46.2,7.280e-45,171.0
n140,n151,57.7,4.840e-73,264.0
n140,n152,30.3,1.640e-12,63.0
n140,n154,47.8,3.990e-51,191.0
n141,n142,64.5,6.710e-83,297.0
n141,n144,61.6,1.070e-80,290.0
n141,n145,57.3,2.740e-68,248.0
n141,n146,32.5,2.770e-20,89.0
n141,n152,33.0,1.210e-15,74.0
n141,n153,32.5,2.770e-20,89.0
n141,n155,62.8,2.310e-75,272.0
n142,n144,93.3,2.940e-129,451.0
n142,n145,54.7,1.390e-70,256.0
n142,n152,33.7,4.380e-16,75.0
n142,n155,54.3,1.060e-62,230.0
n143,n147,32.7,1.310e-25,107.0
n143,n148,77.1,4.400e-98,347.0
n143,n149,49.6,1.020e-62,230.0
n143,n150,49.3,4.040e-51,191.0
n143,n151,98.3,4.080e-128,447.0
n143,n154,45.9,1.060e-51,193.0
n144,n145,57.3,2.990e-73,265.0
n144,n152,31.8,9.770e-16,74.0
n144,n155,54.8,3.660e-63,231.0
n145,n146,30.1,1.080e-16,77.0
n145,n153,30.1,1.080e-16,77.0
n145,n154,30.1,3.260e-13,65.0
n145,n155,58.9,3.920e-67,245.0
n146,n147,32.6,7.960e-25,104.0
n146,n152,44.2,1.040e-40,157.0
n146,n153,100.0,5.930e-121,423.0
n146,n155,30.8,4.680e-17,78.0
n147,n148,30.6,2.040e-22,96.0
n147,n149,30.9,7.750e-22,94.0
n147,n151,31.9,1.670e-24,103.0
n147,n152,32.2,1.120e-20,90.0
n147,n153,32.6,7.480e-25,104.0
n147,n154,32.7,8.840e-26,107.0
n148,n149,48.7,3.090e-59,218.0
n148,n150,47.1,7.130e-48,181.0
n148,n151,76.2,4.870e-97,344.0
n148,n154,47.8,6.890e-51,191.0
n149,n150,44.3,2.520e-48,182.0
n149,n151,49.2,4.010e-62,228.0
n149,n154,43.7,3.900e-49,185.0
n15,n16,75.1,1.320e-118,416.0
n15,n17,33.3,5.180e-06,42.0
n15,n18,51.4,9.240e-80,287.0
n15,n19,44.3,4.160e-72,262.0
n15,n2,64.6,2.230e-98,349.0
n15,n20,48.6,4.030e-67,245.0
n15,n21,48.6,1.340e-70,257.0
n15,n22,80.4,2.470e-141,492.0
n15,n23,81.1,2.640e-143,498.0
n15,n24,61.4,7.030e-104,367.0
n15,n25,92.7,6.680e-163,563.0
n15,n26,99.2,2.380e-152,528.0
n15,n27,80.4,2.470e-141,492.0
n15,n28,55.0,5.600e-85,304.0
n15,n29,95.0,7.630e-167,576.0
n15,n30,100.0,2.150e-153,532.0
n15,n31,93.1,9.070e-144,500.0
n15,n32,49.7,2.200e-81,292.0
n15,n33,58.2,1.200e-87,313.0
n15,n34,57.4,1.570e-87,313.0
n15,n36,48.9,1.250e-68,250.0
n15,n4,49.1,1.060e-72,263.0
n15,n40,30.4,1.110e-24,104.0
n15,n41,45.5,3.640e-68,248.0
n15,n42,51.7,6.620e-78,281.0
n15,n43,38.2,4.620e-55,205.0
n15,n44,100.0,1.700e-174,602.0
n15,n45,93.0,2.300e-163,565.0
n15,n46,100.0,1.700e-174,602.0
n15,n47,48.6,1.340e-70,257.0
n15,n5,59.8,1.250e-97,346.0
n15,n50,33.7,4.500e-34,135.0
n15,n51,50.2,4.440e-74,268.0
n15,n52,67.7,1.010e-102,363.0
n15,n53,68.3,7.770e-103,364.0
n15,n54,64.9,8.890e-99,350.0
n15,n55,55.0,1.740e-78,283.0
n15,n56,55.0,4.590e-79,285.0
n15,n57,55.7,1.580e-79,286.0
n15,n58,51.5,1.090e-80,290.0
n15,n59,46.5,2.700e-71,259.0
n15,n6,60.1,9.440e-98,347.0
n15,n60,47.8,1.380e-67,247.0
n15,n61,46.6,9.920e-66,240.0
n15,n62,63.5,8.320e-97,344.0
n15,n63,31.0,2.020e-26,110.0
n15,n64,65.9,5.210e-99,351.0
n15,n66,46.8,4.440e-74,268.0
n15,n67,35.2,1.600e-31,127.0
n15,n68,49.7,5.070e-78,281.0
n15,n69,56.8,2.870e-89,319.0
n15,n7,49.4,2.790e-76,275.0
n15,n70,47.9,8.100e-76,274.0
n15,n71,44.7,1.930e-69,253.0
n15,n72,58.7,2.760e-100,355.0
n15,n73,50.5,2.870e-81,292.0
n15,n74,76.8,1.410e-128,449.0
n15,n75,49.3,2.520e-69,252.0
n15,n76,49.6,4.160e-72,262.0
n15,n77,46.9,1.170e-74,270.0
n15,n78,56.7,2.510e-93,332.0
n15,n79,34.0,9.370e-32,127.0
n15,n8,98.9,7.880e-152,526.0
n15,n80,97.7,5.110e-171,590.0
n15,n81,60.4,3.860e-102,361.0
n15,n82,34.2,1.600e-31,127.0
n15,n83,47.5,3.080e-67,245.0
n15,n86,48.4,1.020e-70,257.0
n15,n87,56.5,1.090e-88,317.0
n15,n88,47.4,1.690e-73,266.0
n15,n89,46.4,4.160e-72,262.0
n15,n9,55.6,7.140e-91,324.0
n150,n151,50.7,1.680e-51,193.0
n150,n154,51.9,9.510e-55,203.0
n150,n155,30.3,5.650e-07,45.0
n151,n154,45.4,2.370e-51,192.0
n152,n153,44.2,8.920e-41,157.0
n152,n154,30.3,4.930e-15,71.0
n152,n155,32.6,1.690e-15,73.0
n153,n155,30.8,4.680e-17,78.0
n156,n157,44.1,1.380e-86,310.0
n156,n158,47.1,5.600e-88,315.0
n156,n159,47.7,3.730e-108,382.0
n157,n158,39.9,2.560e-72,263.0
n157,n159,56.0,1.990e-133,466.0
n158,n159,41.3,1.560e-90,323.0
n16,n18,50.2,3.870e-74,268.0
n16,n19,48.9,5.230e-71,258.0
n16,n2,67.8,3.110e-100,355.0
n16,n20,45.7,2.350e-63,232.0
n16,n21,48.5,2.430e-68,249.0
n16,n22,77.8,7.690e-123,430.0
n16,n23,78.2,2.640e-123,431.0
n16,n24,69.1,1.110e-105,373.0
n16,n25,75.9,1.600e-120,422.0
n16,n26,74.7,3.340e-118,414.0
n16,n27,77.8,7.690e-123,430.0
n16,n28,59.1,1.080e-84,303.0
n16,n29,75.9,6.090e-120,420.0
n16,n30,75.2,3.020e-119,418.0
n16,n31,76.7,4.980e-122,427.0
n16,n32,52.9,3.060e-79,285.0
n16,n33,61.3,1.510e-86,309.0
n16,n34,59.7,2.670e-83,299.0
n16,n36,48.1,4.890e-69,251.0
n16,n4,51.3,6.880e-72,261.0
n16,n40,33.9,6.690e-26,108.0
n16,n41,44.0,4.150e-60,221.0
n16,n42,50.0,5.050e-74,268.0
n16,n43,44.0,3.890e-58,215.0
n16,n44,75.1,1.150e-118,416.0
n16,n45,76.6,1.890e-121,425.0
n16,n46,75.1,1.150e-118,416.0
n16,n47,48.5,2.430e-68,249.0
n16,n5,64.6,9.540e-98,347.0
n16,n50,33.6,2.070e-35,139.0
n16,n51,48.3,1.420e-68,250.0
n16,n52,68.6,1.230e-104,369.0
n16,n53,68.4,8.830e-103,363.0
n16,n54,67.0,2.040e-99,352.0
n16,n55,56.1,2.500e-81,292.0
n16,n56,57.6,5.950e-83,297.0
n16,n57,56.8,2.950e-82,295.0
n16,n58,53.6,7.530e-78,280.0
n16,n59,47.3,1.210e-67,247.0
n16,n6,64.1,1.040e-96,343.0
n16,n60,49.4,5.780e-70,254.0
n16,n61,48.7,1.210e-67,247.0
n16,n62,69.0,1.280e-101,359.0
n16,n64,65.9,1.320e-98,349.0
n16,n65,31.4,2.020e-06,43.0
n16,n66,51.9,5.050e-74,268.0
n16,n67,31.4,3.430e-30,122.0
n16,n68,51.8,2.050e-75,272.0
n16,n69,53.9,2.770e-80,289.0
n16,n7,50.0,1.210e-71,260.0
n16,n70,49.4,3.060e-71,258.0
n16,n71,46.6,2.680e-67,245.0
n16,n72,67.9,3.590e-104,368.0
n16,n73,56.9,4.120e-84,301.0
n16,n74,74.7,1.660e-117,412.0
n16,n75,48.6,2.130e-64,236.0
n16,n76,51.1,1.920e-73,266.0
n16,n77,49.8,5.590e-73,264.0
n16,n78,63.6,5.190e-95,337.0
n16,n79,34.7,1.760e-34,136.0
n16,n8,74.3,3.690e-117,411.0
n16,n80,74.7,5.700e-118,414.0
n16,n81,67.4,9.770e-102,360.0
n16,n82,33.8,4.780e-32,128.0
n16,n83,48.1,2.130e-64,236.0
n16,n86,48.5,2.200e-69,252.0
n16,n87,63.8,9.790e-94,333.0
n16,n88,48.7,5.230e-71,258.0
n16,n89,47.6,2.680e-67,245.0
n16,n9,58.9,2.150e-87,312.0
n161,n162,48.1,3.900e-125,439.0
n161,n163,74.1,1.020e-32,132.0
n161,n164,99.4,0.000e+00,1241.0
n161,n165,34.7,8.510e-80,288.0
n162,n163,33.9,8.720e-47,178.0
n162,n164,48.1,1.780e-124,436.0
n162,n165,79.0,6.090e-250,853.0
n163,n164,74.1,7.450e-33,132.0
n163,n165,51.0,2.370e-71,260.0
n164,n165,34.6,1.230e-78,284.0
n166,n167,99.6,4.490e-169,584.0
n17,n22,30.1,9.220e-06,41.0
n17,n27,30.1,9.220e-06,41.0
n17,n30,33.3,5.400e-06,42.0
n17,n44,33.3,5.400e-06,42.0
n17,n46,33.3,5.400e-06,42.0
n17,n62,34.1,5.400e-06,42.0
n17,n8,33.3,4.510e-06,42.0
n175,n176,68.2,5.720e-126,441.0
n175,n177,50.3,1.520e-86,310.0
n175,n178,56.6,6.160e-96,341.0
n175,n179,56.3,1.050e-95,340.0
n175,n180,56.9,5.580e-97,344.0
n176,n177,57.8,1.730e-103,366.0
n176,n178,58.9,5.190e-108,381.0
n176,n179,58.3,2.330e-108,382.0
n176,n180,59.2,2.490e-110,389.0
n177,n178,60.2,6.480e-114,401.0
n177,n179,59.6,1.890e-113,399.0
n177,n180,60.2,5.860e-115,404.0
n178,n179,97.2,1.470e-201,692.0
n178,n180,95.8,1.160e-198,682.0
n179,n180,98.6,1.570e-203,698.0
n18,n19,44.7,1.240e-76,277.0
n18,n2,50.7,9.100e-76,273.0
n18,n20,48.6,7.750e-79,284.0
n18,n21,66.1,2.730e-108,382.0
n18,n22,49.3,1.790e-75,273.0
n18,n23,48.0,8.300e-73,264.0
n18,n24,48.9,4.120e-72,262.0
n18,n25,49.3,1.240e-76,277.0
n18,n26,51.5,4.700e-76,275.0
n18,n27,49.3,1.790e-75,273.0
n18,n28,41.5,5.580e-61,225.0
n18,n29,50.0,1.460e-77,280.0
n18,n30,52.0,4.250e-77,278.0
n18,n31,49.8,4.400e-74,268.0
n18,n32,47.3,1.460e-69,253.0
n18,n33,48.6,2.340e-67,246.0
n18,n34,46.8,7.040e-64,234.0
n18,n36,55.8,4.390e-82,295.0
n18,n4,66.1,3.050e-112,395.0
n18,n41,52.6,5.540e-85,304.0
n18,n42,69.1,2.310e-115,405.0
n18,n43,40.7,1.050e-59,220.0
n18,n44,51.4,9.150e-80,287.0
n18,n45,49.7,4.250e-77,278.0
n18,n46,51.4,9.150e-80,287.0
n18,n47,66.1,2.730e-108,382.0
n18,n5,48.6,3.780e-70,255.0
n18,n51,55.4,1.610e-84,303.0
n18,n52,49.1,5.750e-74,268.0
n18,n53,50.2,2.580e-74,269.0
n18,n54,51.5,4.700e-76,275.0
n18,n55,49.4,6.350e-73,264.0
n18,n56,49.8,2.850e-73,265.0
n18,n57,49.4,3.720e-73,265.0
n18,n58,43.8,8.320e-65,237.0
n18,n59,51.0,1.160e-82,297.0
n18,n6,47.6,8.900e-72,260.0
n18,n60,42.7,2.950e-70,255.0
n18,n61,46.0,3.850e-78,282.0
n18,n62,50.7,1.970e-74,269.0
n18,n63,31.4,1.290e-33,134.0
n18,n64,53.0,1.670e-73,266.0
n18,n66,50.0,9.450e-85,304.0
n18,n67,34.1,1.690e-41,160.0
n18,n68,51.5,4.530e-87,311.0
n18,n69,45.9,3.490e-71,258.0
n18,n7,49.3,3.410e-82,295.0
n18,n70,48.8,5.020e-78,281.0
n18,n71,51.0,1.230e-84,303.0
n18,n72,47.1,4.550e-71,258.0
n18,n73,49.3,1.850e-72,263.0
n18,n74,54.0,1.280e-81,293.0
n18,n75,55.7,2.750e-84,302.0
n18,n76,49.2,4.110e-80,288.0
n18,n77,47.7,1.780e-83,299.0
n18,n78,48.3,8.860e-75,270.0
n18,n79,30.8,2.530e-29,119.0
n18,n8,51.9,5.400e-76,274.0
n18,n80,50.3,3.850e-78,282.0
n18,n81,50.3,1.730e-78,283.0
n18,n82,34.2,2.200e-41,159.0
n18,n83,44.6,1.240e-60,223.0
n18,n86,50.2,4.850e-81,291.0
n18,n87,45.0,1.050e-67,247.0
n18,n88,45.1,5.390e-64,235.0
n18,n89,47.3,1.320e-78,283.0
n18,n9,49.5,2.470e-75,272.0
n181,n182,35.0,6.990e-83,298.0
n181,n184,39.9,2.130e-39,154.0
n181,n185,38.8,1.700e-12,64.0
n181,n186,34.1,4.770e-23,99.0
n181,n187,35.0,1.640e-23,101.0
n181,n188,35.4,5.630e-24,102.0
n181,n191,32.9,1.580e-26,111.0
n181,n192,38.5,8.690e-25,105.0
n181,n193,34.4,1.640e-23,101.0
n181,n196,34.9,4.290e-40,156.0
n181,n197,32.0,1.640e-15,74.0
n182,n184,34.8,8.250e-36,142.0
n182,n185,33.7,6.320e-36,142.0
n182,n186,31.7,5.190e-22,96.0
n182,n190,36.9,3.140e-27,113.0
n182,n191,31.7,9.460e-24,102.0
n182,n192,30.2,9.460e-24,102.0
n182,n193,31.2,4.270e-08,50.0
n182,n194,34.1,1.670e-20,91.0
n182,n196,33.5,1.560e-34,138.0
n183,n184,31.1,2.640e-52,196.0
n183,n187,31.3,1.150e-47,181.0
n183,n188,31.1,4.360e-47,179.0
n183,n190,30.3,1.900e-34,137.0
n183,n192,30.3,1.080e-37,148.0
n183,n196,31.8,5.680e-55,205.0
n184,n185,75.8,4.330e-217,744.0
n184,n187,34.5,3.060e-37,146.0
n184,n188,30.1,7.260e-47,178.0
n184,n189,33.1,1.020e-24,105.0
n184,n190,33.6,1.210e-25,108.0
n184,n191,33.5,9.860e-28,115.0
n184,n193,30.1,5.040e-40,156.0
n184,n196,32.6,5.180e-61,225.0
n185,n187,30.8,1.410e-50,191.0
n185,n188,30.6,7.020e-50,188.0
n185,n189,31.7,8.640e-24,102.0
n185,n190,33.3,2.590e-28,117.0
n185,n191,34.2,5.590e-31,126.0
n185,n192,33.6,3.870e-32,129.0
n185,n196,30.9,4.100e-58,216.0
n186,n187,39.2,3.620e-78,282.0
n186,n188,39.5,7.300e-79,285.0
n186,n190,32.6,4.970e-27,112.0
n186,n193,97.9,3.660e-272,927.0
n186,n194,48.6,5.350e-114,401.0
n186,n196,34.4,2.900e-35,140.0
n187,n188,98.6,4.290e-284,966.0
n187,n190,30.0,1.170e-39,154.0
n187,n193,37.9,3.490e-76,276.0
n187,n194,39.2,1.460e-82,297.0
n187,n196,35.3,2.350e-64,236.0
n188,n190,30.2,1.640e-41,161.0
n188,n193,38.5,8.310e-78,281.0
n188,n194,39.1,2.040e-84,303.0
n188,n196,35.5,1.630e-65,240.0
n189,n192,31.7,7.380e-27,112.0
n189,n196,30.8,2.150e-26,111.0
n189,n197,32.7,2.260e-84,303.0
n19,n2,46.7,1.460e-65,240.0
n19,n20,54.3,7.960e-87,310.0
n19,n21,44.8,3.150e-67,245.0
n19,n22,46.0,2.750e-71,259.0
n19,n23,45.6,2.110e-71,259.0
n19,n24,44.6,7.490e-69,251.0
n19,n25,45.0,3.250e-72,262.0
n19,n26,46.5,6.340e-68,248.0
n19,n27,46.0,2.750e-71,259.0
n19,n28,41.4,1.910e-56,210.0
n19,n29,45.3,2.490e-72,262.0
n19,n30,46.8,1.280e-68,250.0
n19,n31,48.0,1.510e-69,253.0
n19,n32,42.8,9.800e-61,224.0
n19,n33,45.9,7.010e-67,244.0
n19,n34,44.5,4.250e-64,235.0
n19,n36,53.8,5.320e-99,351.0
n19,n4,46.4,4.770e-73,265.0
n19,n41,44.0,3.970e-70,255.0
n19,n42,51.7,4.680e-79,285.0
n19,n43,42.6,1.790e-62,230.0
n19,n44,44.3,4.240e-72,262.0
n19,n45,45.3,1.120e-72,263.0
n19,n46,44.3,4.240e-72,262.0
n19,n47,44.8,3.150e-67,245.0
n19,n5,44.2,4.940e-62,228.0
n19,n50,32.9,4.590e-34,135.0
n19,n51,56.0,5.320e-99,351.0
n19,n52,47.8,1.670e-68,250.0
n19,n53,46.1,1.560e-66,243.0
n19,n54,46.7,5.930e-66,241.0
n19,n55,42.5,8.020e-63,231.0
n19,n56,43.7,1.460e-64,236.0
n19,n57,42.9,1.240e-63,233.0
n19,n58,35.9,3.380e-53,199.0
n19,n59,52.2,4.510e-90,321.0
n19,n6,46.1,1.330e-67,247.0
n19,n60,66.8,6.900e-123,430.0
n19,n61,67.6,3.310e-125,438.0
n19,n62,47.7,3.970e-70,255.0
n19,n64,47.2,1.840e-67,246.0
n19,n66,73.7,1.640e-132,462.0
n19,n67,38.0,1.980e-45,173.0
n19,n68,73.4,5.630e-133,464.0
n19,n69,40.5,3.150e-59,219.0
n19,n7,74.4,1.410e-136,476.0
n19,n70,44.7,8.550e-73,264.0
n19,n71,52.5,1.830e-91,326.0
n19,n72,44.7,1.080e-67,247.0
n19,n73,43.0,8.870e-62,227.0
n19,n74,47.3,3.840e-73,265.0
n19,n75,43.7,7.250e-64,234.0
n19,n76,73.9,5.630e-133,464.0
n19,n77,73.9,1.130e-133,466.0
n19,n78,44.6,6.770e-70,254.0
n19,n79,30.9,8.650e-33,131.0
n19,n8,45.8,1.090e-68,250.0
n19,n80,44.0,8.000e-71,257.0
n19,n81,45.4,1.160e-69,253.0
n19,n82,36.1,7.060e-43,164.0
n19,n83,36.5,4.140e-43,165.0
n19,n86,57.4,4.080e-91,325.0
n19,n87,41.0,1.980e-61,226.0
n19,n88,41.3,1.790e-54,203.0
n19,n89,61.2,9.670e-109,383.0
n19,n9,41.0,2.240e-60,223.0
n190,n191,52.4,2.960e-119,419.0
n190,n192,52.7,5.400e-121,424.0
n190,n193,32.5,3.840e-26,109.0
n190,n194,30.3,5.920e-35,139.0
n190,n195,43.7,5.690e-54,202.0
n190,n196,32.4,1.080e-44,171.0
n190,n197,30.5,5.740e-22,96.0
n191,n192,83.1,2.700e-213,731.0
n191,n195,34.4,4.350e-70,255.0
n191,n196,36.9,4.530e-43,166.0
n192,n195,35.5,2.310e-71,260.0
n192,n196,31.5,1.720e-50,190.0
n193,n194,48.2,5.920e-113,398.0
n193,n196,30.9,8.130e-54,201.0
n194,n196,34.8,1.360e-53,201.0
n195,n196,37.3,4.240e-42,163.0
n198,n199,34.0,8.590e-28,114.0
n2,n20,44.2,8.270e-61,224.0
n2,n21,48.9,5.710e-70,254.0
n2,n22,64.3,1.600e-96,342.0
n2,n23,62.7,3.330e-94,335.0
n2,n24,65.6,6.920e-100,354.0
n2,n25,63.9,9.350e-97,343.0
n2,n26,64.6,2.230e-98,349.0
n2,n27,64.3,1.600e-96,342.0
n2,n28,56.5,1.110e-81,293.0
n2,n29,64.6,6.480e-98,347.0
n2,n30,64.8,5.860e-99,351.0
n2,n31,64.0,3.210e-97,345.0
n2,n32,51.9,7.950e-80,287.0
n2,n33,54.7,1.660e-77,279.0
n2,n34,52.7,1.010e-74,270.0
n2,n36,46.4,4.240e-65,238.0
n2,n4,48.5,8.250e-69,250.0
n2,n40,31.2,2.780e-24,102.0
n2,n41,46.9,6.760e-63,231.0
n2,n42,49.1,3.820e-74,268.0
n2,n43,40.5,1.320e-50,190.0
n2,n44,64.6,2.230e-98,349.0
n2,n45,63.9,1.220e-96,343.0
n2,n46,64.6,2.230e-98,349.0
n2,n47,48.9,5.710e-70,254.0
n2,n5,62.1,1.260e-93,333.0
n2,n50,31.7,2.870e-29,119.0
n2,n51,47.6,1.840e-68,249.0
n2,n52,68.5,6.050e-104,367.0
n2,n53,69.5,3.550e-104,368.0
n2,n54,98.5,1.620e-149,518.0
n2,n55,62.3,5.870e-91,324.0
n2,n56,63.1,4.070e-92,328.0
n2,n57,63.1,6.940e-92,327.0
n2,n58,52.7,6.100e-72,261.0
n2,n59,44.5,6.760e-63,231.0
n2,n6,64.7,2.230e-98,349.0
n2,n60,44.3,8.270e-61,224.0
n2,n61,45.9,9.440e-65,237.0
n2,n62,69.3,2.080e-104,369.0
n2,n64,62.2,8.750e-95,337.0
n2,n66,48.3,1.720e-66,243.0
n2,n67,33.7,1.240e-32,130.0
n2,n68,48.9,3.140e-68,248.0
n2,n69,50.8,1.500e-70,256.0
n2,n7,47.6,5.910e-67,244.0
n2,n70,48.3,1.660e-69,253.0
n2,n71,43.0,1.410e-60,223.0
n2,n72,64.9,1.880e-97,346.0
n2,n73,60.1,3.220e-89,318.0
n2,n74,60.8,4.500e-91,324.0
n2,n75,45.6,2.570e-62,229.0
n2,n76,48.1,5.350e-68,248.0
n2,n77,46.3,2.480e-65,239.0
n2,n78,66.2,4.060e-100,354.0
n2,n79,30.6,2.690e-27,112.0
n2,n8,64.3,1.880e-97,346.0
n2,n80,64.6,2.910e-98,348.0
n2,n81,67.7,4.330e-102,361.0
n2,n82,33.2,2.120e-32,129.0
n2,n83,52.5,1.150e-70,257.0
n2,n86,45.3,8.840e-63,230.0
n2,n87,63.1,1.000e-90,323.0
n2,n88,44.6,4.540e-59,218.0
n2,n89,43.4,4.850e-61,225.0
n2,n9,62.2,6.270e-93,330.0
n20,n21,49.0,5.750e-74,268.0
n20,n22,46.2,1.520e-66,243.0
n20,n23,46.8,8.320e-65,237.0
n20,n24,44.8,1.470e-61,226.0
n20,n25,47.8,2.590e-66,242.0
n20,n26,49.1,2.590e-66,242.0
n20,n27,46.2,1.520e-66,243.0
n20,n28,38.8,1.380e-51,193.0
n20,n29,47.8,9.820e-66,240.0
n20,n30,49.1,1.520e-66,243.0
n20,n31,48.0,2.190e-65,239.0
n20,n32,40.9,2.270e-54,203.0
n20,n33,41.6,1.570e-55,206.0
n20,n34,40.9,1.250e-52,197.0
n20,n36,56.4,4.530e-87,311.0
n20,n4,47.2,2.530e-74,269.0
n20,n41,43.5,5.760e-66,241.0
n20,n42,51.3,3.050e-75,272.0
n20,n43,48.0,3.050e-67,245.0
n20,n44,48.6,3.990e-67,245.0
n20,n45,47.5,5.760e-66,241.0
n20,n46,48.6,3.990e-67,245.0
n20,n47,49.0,5.750e-74,268.0
n20,n5,42.7,1.180e-55,207.0
n20,n51,62.0,6.080e-108,381.0
n20,n52,44.6,4.720e-60,221.0
n20,n53,42.8,2.770e-60,222.0
n20,n54,44.6,3.270e-61,225.0
n20,n55,43.2,3.270e-61,225.0
n20,n56,43.5,3.270e-61,225.0
n20,n57,43.2,2.500e-61,226.0
n20,n58,36.9,1.210e-47,180.0
n20,n59,58.4,2.480e-101,359.0
n20,n6,42.3,2.130e-57,213.0
n20,n60,49.2,9.450e-85,304.0
n20,n61,54.6,4.380e-90,321.0
n20,n62,45.9,2.420e-64,236.0
n20,n63,30.5,9.630e-21,91.0
n20,n64,44.7,1.290e-57,213.0
n20,n66,52.9,2.840e-89,319.0
n20,n67,33.3,1.090e-40,157.0
n20,n68,54.4,1.780e-91,326.0
n20,n69,45.2,7.540e-58,214.0
n20,n7,54.3,6.850e-91,324.0
n20,n70,47.0,4.410e-66,242.0
n20,n71,57.8,5.510e-101,357.0
n20,n72,41.6,7.540e-58,214.0
n20,n73,42.0,4.570e-55,205.0
n20,n74,44.5,2.860e-65,239.0
n20,n75,51.1,1.970e-74,269.0
n20,n76,50.2,9.450e-85,304.0
n20,n77,51.3,6.990e-88,314.0
n20,n78,42.9,5.580e-61,225.0
n20,n79,30.3,2.370e-27,113.0
n20,n8,48.5,1.920e-65,239.0
n20,n80,48.2,1.680e-65,240.0
n20,n81,43.9,2.680e-63,232.0
n20,n82,33.5,5.080e-38,148.0
n20,n83,35.5,6.410e-41,158.0
n20,n86,58.3,2.100e-100,356.0
n20,n87,40.1,9.220e-56,207.0
n20,n88,39.7,1.430e-48,183.0
n20,n89,51.2,3.470e-87,312.0
n20,n9,42.6,7.720e-53,198.0
n201,n202,30.4,5.020e-17,79.0
n203,n204,82.6,0.000e+00,1208.0
n203,n205,36.8,1.700e-105,374.0
n204,n205,36.7,2.000e-114,403.0
n206,n207,63.5,9.080e-147,510.0
n206,n208,51.8,1.190e-122,430.0
n206,n209,42.8,1.290e-92,330.0
n206,n210,52.9,3.710e-124,435.0
n207,n208,50.1,1.100e-109,387.0
n207,n209,40.2,2.560e-90,322.0
n207,n210,52.9,1.180e-119,420.0
n208,n209,46.3,5.750e-109,384.0
n208,n210,68.6,2.150e-172,595.0
n209,n210,45.7,3.760e-108,382.0
n21,n22,49.7,4.960e-73,265.0
n21,n23,49.0,6.710e-70,254.0
n21,n24,45.3,3.440e-66,242.0
n21,n25,47.6,1.140e-69,253.0
n21,n26,52.6,5.680e-69,251.0
n21,n27,49.7,4.960e-73,265.0
n21,n28,43.8,7.430e-61,224.0
n21,n29,47.9,1.140e-69,253.0
n21,n30,52.4,3.330e-69,252.0
n21,n31,50.8,6.280e-68,248.0
n21,n32,42.1,8.220e-60,221.0
n21,n33,49.5,3.680e-68,248.0
n21,n34,47.1,3.560e-63,232.0
n21,n36,54.5,1.820e-75,273.0
n21,n4,73.8,5.750e-119,417.0
n21,n41,46.2,1.490e-69,253.0
n21,n42,64.2,5.620e-101,357.0
n21,n43,40.3,9.080e-59,217.0
n21,n44,48.6,1.350e-70,257.0
n21,n45,47.2,2.550e-69,252.0
n21,n46,48.6,1.350e-70,257.0
n21,n47,100.0,2.310e-179,618.0
n21,n49,30.8,6.830e-06,42.0
n21,n5,50.4,9.940e-71,257.0
n21,n50,32.5,5.360e-35,138.0
n21,n51,52.8,2.150e-76,276.0
n21,n52,48.3,2.550e-69,252.0
n21,n53,50.2,1.440e-72,263.0
n21,n54,50.0,7.920e-71,257.0
n21,n55,47.9,8.200e-68,247.0
n21,n56,48.7,5.680e-69,251.0
n21,n57,47.9,4.810e-68,248.0
n21,n58,43.1,1.450e-64,236.0
n21,n59,50.5,8.740e-78,280.0
n21,n6,50.4,8.330e-70,254.0
n21,n60,46.1,7.920e-71,257.0
n21,n61,47.3,2.230e-73,266.0
n21,n62,52.1,2.460e-72,262.0
n21,n64,47.9,2.470e-64,236.0
n21,n66,48.5,8.180e-76,274.0
n21,n67,38.7,2.570e-45,173.0
n21,n68,49.1,3.320e-77,278.0
n21,n69,47.4,4.070e-67,245.0
n21,n7,49.7,6.880e-75,271.0
n21,n70,52.3,6.260e-76,274.0
n21,n71,52.6,5.850e-82,294.0
n21,n72,45.0,3.120e-67,245.0
n21,n73,43.5,6.080e-63,231.0
n21,n74,51.3,3.220e-72,262.0
n21,n75,61.8,1.300e-97,346.0
n21,n76,47.2,1.000e-73,267.0
n21,n77,47.9,4.490e-74,268.0
n21,n78,46.9,2.160e-68,249.0
n21,n79,32.2,1.730e-33,133.0
n21,n8,51.8,7.070e-68,247.0
n21,n80,47.9,2.550e-69,252.0
n21,n81,51.3,1.180e-74,270.0
n21,n82,41.5,2.570e-45,173.0
n21,n83,39.0,1.550e-50,190.0
n21,n86,52.6,1.140e-77,280.0
n21,n87,44.3,4.970e-65,238.0
n21,n88,41.0,5.700e-53,198.0
n21,n89,48.1,1.760e-70,256.0
n21,n9,47.9,7.680e-69,251.0
n22,n23,92.7,8.030e-161,556.0
n22,n24,59.2,3.550e-100,355.0
n22,n25,81.7,3.620e-145,504.0
n22,n26,83.1,2.980e-131,458.0
n22,n27,100.0,1.010e-171,592.0
n22,n28,52.8,1.230e-84,303.0
n22,n29,81.1,1.990e-143,498.0
n22,n30,83.1,5.080e-131,457.0
n22,n31,85.8,4.010e-136,474.0
n22,n32,52.9,2.310e-83,299.0
n22,n33,57.8,5.680e-90,321.0
n22,n34,57.6,1.070e-88,317.0
n22,n36,48.2,1.360e-67,247.0
n22,n4,49.8,4.030e-72,262.0
n22,n41,44.2,3.350e-66,242.0
n22,n42,50.6,5.520e-77,278.0
n22,n43,38.9,5.020e-54,201.0
n22,n44,80.4,1.420e-141,492.0
n22,n45,82.4,4.280e-146,507.0
n22,n46,80.4,1.420e-141,492.0
n22,n47,49.7,4.830e-73,265.0
n22,n49,30.5,8.690e-06,41.0
n22,n5,61.0,7.060e-101,357.0
n22,n50,33.6,2.870e-33,132.0
n22,n51,50.5,6.310e-73,264.0
n22,n52,66.9,3.790e-102,361.0
n22,n53,66.8,2.900e-102,362.0
n22,n54,64.1,4.060e-96,341.0
n22,n55,53.6,1.230e-76,277.0
n22,n56,54.4,6.510e-78,281.0
n22,n57,54.4,1.110e-77,280.0
n22,n58,50.0,2.030e-79,286.0
n22,n59,46.4,4.520e-71,258.0
n22,n6,60.8,1.660e-102,362.0
n22,n60,48.5,6.760e-67,244.0
n22,n61,47.3,2.930e-70,255.0
n22,n62,63.3,9.050e-96,340.0
n22,n64,66.7,3.010e-99,352.0
n22,n66,48.3,2.740e-76,275.0
n22,n67,36.9,1.290e-33,134.0
n22,n68,49.7,2.480e-77,279.0
n22,n69,55.7,2.090e-84,302.0
n22,n7,47.0,8.410e-73,264.0
n22,n70,51.1,2.030e-79,286.0
n22,n71,44.7,3.830e-70,255.0
n22,n72,58.6,1.760e-99,352.0
n22,n73,50.7,8.780e-83,297.0
n22,n74,78.2,1.020e-131,460.0
n22,n75,48.4,3.960e-67,245.0
n22,n76,45.9,4.090e-72,262.0
n22,n77,48.5,4.670e-76,275.0
n22,n78,55.4,7.930e-92,327.0
n22,n79,34.7,2.050e-31,126.0
n22,n8,82.8,1.000e-130,456.0
n22,n80,79.4,7.820e-140,486.0
n22,n81,62.1,2.380e-104,369.0
n22,n82,37.9,1.370e-35,140.0
n22,n83,46.7,6.320e-65,238.0
n22,n86,48.4,3.130e-72,262.0
n22,n87,57.4,3.330e-90,322.0
n22,n88,51.9,3.350e-74,268.0
n22,n89,44.9,1.450e-69,253.0
n22,n9,57.0,1.100e-91,327.0
n23,n24,59.5,1.460e-101,359.0
n23,n25,83.7,1.440e-149,519.0
n23,n26,82.4,2.160e-129,452.0
n23,n27,92.7,8.140e-161,556.0
n23,n28,52.5,4.420e-82,295.0
n23,n29,81.7,7.400e-146,507.0
n23,n30,82.4,3.690e-129,451.0
n23,n31,85.8,6.940e-136,473.0
n23,n32,50.9,8.330e-81,290.0
n23,n33,56.0,5.390e-88,314.0
n23,n34,55.1,1.920e-85,306.0
n23,n36,48.9,6.190e-68,248.0
n23,n4,49.8,8.990e-72,260.0
n23,n41,44.5,1.380e-67,247.0
n23,n42,45.3,3.390e-74,268.0
n23,n43,38.6,5.090e-54,201.0
n23,n44,81.1,1.540e-143,499.0
n23,n45,84.4,1.700e-150,522.0
n23,n46,81.1,1.540e-143,499.0
n23,n47,49.0,6.620e-70,254.0
n23,n5,58.1,9.240e-93,330.0
n23,n50,34.0,1.300e-33,134.0
n23,n51,47.0,2.270e-70,256.0
n23,n52,66.9,2.110e-100,356.0
n23,n53,67.2,7.250e-101,357.0
n23,n54,62.6,8.580e-94,334.0
n23,n55,54.8,1.470e-77,280.0
n23,n56,55.1,1.130e-77,280.0
n23,n57,55.5,1.330e-78,283.0
n23,n58,50.3,1.330e-78,283.0
n23,n59,46.9,3.510e-71,258.0
n23,n6,60.5,6.540e-99,351.0
n23,n60,48.1,5.800e-66,241.0
n23,n61,43.3,2.600e-66,242.0
n23,n62,63.3,8.580e-94,334.0
n23,n64,63.6,1.730e-94,336.0
n23,n66,47.2,5.780e-74,268.0
n23,n67,35.6,2.080e-31,126.0
n23,n68,47.2,4.430e-74,268.0
n23,n69,54.8,4.000e-83,298.0
n23,n7,47.8,1.690e-73,266.0
n23,n70,49.5,1.250e-76,277.0
n23,n71,45.1,2.130e-68,249.0
n23,n72,59.3,2.750e-100,355.0
n23,n73,50.3,1.420e-80,290.0
n23,n74,76.8,8.220e-129,450.0
n23,n75,44.0,1.630e-60,223.0
n23,n76,46.2,5.990e-71,258.0
n23,n77,47.2,4.150e-72,262.0
n23,n78,55.6,3.610e-92,328.0
n23,n79,34.4,2.080e-31,126.0
n23,n8,82.1,7.180e-129,450.0
n23,n80,79.7,8.460e-142,493.0
n23,n81,59.9,5.200e-99,351.0
n23,n82,37.4,7.640e-34,134.0
n23,n83,48.1,1.800e-67,246.0
n23,n86,48.0,3.510e-71,258.0
n23,n87,55.8,4.130e-88,315.0
n23,n88,47.0,4.150e-72,262.0
n23,n89,45.1,2.130e-68,249.0
n23,n9,56.0,7.900e-90,320.0
n24,n25,61.7,8.390e-105,370.0
n24,n26,65.6,1.480e-101,359.0
n24,n27,59.2,4.760e-100,354.0
n24,n28,49.5,8.740e-78,280.0
n24,n29,61.7,5.440e-104,367.0
n24,n30,65.3,2.520e-101,359.0
n24,n31,66.0,2.700e-103,365.0
n24,n32,50.0,4.950e-81,291.0
n24,n33,54.4,7.640e-82,294.0
n24,n34,53.3,2.620e-82,295.0
n24,n36,45.0,9.060e-67,244.0
n24,n4,45.1,7.870e-68,247.0
n24,n41,43.8,3.450e-58,215.0
n24,n42,49.6,2.910e-73,265.0
n24,n43,36.2,5.340e-51,191.0
n24,n44,61.4,1.580e-103,366.0
n24,n45,61.7,6.420e-105,371.0
n24,n46,61.4,1.580e-103,366.0
n24,n47,45.3,3.440e-66,242.0
n24,n5,57.8,2.120e-97,346.0
n24,n50,30.3,1.850e-27,113.0
n24,n51,48.7,1.260e-68,250.0
n24,n52,75.8,1.990e-114,402.0
n24,n53,76.2,8.940e-115,403.0
n24,n54,65.1,3.650e-100,355.0
n24,n55,56.7,8.720e-86,307.0
n24,n56,57.1,2.290e-86,309.0
n24,n57,57.1,1.350e-86,310.0
n24,n58,49.0,6.260e-76,274.0
n24,n59,42.8,4.970e-65,238.0
n24,n6,58.0,1.900e-98,349.0
n24,n60,44.5,3.330e-69,252.0
n24,n61,43.7,3.680e-68,248.0
n24,n62,65.5,2.360e-99,352.0
n24,n64,66.0,1.530e-98,349.0
n24,n66,46.2,6.480e-73,264.0
n24,n67,31.3,4.400e-29,119.0
n24,n68,49.8,3.800e-73,265.0
n24,n69,50.0,3.110e-75,272.0
n24,n7,48.9,4.170e-72,262.0
n24,n70,45.5,1.830e-67,246.0
n24,n71,44.9,1.350e-62,230.0
n24,n72,62.2,2.210e-105,372.0
n24,n73,54.5,1.220e-87,313.0
n24,n74,59.9,4.760e-100,354.0
n24,n75,43.8,5.690e-61,225.0
n24,n76,50.9,1.890e-72,263.0
n24,n77,47.6,4.060e-75,272.0
n24,n78,58.5,1.210e-95,340.0
n24,n79,30.5,3.150e-27,112.0
n24,n8,64.9,1.840e-100,356.0
n24,n80,60.7,1.030e-102,363.0
n24,n81,61.8,4.160e-104,368.0
n24,n82,32.4,2.110e-31,126.0
n24,n83,46.8,4.640e-71,258.0
n24,n86,46.8,1.310e-65,240.0
n24,n87,56.0,1.390e-91,326.0
n24,n88,44.2,3.340e-61,225.0
n24,n89,46.3,4.070e-67,245.0
n24,n9,52.8,1.390e-86,310.0
n25,n26,93.1,6.950e-144,500.0
n25,n27,81.7,6.280e-145,503.0
n25,n28,55.0,2.510e-85,305.0
n25,n29,97.7,8.710e-171,589.0
n25,n30,92.3,7.680e-143,497.0
n25,n31,99.2,2.150e-153,532.0
n25,n32,49.0,5.420e-80,288.0
n25,n33,56.7,6.610e-86,307.0
n25,n34,56.0,1.470e-85,306.0
n25,n36,47.7,6.210e-68,248.0
n25,n4,48.8,1.530e-71,260.0
n25,n41,43.9,2.890e-65,239.0
n25,n42,45.8,4.020e-75,272.0
n25,n43,38.8,2.070e-55,206.0
n25,n44,92.7,6.680e-163,563.0
n25,n45,99.0,2.890e-174,601.0
n25,n46,92.7,6.680e-163,563.0
n25,n47,47.6,1.130e-69,253.0
n25,n5,59.8,2.770e-97,345.0
n25,n50,33.9,2.640e-34,136.0
n25,n51,47.5,2.210e-73,266.0
n25,n52,67.3,3.270e-101,358.0
n25,n53,67.2,4.260e-101,358.0
n25,n54,64.1,3.740e-97,345.0
n25,n55,54.8,1.130e-77,280.0
n25,n56,55.1,2.280e-78,282.0
n25,n57,55.5,1.020e-78,283.0
n25,n58,52.5,7.080e-80,287.0
n25,n59,47.1,2.700e-71,259.0
n25,n6,58.1,4.680e-97,344.0
n25,n60,47.0,5.820e-66,241.0
n25,n61,42.3,3.770e-65,238.0
n25,n62,62.4,3.500e-95,338.0
n25,n64,64.3,9.200e-96,340.0
n25,n66,46.5,1.530e-74,270.0
n25,n67,35.7,9.370e-32,127.0
n25,n68,49.0,3.880e-78,282.0
n25,n69,57.6,1.200e-87,313.0
n25,n7,48.7,8.130e-76,274.0
n25,n70,47.6,6.860e-75,271.0
n25,n71,45.1,1.130e-69,253.0
n25,n72,58.6,1.370e-99,353.0
n25,n73,49.8,1.860e-80,289.0
n25,n74,75.8,1.720e-126,442.0
n25,n75,48.2,1.530e-66,243.0
n25,n76,48.9,1.430e-72,263.0
n25,n77,45.9,2.610e-74,269.0
n25,n78,56.7,2.120e-92,329.0
n25,n79,35.6,1.710e-33,133.0
n25,n8,92.0,1.490e-142,495.0
n25,n80,95.0,1.700e-166,575.0
n25,n81,60.0,6.160e-100,354.0
n25,n82,35.2,2.470e-32,129.0
n25,n83,46.1,6.430e-65,238.0
n25,n86,48.7,3.180e-72,262.0
n25,n87,55.8,5.980e-87,311.0
n25,n88,47.4,1.690e-73,266.0
n25,n89,45.4,2.700e-71,259.0
n25,n9,55.3,7.390e-88,314.0
n26,n27,83.1,2.630e-131,458.0
n26,n28,56.0,1.010e-82,297.0
n26,n29,95.0,7.600e-147,510.0
n26,n30,99.2,2.070e-152,528.0
n26,n31,93.1,4.610e-144,500.0
n26,n32,50.6,2.040e-75,272.0
n26,n33,59.9,1.280e-85,306.0
n26,n34,59.9,8.280e-85,304.0
n26,n36,48.5,3.160e-68,248.0
n26,n4,50.0,3.420e-71,258.0
n26,n40,30.5,1.390e-23,100.0
n26,n41,48.3,1.330e-66,243.0
n26,n42,51.1,6.350e-77,277.0
n26,n43,44.3,8.920e-55,204.0
n26,n44,99.2,2.070e-152,528.0
n26,n45,93.1,4.610e-144,500.0
n26,n46,99.2,2.070e-152,528.0
n26,n47,52.6,4.870e-69,251.0
n26,n5,61.6,4.900e-94,334.0
n26,n50,33.3,1.130e-33,134.0
n26,n51,52.6,4.260e-73,265.0
n26,n52,68.1,5.160e-103,364.0
n26,n53,68.3,1.150e-102,363.0
n26,n54,64.9,7.710e-99,350.0
n26,n55,55.3,1.160e-78,283.0
n26,n56,55.3,3.050e-79,285.0
n26,n57,56.1,1.050e-79,287.0
n26,n58,54.0,4.860e-77,278.0
n26,n59,49.1,6.370e-69,251.0
n26,n6,61.1,1.280e-94,336.0
n26,n60,47.0,1.330e-66,243.0
n26,n61,45.9,9.510e-65,237.0
n26,n62,62.8,1.780e-95,339.0
n26,n63,31.1,4.320e-25,105.0
n26,n64,65.1,5.000e-98,347.0
n26,n66,49.8,6.150e-72,261.0
n26,n67,35.2,1.390e-31,127.0
n26,n68,51.3,5.940e-75,271.0
n26,n69,60.4,6.120e-88,314.0
n26,n7,51.5,1.690e-73,266.0
n26,n70,49.8,1.730e-74,269.0
n26,n71,47.5,4.130e-68,248.0
n26,n72,60.7,1.500e-94,336.0
n26,n73,53.1,3.370e-78,282.0
n26,n74,78.9,2.910e-122,428.0
n26,n75,49.8,2.960e-66,242.0
n26,n76,49.4,1.790e-71,259.0
n26,n77,50.0,2.110e-72,262.0
n26,n78,60.6,2.030e-91,325.0
n26,n79,33.9,3.090e-31,126.0
n26,n8,98.9,1.340e-151,525.0
n26,n80,98.1,5.090e-151,523.0
n26,n81,64.4,2.030e-99,352.0
n26,n82,34.2,1.390e-31,127.0
n26,n83,48.3,1.520e-62,230.0
n26,n86,50.2,8.880e-71,257.0
n26,n87,59.1,7.490e-86,307.0
n26,n88,50.0,8.030e-72,260.0
n26,n89,49.1,4.410e-70,255.0
n26,n9,59.7,1.140e-88,317.0
n27,n28,52.8,1.230e-84,303.0
n27,n29,81.1,1.990e-143,498.0
n27,n30,83.1,5.080e-131,457.0
n27,n31,85.8,4.010e-136,474.0
n27,n32,52.9,2.310e-83,299.0
n27,n33,57.8,5.680e-90,321.0
n27,n34,57.6,1.070e-88,317.0
n27,n36,48.2,1.360e-67,247.0
n27,n4,49.8,4.030e-72,262.0
n27,n41,44.2,3.350e-66,242.0
n27,n42,50.6,5.520e-77,278.0
n27,n43,38.9,5.020e-54,201.0
n27,n44,80.4,1.420e-141,492.0
n27,n45,82.4,4.280e-146,507.0
n27,n46,80.4,1.420e-141,492.0
n27,n47,49.7,4.830e-73,265.0
n27,n49,30.5,8.690e-06,41.0
n27,n5,61.0,7.060e-101,357.0
n27,n50,33.6,2.870e-33,132.0
n27,n51,50.5,6.310e-73,264.0
n27,n52,66.9,3.790e-102,361.0
n27,n53,66.8,2.900e-102,362.0
n27,n54,64.1,4.060e-96,341.0
n27,n55,53.6,1.230e-76,277.0
n27,n56,54.4,6.510e-78,281.0
n27,n57,54.4,1.110e-77,280.0
n27,n58,50.0,2.030e-79,286.0
n27,n59,46.4,4.520e-71,258.0
n27,n6,60.8,1.660e-102,362.0
n27,n60,48.5,6.760e-67,244.0
n27,n61,47.3,2.930e-70,255.0
n27,n62,63.3,9.050e-96,340.0
n27,n64,66.7,3.010e-99,352.0
n27,n66,48.3,2.740e-76,275.0
n27,n67,36.9,1.290e-33,134.0
n27,n68,49.7,2.480e-77,279.0
n27,n69,55.7,2.090e-84,302.0
n27,n7,47.0,8.410e-73,264.0
n27,n70,51.1,2.030e-79,286.0
n27,n71,44.7,3.830e-70,255.0
n27,n72,58.6,1.760e-99,352.0
n27,n73,50.7,8.780e-83,297.0
n27,n74,78.2,1.020e-131,460.0
n27,n75,48.4,3.960e-67,245.0
n27,n76,45.9,4.090e-72,262.0
n27,n77,48.5,4.670e-76,275.0
n27,n78,55.4,7.930e-92,327.0
n27,n79,34.7,2.050e-31,126.0
n27,n8,82.8,1.000e-130,456.0
n27,n80,79.4,7.820e-140,486.0
n27,n81,62.1,2.380e-104,369.0
n27,n82,37.9,1.370e-35,140.0
n27,n83,46.7,6.320e-65,238.0
n27,n86,48.4,3.130e-72,262.0
n27,n87,57.4,3.330e-90,322.0
n27,n88,51.9,3.350e-74,268.0
n27,n89,44.9,1.450e-69,253.0
n27,n9,57.0,1.100e-91,327.0
n28,n29,54.3,9.000e-85,304.0
n28,n30,56.0,8.430e-83,297.0
n28,n31,56.0,4.940e-83,298.0
n28,n32,47.7,2.810e-70,255.0
n28,n33,47.1,1.400e-69,253.0
n28,n34,45.7,7.170e-66,241.0
n28,n36,45.8,9.070e-61,224.0
n28,n4,43.4,1.590e-60,223.0
n28,n40,30.0,1.320e-19,87.0
n28,n41,39.9,1.710e-51,193.0
n28,n42,43.5,1.950e-63,233.0
n28,n43,41.2,7.690e-52,194.0
n28,n44,54.3,2.010e-84,302.0
n28,n45,54.3,1.180e-84,303.0
n28,n46,54.3,2.010e-84,302.0
n28,n47,43.8,6.940e-61,224.0
n28,n5,52.0,1.930e-82,296.0
n28,n51,42.4,1.770e-56,210.0
n28,n52,58.4,2.370e-85,305.0
n28,n53,56.5,2.220e-83,299.0
n28,n54,57.0,3.780e-83,298.0
n28,n55,53.3,1.100e-74,270.0
n28,n56,54.5,7.640e-76,274.0
n28,n57,53.3,1.100e-74,270.0
n28,n58,47.8,2.910e-67,245.0
n28,n59,37.1,6.960e-53,198.0
n28,n6,55.1,2.850e-86,309.0
n28,n60,40.5,7.180e-58,214.0
n28,n61,40.1,5.150e-56,208.0
n28,n62,59.1,8.140e-86,307.0
n28,n64,56.2,2.080e-81,292.0
n28,n66,42.1,1.070e-61,227.0
n28,n67,33.6,1.910e-26,110.0
n28,n68,43.9,3.330e-63,232.0
n28,n69,48.6,6.710e-64,234.0
n28,n7,40.6,8.450e-57,211.0
n28,n70,41.8,1.550e-60,223.0
n28,n71,37.9,1.960e-55,206.0
n28,n72,57.2,5.450e-90,321.0
n28,n73,47.5,5.480e-74,268.0
n28,n74,51.8,4.180e-82,295.0
n28,n75,40.1,9.710e-55,204.0
n28,n76,41.6,4.500e-60,221.0
n28,n77,40.3,2.090e-57,213.0
n28,n78,50.9,8.720e-80,287.0
n28,n8,55.6,5.040e-82,294.0
n28,n80,54.3,5.840e-84,301.0
n28,n81,56.3,4.610e-89,318.0
n28,n82,35.0,1.280e-30,124.0
n28,n83,41.1,6.720e-56,208.0
n28,n86,40.5,4.080e-53,198.0
n28,n87,67.2,8.110e-102,360.0
n28,n88,40.4,9.710e-55,204.0
n28,n89,42.0,1.360e-56,210.0
n28,n9,55.0,7.910e-82,294.0
n29,n30,94.3,1.030e-145,506.0
n29,n31,97.3,6.880e-150,520.0
n29,n32,49.0,3.370e-80,289.0
n29,n33,57.5,2.410e-86,309.0
n29,n34,56.7,4.110e-86,308.0
n29,n36,47.7,8.600e-68,247.0
n29,n4,49.1,1.530e-71,260.0
n29,n41,43.9,5.220e-65,238.0
n29,n42,50.2,3.260e-75,272.0
n29,n43,40.5,1.420e-54,203.0
n29,n44,95.0,8.080e-167,576.0
n29,n45,96.6,3.740e-180,621.0
n29,n46,95.0,8.080e-167,576.0
n29,n47,47.9,1.200e-69,253.0
n29,n5,60.5,5.590e-98,347.0
n29,n50,33.5,1.390e-33,134.0
n29,n51,49.5,3.990e-73,265.0
n29,n52,68.4,1.270e-103,366.0
n29,n53,68.3,6.310e-103,364.0
n29,n54,64.9,2.740e-98,349.0
n29,n55,55.1,3.480e-77,278.0
n29,n56,55.5,7.020e-78,281.0
n29,n57,55.9,3.150e-78,282.0
n29,n58,51.5,3.370e-80,289.0
n29,n59,46.2,2.860e-71,259.0
n29,n6,60.1,1.230e-97,346.0
n29,n60,47.4,3.610e-66,242.0
n29,n61,47.0,1.370e-65,240.0
n29,n62,63.5,3.030e-97,345.0
n29,n63,30.0,4.470e-24,102.0
n29,n64,65.5,4.680e-98,348.0
n29,n66,46.8,1.620e-74,270.0
n29,n67,35.2,8.410e-31,124.0
n29,n68,49.3,5.380e-78,281.0
n29,n69,56.8,8.840e-89,317.0
n29,n7,49.0,1.060e-75,273.0
n29,n70,48.6,5.940e-77,278.0
n29,n71,44.4,5.960e-69,251.0
n29,n72,60.1,4.090e-102,361.0
n29,n73,50.2,5.190e-81,291.0
n29,n74,76.1,2.380e-126,442.0
n29,n75,48.9,1.730e-68,250.0
n29,n76,49.3,2.580e-72,262.0
n29,n77,46.2,4.710e-74,268.0
n29,n78,58.0,3.710e-95,338.0
n29,n79,35.2,8.990e-33,131.0
n29,n8,93.9,1.880e-145,505.0
n29,n80,97.3,2.060e-170,588.0
n29,n81,59.5,5.340e-102,361.0
n29,n82,34.4,1.430e-30,124.0
n29,n83,46.8,2.770e-66,242.0
n29,n86,48.4,2.860e-71,259.0
n29,n87,55.8,3.710e-87,312.0
n29,n88,47.7,4.710e-74,268.0
n29,n89,45.4,2.420e-70,256.0
n29,n9,53.4,7.900e-90,320.0
n3,n35,95.1,1.860e-202,695.0
n3,n37,32.9,1.230e-20,91.0
n3,n85,42.7,3.700e-17,79.0
n30,n31,93.1,2.080e-144,502.0
n30,n32,51.0,4.130e-76,275.0
n30,n33,60.1,4.400e-86,308.0
n30,n34,60.1,1.670e-85,306.0
n30,n36,48.9,1.090e-68,250.0
n30,n4,49.4,4.460e-71,258.0
n30,n40,30.5,6.260e-24,101.0
n30,n41,48.7,2.680e-67,245.0
n30,n42,51.9,5.770e-78,281.0
n30,n43,44.2,2.610e-54,202.0
n30,n44,100.0,1.880e-153,532.0
n30,n45,93.1,7.900e-144,500.0
n30,n46,100.0,1.880e-153,532.0
n30,n47,52.4,2.870e-69,252.0
n30,n5,61.2,6.400e-94,334.0
n30,n50,33.7,3.910e-34,135.0
n30,n51,53.0,8.620e-74,267.0
n30,n52,67.8,2.320e-103,365.0
n30,n53,68.4,1.780e-103,366.0
n30,n54,64.8,2.660e-99,352.0
n30,n55,54.9,5.220e-79,284.0
n30,n56,54.9,1.790e-79,286.0
n30,n57,55.7,6.160e-80,287.0
n30,n58,54.0,2.190e-77,279.0
n30,n59,49.1,3.750e-69,252.0
n30,n6,61.5,2.570e-95,339.0
n30,n60,47.8,1.210e-67,247.0
n30,n61,46.6,8.640e-66,240.0
n30,n62,63.6,1.610e-96,342.0
n30,n63,31.1,5.660e-25,105.0
n30,n64,65.9,4.540e-99,351.0
n30,n66,50.2,1.630e-72,263.0
n30,n67,35.2,1.390e-31,127.0
n30,n68,52.0,5.400e-76,274.0
n30,n69,60.8,2.110e-88,315.0
n30,n7,52.2,1.530e-74,270.0
n30,n70,49.1,1.920e-73,266.0
n30,n71,47.5,2.430e-68,249.0
n30,n72,61.1,3.970e-95,338.0
n30,n73,53.4,6.810e-79,284.0
n30,n74,79.7,2.640e-123,431.0
n30,n75,49.8,1.740e-66,243.0
n30,n76,49.8,3.620e-72,262.0
n30,n77,50.7,1.920e-73,266.0
n30,n78,60.2,3.480e-91,325.0
n30,n79,34.0,8.160e-32,127.0
n30,n8,98.9,2.290e-151,525.0
n30,n80,97.3,5.650e-150,520.0
n30,n81,64.0,2.660e-99,352.0
n30,n82,34.2,1.390e-31,127.0
n30,n83,48.7,5.240e-63,231.0
n30,n86,49.8,1.520e-70,256.0
n30,n87,59.5,1.510e-86,309.0
n30,n88,50.6,7.290e-73,264.0
n30,n89,49.4,8.920e-71,257.0
n30,n9,59.7,8.730e-89,317.0
n31,n32,50.2,7.790e-75,270.0
n31,n33,58.8,1.420e-84,303.0
n31,n34,58.8,9.180e-84,300.0
n31,n36,47.7,7.070e-68,247.0
n31,n4,48.7,1.440e-69,253.0
n31,n40,31.1,1.820e-23,100.0
n31,n41,47.2,7.310e-65,237.0
n31,n42,50.4,1.200e-75,273.0
n31,n43,44.1,2.000e-54,203.0
n31,n44,93.1,7.900e-144,500.0
n31,n45,100.0,2.220e-154,535.0
n31,n46,93.1,7.900e-144,500.0
n31,n47,50.8,5.410e-68,248.0
n31,n5,60.8,1.430e-93,333.0
n31,n50,34.3,7.880e-35,138.0
n31,n51,51.9,4.280e-73,265.0
n31,n52,67.0,1.670e-101,359.0
n31,n53,66.9,2.180e-101,359.0
n31,n54,64.0,1.460e-97,346.0
n31,n55,54.3,7.530e-78,280.0
n31,n56,54.7,1.980e-78,282.0
n31,n57,55.1,8.900e-79,283.0
n31,n58,53.6,3.160e-76,275.0
n31,n59,48.3,4.890e-69,251.0
n31,n6,61.1,4.380e-95,338.0
n31,n60,47.4,1.740e-66,243.0
n31,n61,46.6,1.920e-65,239.0
n31,n62,62.8,2.330e-95,339.0
n31,n64,64.7,2.750e-96,342.0
n31,n66,50.2,1.130e-73,267.0
n31,n67,35.7,1.070e-31,127.0
n31,n68,51.7,1.090e-76,277.0
n31,n69,61.2,1.160e-86,310.0
n31,n7,51.9,1.170e-74,270.0
n31,n70,48.7,1.240e-72,263.0
n31,n71,46.8,3.170e-68,248.0
n31,n72,61.5,3.040e-95,338.0
n31,n73,53.1,8.900e-79,283.0
n31,n74,79.7,1.000e-122,429.0
n31,n75,49.0,2.130e-64,236.0
n31,n76,49.4,4.280e-73,265.0
n31,n77,50.0,1.470e-73,266.0
n31,n78,59.8,2.950e-90,322.0
n31,n79,36.0,5.110e-34,135.0
n31,n8,92.7,5.120e-143,497.0
n31,n80,94.3,1.100e-145,506.0
n31,n81,62.8,9.460e-97,343.0
n31,n82,35.2,2.800e-32,129.0
n31,n83,47.1,1.090e-60,223.0
n31,n86,49.8,1.050e-71,260.0
n31,n87,59.1,2.190e-85,305.0
n31,n88,50.9,2.510e-73,265.0
n31,n89,48.7,3.390e-70,255.0
n31,n9,59.3,6.920e-86,307.0
n32,n33,51.1,2.460e-77,279.0
n32,n34,49.8,5.130e-75,271.0
n32,n36,41.3,9.710e-58,214.0
n32,n4,44.4,2.450e-61,226.0
n32,n41,38.4,1.900e-53,200.0
n32,n42,45.0,5.320e-64,235.0
n32,n43,37.6,7.220e-45,171.0
n32,n44,49.7,2.150e-81,292.0
n32,n45,49.3,3.100e-80,289.0
n32,n46,49.7,2.150e-81,292.0
n32,n47,42.1,7.950e-60,221.0
n32,n5,51.9,1.020e-83,300.0
n32,n51,44.6,2.020e-63,233.0
n32,n52,54.4,7.640e-79,284.0
n32,n53,52.1,3.210e-77,278.0
n32,n54,52.1,4.050e-80,288.0
n32,n55,46.7,4.650e-68,248.0
n32,n56,46.7,2.720e-68,249.0
n32,n57,47.1,5.490e-69,251.0
n32,n58,43.9,1.070e-64,237.0
n32,n59,39.6,2.650e-55,206.0
n32,n6,55.6,1.120e-90,323.0
n32,n60,43.8,8.790e-59,217.0
n32,n61,43.1,1.110e-61,227.0
n32,n62,54.4,2.150e-81,292.0
n32,n64,58.0,1.100e-85,307.0
n32,n66,44.0,4.350e-66,242.0
n32,n67,33.7,5.540e-37,145.0
n32,n68,45.5,4.350e-66,242.0
n32,n69,44.4,1.650e-65,240.0
n32,n7,44.3,5.110e-62,228.0
n32,n70,45.3,1.710e-70,256.0
n32,n71,42.3,1.270e-57,213.0
n32,n72,54.5,2.620e-87,312.0
n32,n73,50.9,5.670e-74,268.0
n32,n74,53.1,1.590e-84,303.0
n32,n75,41.0,9.410e-53,197.0
n32,n76,47.7,1.000e-62,230.0
n32,n77,45.3,9.690e-66,240.0
n32,n78,48.4,1.820e-72,263.0
n32,n8,50.6,2.050e-75,272.0
n32,n80,49.0,2.380e-80,289.0
n32,n81,51.6,5.660e-82,294.0
n32,n82,34.0,1.610e-36,143.0
n32,n83,43.6,9.390e-61,224.0
n32,n86,44.5,4.660e-60,221.0
n32,n87,51.6,7.640e-79,284.0
n32,n88,44.3,4.350e-66,242.0
n32,n89,42.8,3.450e-63,232.0
n32,n9,49.8,4.060e-78,282.0
n33,n34,92.2,3.690e-158,547.0
n33,n36,42.9,5.480e-61,225.0
n33,n4,47.5,5.280e-64,235.0
n33,n41,44.4,3.800e-62,228.0
n33,n42,45.5,9.970e-71,257.0
n33,n43,43.4,2.310e-51,193.0
n33,n44,58.2,8.980e-88,314.0
n33,n45,57.1,2.890e-86,309.0
n33,n46,58.2,8.980e-88,314.0
n33,n47,49.5,3.550e-68,248.0
n33,n5,59.0,4.440e-87,311.0
n33,n50,32.1,7.460e-34,134.0
n33,n51,46.4,1.350e-67,247.0
n33,n52,59.0,3.650e-81,292.0
n33,n53,56.9,5.100e-83,298.0
n33,n54,55.4,1.700e-78,283.0
n33,n55,47.1,1.030e-59,220.0
n33,n56,48.0,1.600e-60,223.0
n33,n57,47.5,2.080e-60,223.0
n33,n58,49.6,7.900e-68,247.0
n33,n59,45.3,5.120e-67,245.0
n33,n6,56.9,3.720e-86,308.0
n33,n60,48.5,7.650e-63,231.0
n33,n61,46.9,7.650e-63,231.0
n33,n62,59.0,3.190e-85,305.0
n33,n64,60.9,3.090e-80,289.0
n33,n66,47.8,1.440e-69,253.0
n33,n67,36.0,1.400e-40,157.0
n33,n68,48.0,2.220e-70,256.0
n33,n69,51.2,3.910e-75,272.0
n33,n7,46.6,4.770e-68,248.0
n33,n70,51.3,1.640e-73,266.0
n33,n71,46.2,2.540e-66,242.0
n33,n72,54.9,2.800e-81,292.0
n33,n73,49.4,8.440e-70,254.0
n33,n74,56.4,3.530e-84,302.0
n33,n75,43.0,1.490e-58,216.0
n33,n76,47.0,7.150e-69,251.0
n33,n77,46.4,1.760e-67,246.0
n33,n78,50.7,1.340e-75,273.0
n33,n79,31.9,3.470e-31,126.0
n33,n8,60.7,3.370e-86,308.0
n33,n80,57.5,1.300e-86,310.0
n33,n81,53.6,1.580e-84,303.0
n33,n82,40.2,3.570e-44,169.0
n33,n83,47.5,9.360e-61,224.0
n33,n86,45.6,8.180e-65,237.0
n33,n87,51.4,7.130e-77,277.0
n33,n88,45.3,2.810e-65,239.0
n33,n89,43.8,6.480e-62,228.0
n33,n9,55.6,1.880e-83,299.0
n34,n36,41.6,1.490e-58,216.0
n34,n4,46.2,3.540e-60,222.0
n34,n41,43.5,1.950e-58,216.0
n34,n42,46.0,2.300e-67,246.0
n34,n43,42.1,5.320e-48,181.0
n34,n44,57.4,1.170e-87,313.0
n34,n45,56.4,3.770e-86,308.0
n34,n46,57.4,1.170e-87,313.0
n34,n47,47.1,3.440e-63,232.0
n34,n5,57.6,4.590e-84,301.0
n34,n50,34.8,7.460e-34,134.0
n34,n51,46.8,1.650e-65,240.0
n34,n52,59.0,9.000e-80,287.0
n34,n53,56.1,8.140e-81,290.0
n34,n54,53.1,1.760e-75,273.0
n34,n55,42.6,1.000e-54,204.0
n34,n56,43.3,1.550e-55,206.0
n34,n57,43.3,5.310e-56,208.0
n34,n58,48.5,2.810e-65,239.0
n34,n59,44.9,3.110e-64,235.0
n34,n6,56.9,5.370e-85,304.0
n34,n60,42.8,1.350e-59,220.0
n34,n61,42.8,1.030e-59,220.0
n34,n62,56.7,9.610e-82,294.0
n34,n64,59.7,8.420e-78,280.0
n34,n66,45.2,4.790e-65,238.0
n34,n67,37.2,6.970e-40,154.0
n34,n68,46.0,5.660e-66,241.0
n34,n69,51.9,3.310e-74,268.0
n34,n7,44.5,7.130e-64,234.0
n34,n70,50.5,2.460e-69,252.0
n34,n71,45.8,5.300e-64,235.0
n34,n72,52.2,5.460e-77,278.0
n34,n73,48.2,3.550e-68,248.0
n34,n74,55.3,2.140e-81,292.0
n34,n75,40.9,1.000e-54,204.0
n34,n76,45.5,7.400e-66,241.0
n34,n77,44.9,4.060e-64,235.0
n34,n78,49.7,4.780e-73,265.0
n34,n79,32.7,1.320e-30,124.0
n34,n8,60.3,2.190e-85,305.0
n34,n80,56.7,2.210e-86,309.0
n34,n81,53.4,4.320e-82,295.0
n34,n82,39.4,4.370e-42,162.0
n34,n83,43.8,4.500e-55,205.0
n34,n86,45.2,1.700e-62,230.0
n34,n87,50.0,7.380e-74,267.0
n34,n88,48.8,1.260e-65,240.0
n34,n89,42.0,2.550e-58,216.0
n34,n9,53.4,1.400e-78,283.0
n35,n84,30.4,2.000e-09,54.0
n36,n4,49.4,1.210e-76,277.0
n36,n40,30.7,3.010e-25,106.0
n36,n41,47.8,1.630e-71,260.0
n36,n42,59.1,3.860e-89,318.0
n36,n43,42.4,3.760e-60,222.0
n36,n44,48.9,1.290e-68,250.0
n36,n45,47.7,8.360e-68,247.0
n36,n46,48.9,1.290e-68,250.0
n36,n47,54.5,1.860e-75,273.0
n36,n5,44.7,8.430e-62,227.0
n36,n51,60.1,1.190e-106,376.0
n36,n52,47.7,5.790e-69,251.0
n36,n53,49.2,9.540e-72,260.0
n36,n54,47.2,4.590e-66,242.0
n36,n55,47.0,6.620e-65,238.0
n36,n56,47.6,2.060e-66,243.0
n36,n57,47.2,5.990e-66,241.0
n36,n58,41.9,6.640e-57,211.0
n36,n59,55.7,1.240e-95,340.0
n36,n6,50.2,4.570e-68,248.0
n36,n60,62.6,1.120e-104,370.0
n36,n61,62.1,5.540e-104,367.0
n36,n62,50.0,1.680e-68,250.0
n36,n64,49.4,7.560e-69,251.0
n36,n66,56.5,1.460e-104,369.0
n36,n67,40.2,5.830e-45,171.0
n36,n68,58.0,1.010e-105,373.0
n36,n69,46.2,1.170e-61,227.0
n36,n7,55.5,4.570e-103,364.0
n36,n70,50.7,7.810e-74,267.0
n36,n71,57.7,5.740e-101,357.0
n36,n72,43.4,9.560e-64,234.0
n36,n73,44.9,6.420e-60,221.0
n36,n74,49.1,1.520e-69,253.0
n36,n75,49.8,2.430e-67,246.0
n36,n76,54.4,4.860e-100,354.0
n36,n77,54.5,1.510e-101,359.0
n36,n78,45.7,5.070e-65,238.0
n36,n8,48.1,2.680e-67,245.0
n36,n80,48.1,1.090e-67,247.0
n36,n81,48.0,3.750e-68,248.0
n36,n82,37.2,7.130e-43,164.0
n36,n83,38.4,4.040e-46,175.0
n36,n86,60.4,3.150e-99,352.0
n36,n87,43.5,5.250e-62,228.0
n36,n88,44.6,2.140e-55,206.0
n36,n89,56.0,3.360e-101,358.0
n36,n9,43.5,1.270e-63,233.0
n37,n39,35.4,2.630e-38,149.0
n37,n42,30.4,5.910e-06,42.0
n37,n49,66.2,5.200e-103,364.0
n37,n85,36.3,3.930e-34,135.0
n38,n42,30.5,2.550e-18,84.0
n38,n60,30.4,1.500e-18,84.0
n38,n70,32.1,1.310e-22,98.0
n38,n77,30.6,6.950e-16,75.0
n38,n78,30.1,5.880e-15,72.0
n39,n49,34.9,1.010e-34,137.0
n4,n41,51.4,4.300e-82,295.0
n4,n42,65.0,3.270e-106,375.0
n4,n43,38.9,1.140e-58,217.0
n4,n44,49.1,1.060e-72,263.0
n4,n45,48.4,3.420e-71,258.0
n4,n46,49.1,1.060e-72,263.0
n4,n47,73.8,5.750e-119,417.0
n4,n5,50.8,3.200e-69,252.0
n4,n50,32.6,1.190e-31,127.0
n4,n51,52.8,6.870e-80,287.0
n4,n52,47.4,7.120e-69,251.0
n4,n53,47.4,9.300e-69,250.0
n4,n54,48.5,4.620e-68,248.0
n4,n55,46.6,1.940e-66,243.0
n4,n56,47.4,2.290e-67,246.0
n4,n57,46.3,3.310e-66,242.0
n4,n58,40.8,4.940e-62,228.0
n4,n59,51.2,1.430e-85,306.0
n4,n6,49.5,3.420e-71,258.0
n4,n60,46.4,2.530e-74,269.0
n4,n61,46.2,2.790e-73,265.0
n4,n62,50.0,1.530e-71,260.0
n4,n64,48.5,5.100e-67,245.0
n4,n66,50.8,1.250e-81,293.0
n4,n67,36.6,1.500e-42,163.0
n4,n68,49.3,1.130e-82,297.0
n4,n69,48.3,4.770e-73,265.0
n4,n7,50.7,4.760e-81,291.0
n4,n70,50.7,1.870e-77,279.0
n4,n71,52.9,2.600e-87,312.0
n4,n72,45.8,2.530e-66,242.0
n4,n73,44.6,1.180e-63,233.0
n4,n74,51.7,4.610e-76,275.0
n4,n75,57.3,1.530e-87,313.0
n4,n76,48.1,1.870e-77,279.0
n4,n77,48.8,8.970e-80,287.0
n4,n78,46.6,1.340e-67,247.0
n4,n79,32.2,7.700e-31,124.0
n4,n8,49.3,4.930e-70,255.0
n4,n80,49.5,5.270e-72,261.0
n4,n81,49.3,9.600e-74,267.0
n4,n82,36.2,8.210e-41,158.0
n4,n83,38.8,1.590e-52,196.0
n4,n86,54.7,1.750e-83,299.0
n4,n87,46.2,1.490e-66,243.0
n4,n88,49.3,1.340e-67,247.0
n4,n89,49.3,1.290e-78,283.0
n4,n9,47.0,2.890e-70,255.0
n40,n44,30.4,1.080e-24,104.0
n40,n46,30.4,1.080e-24,104.0
n40,n54,31.6,6.310e-25,105.0
n40,n62,30.1,1.970e-18,83.0
n40,n63,46.9,3.780e-70,255.0
n40,n73,30.2,1.970e-18,83.0
n40,n78,30.6,1.360e-27,114.0
n40,n8,30.5,1.070e-23,101.0
n40,n80,30.0,9.110e-24,101.0
n40,n81,30.7,4.520e-23,99.0
n40,n82,30.5,9.430e-21,91.0
n41,n42,56.1,2.010e-98,349.0
n41,n43,42.4,1.840e-51,193.0
n41,n44,45.5,3.690e-68,248.0
n41,n45,44.3,1.010e-65,240.0
n41,n46,45.5,3.690e-68,248.0
n41,n47,46.2,1.500e-69,253.0
n41,n5,45.1,9.320e-61,224.0
n41,n50,36.8,3.370e-37,146.0
n41,n51,51.4,1.150e-77,280.0
n41,n52,43.4,2.560e-61,226.0
n41,n53,46.0,2.480e-64,236.0
n41,n54,47.3,6.100e-63,231.0
n41,n55,44.5,2.830e-60,222.0
n41,n56,44.1,5.340e-59,218.0
n41,n57,43.8,5.340e-59,218.0
n41,n58,40.8,2.100e-55,206.0
n41,n59,45.7,1.230e-71,260.0
n41,n6,46.9,1.160e-63,233.0
n41,n60,41.4,9.720e-69,250.0
n41,n61,42.4,7.440e-69,251.0
n41,n62,50.7,3.340e-69,252.0
n41,n64,45.7,6.740e-62,228.0
n41,n66,44.1,1.230e-71,260.0
n41,n67,33.2,2.330e-38,149.0
n41,n68,46.1,4.980e-73,265.0
n41,n69,44.4,1.320e-57,213.0
n41,n7,46.8,7.120e-72,261.0
n41,n70,45.4,1.400e-67,247.0
n41,n71,44.6,5.150e-70,255.0
n41,n72,43.4,3.460e-58,215.0
n41,n73,44.4,2.320e-62,229.0
n41,n74,46.2,3.460e-66,242.0
n41,n75,46.5,1.360e-62,230.0
n41,n76,44.5,3.020e-70,255.0
n41,n77,47.0,4.500e-74,268.0
n41,n78,43.4,2.320e-62,229.0
n41,n79,33.3,2.670e-34,136.0
n41,n8,48.3,1.740e-66,243.0
n41,n80,44.5,4.510e-66,242.0
n41,n81,45.1,4.990e-65,238.0
n41,n82,32.6,2.670e-34,136.0
n41,n83,42.3,1.900e-48,183.0
n41,n86,45.4,4.820e-68,248.0
n41,n87,46.5,1.960e-61,226.0
n41,n88,42.1,4.380e-53,198.0
n41,n89,47.6,1.550e-74,270.0
n41,n9,47.6,1.040e-65,240.0
n42,n43,39.9,2.570e-59,220.0
n42,n44,51.7,9.380e-78,281.0
n42,n45,45.1,8.780e-76,274.0
n42,n46,51.7,9.380e-78,281.0
n42,n47,64.2,7.880e-101,357.0
n42,n5,46.7,5.640e-66,241.0
n42,n50,32.4,7.030e-33,132.0
n42,n51,54.7,3.930e-84,302.0
n42,n52,50.6,2.550e-75,273.0
n42,n53,51.3,1.350e-76,277.0
n42,n54,49.6,2.160e-74,270.0
n42,n55,47.8,2.470e-70,256.0
n42,n56,48.5,1.310e-71,260.0
n42,n57,48.1,3.820e-71,259.0
n42,n58,42.4,4.230e-62,229.0
n42,n59,51.4,6.060e-85,305.0
n42,n6,48.7,3.060e-72,262.0
n42,n60,52.1,3.010e-84,302.0
n42,n61,53.7,8.460e-87,311.0
n42,n62,52.6,2.470e-78,283.0
n42,n64,51.3,5.320e-73,265.0
n42,n66,55.6,2.010e-88,316.0
n42,n67,41.5,2.570e-51,193.0
n42,n68,56.8,4.790e-90,322.0
n42,n69,51.0,3.690e-74,269.0
n42,n7,53.5,1.250e-84,303.0
n42,n70,54.5,2.300e-84,303.0
n42,n71,52.0,2.460e-86,309.0
n42,n72,47.6,1.500e-67,247.0
n42,n73,45.8,2.640e-72,263.0
n42,n74,49.5,1.500e-75,273.0
n42,n75,54.6,6.490e-79,285.0
n42,n76,49.5,2.820e-82,296.0
n42,n77,53.1,4.640e-85,305.0
n42,n78,49.4,2.640e-72,263.0
n42,n79,30.8,7.280e-30,122.0
n42,n8,50.9,1.420e-76,276.0
n42,n80,50.6,6.720e-76,275.0
n42,n81,52.3,3.110e-81,292.0
n42,n82,41.5,8.270e-50,188.0
n42,n83,40.8,1.230e-53,201.0
n42,n86,54.5,1.350e-84,304.0
n42,n87,45.9,3.700e-66,242.0
n42,n88,48.3,3.340e-67,246.0
n42,n89,52.9,6.480e-87,311.0
n42,n9,49.5,6.070e-74,268.0
n43,n44,38.2,4.900e-55,205.0
n43,n45,41.0,6.390e-55,205.0
n43,n46,38.2,4.900e-55,205.0
n43,n47,40.3,9.530e-59,217.0
n43,n5,40.8,7.910e-52,194.0
n43,n51,45.4,3.730e-71,258.0
n43,n52,42.5,2.970e-52,196.0
n43,n53,43.2,4.140e-54,202.0
n43,n54,41.2,1.130e-51,194.0
n43,n55,36.5,5.430e-46,175.0
n43,n56,37.3,6.410e-47,178.0
n43,n57,36.9,1.090e-46,177.0
n43,n58,35.7,9.260e-46,174.0
n43,n59,47.4,8.600e-68,247.0
n43,n6,45.0,7.570e-55,204.0
n43,n60,40.7,1.130e-59,220.0
n43,n61,46.5,6.600e-60,221.0
n43,n62,40.7,9.560e-51,191.0
n43,n64,39.9,8.090e-50,188.0
n43,n66,45.6,1.160e-64,237.0
n43,n67,32.7,6.440e-31,125.0
n43,n68,43.1,1.790e-65,240.0
n43,n69,35.6,4.910e-47,178.0
n43,n7,42.6,2.710e-63,232.0
n43,n70,39.3,5.070e-52,195.0
n43,n71,48.0,4.270e-67,245.0
n43,n72,36.1,4.740e-50,188.0
n43,n73,36.9,2.780e-50,189.0
n43,n74,40.3,8.350e-55,204.0
n43,n75,41.9,1.680e-55,206.0
n43,n76,45.3,2.270e-60,223.0
n43,n77,47.5,5.970e-61,225.0
n43,n78,42.2,2.870e-55,206.0
n43,n8,43.9,4.450e-54,201.0
n43,n80,41.5,7.550e-56,208.0
n43,n81,41.6,8.350e-55,204.0
n43,n82,30.5,2.710e-29,119.0
n43,n83,33.5,2.610e-32,129.0
n43,n86,48.7,2.260e-68,249.0
n43,n87,42.0,1.020e-52,197.0
n43,n88,37.8,8.110e-42,161.0
n43,n89,43.1,5.230e-57,211.0
n43,n9,36.1,3.360e-48,182.0
n44,n45,93.0,2.300e-163,565.0
n44,n46,100.0,1.700e-174,602.0
n44,n47,48.6,1.340e-70,257.0
n44,n5,59.8,1.250e-97,346.0
n44,n50,33.7,4.500e-34,135.0
n44,n51,50.2,4.440e-74,268.0
n44,n52,67.7,1.010e-102,363.0
n44,n53,68.3,7.770e-103,364.0
n44,n54,64.9,8.890e-99,350.0
n44,n55,55.0,1.740e-78,283.0
n44,n56,55.0,4.590e-79,285.0
n44,n57,55.7,1.580e-79,286.0
n44,n58,51.5,1.090e-80,290.0
n44,n59,46.5,2.700e-71,259.0
n44,n6,60.1,9.440e-98,347.0
n44,n60,47.8,1.380e-67,247.0
n44,n61,46.6,9.920e-66,240.0
n44,n62,63.5,8.320e-97,344.0
n44,n63,31.0,2.020e-26,110.0
n44,n64,65.9,5.210e-99,351.0
n44,n66,46.8,4.440e-74,268.0
n44,n67,35.2,1.600e-31,127.0
n44,n68,49.7,5.070e-78,281.0
n44,n69,56.8,2.870e-89,319.0
n44,n7,49.4,2.790e-76,275.0
n44,n70,47.9,8.100e-76,274.0
n44,n71,44.7,1.930e-69,253.0
n44,n72,58.7,2.760e-100,355.0
n44,n73,50.5,2.870e-81,292.0
n44,n74,76.8,1.410e-128,449.0
n44,n75,49.3,2.520e-69,252.0
n44,n76,49.6,4.160e-72,262.0
n44,n77,46.9,1.170e-74,270.0
n44,n78,56.7,2.510e-93,332.0
n44,n79,34.0,9.370e-32,127.0
n44,n8,98.9,7.880e-152,526.0
n44,n80,97.7,5.110e-171,590.0
n44,n81,60.4,3.860e-102,361.0
n44,n82,34.2,1.600e-31,127.0
n44,n83,47.5,3.080e-67,245.0
n44,n86,48.4,1.020e-70,257.0
n44,n87,56.5,1.090e-88,317.0
n44,n88,47.4,1.690e-73,266.0
n44,n89,46.4,4.160e-72,262.0
n44,n9,55.6,7.140e-91,324.0
n45,n46,93.0,2.430e-163,565.0
n45,n47,47.2,2.670e-69,252.0
n45,n5,59.5,4.730e-97,344.0
n45,n50,34.3,9.600e-35,138.0
n45,n51,47.9,8.030e-74,267.0
n45,n52,66.9,7.710e-101,357.0
n45,n53,66.8,1.010e-100,357.0
n45,n54,64.1,5.170e-97,344.0
n45,n55,54.4,2.670e-77,279.0
n45,n56,54.8,5.380e-78,281.0
n45,n57,55.1,2.410e-78,282.0
n45,n58,52.5,5.740e-80,288.0
n45,n59,46.7,6.360e-71,258.0
n45,n6,58.4,1.610e-97,346.0
n45,n60,47.4,2.120e-66,243.0
n45,n61,42.7,1.370e-65,240.0
n45,n62,62.7,1.270e-95,340.0
n45,n63,30.3,9.010e-25,104.0
n45,n64,64.7,3.350e-96,342.0
n45,n66,46.8,5.560e-75,271.0
n45,n67,35.7,1.300e-31,127.0
n45,n68,49.3,1.410e-78,283.0
n45,n69,57.6,2.840e-87,312.0
n45,n7,49.0,3.650e-76,275.0
n45,n70,47.6,5.560e-75,271.0
n45,n71,44.8,2.670e-69,252.0
n45,n72,58.9,3.830e-100,355.0
n45,n73,50.2,6.780e-81,291.0
n45,n74,76.5,2.150e-127,445.0
n45,n75,47.8,3.610e-66,242.0
n45,n76,49.3,5.210e-73,265.0
n45,n77,46.2,9.490e-75,270.0
n45,n78,56.6,6.540e-92,327.0
n45,n79,36.0,6.220e-34,135.0
n45,n8,92.7,1.760e-143,498.0
n45,n80,94.0,3.400e-165,571.0
n45,n81,58.8,1.450e-99,353.0
n45,n82,35.2,3.410e-32,129.0
n45,n83,46.1,6.820e-65,238.0
n45,n86,48.4,7.520e-72,261.0
n45,n87,56.1,2.180e-87,312.0
n45,n88,47.7,1.050e-73,267.0
n45,n89,45.8,9.820e-72,260.0
n45,n9,53.5,7.390e-88,314.0
n46,n47,48.6,1.340e-70,257.0
n46,n5,59.8,1.250e-97,346.0
n46,n50,33.7,4.500e-34,135.0
n46,n51,50.2,4.440e-74,268.0
n46,n52,67.7,1.010e-102,363.0
n46,n53,68.3,7.770e-103,364.0
n46,n54,64.9,8.890e-99,350.0
n46,n55,55.0,1.740e-78,283.0
n46,n56,55.0,4.590e-79,285.0
n46,n57,55.7,1.580e-79,286.0
n46,n58,51.5,1.090e-80,290.0
n46,n59,46.5,2.700e-71,259.0
n46,n6,60.1,9.440e-98,347.0
n46,n60,47.8,1.380e-67,247.0
n46,n61,46.6,9.920e-66,240.0
n46,n62,63.5,8.320e-97,344.0
n46,n63,31.0,2.020e-26,110.0
n46,n64,65.9,5.210e-99,351.0
n46,n66,46.8,4.440e-74,268.0
n46,n67,35.2,1.600e-31,127.0
n46,n68,49.7,5.070e-78,281.0
n46,n69,56.8,2.870e-89,319.0
n46,n7,49.4,2.790e-76,275.0
n46,n70,47.9,8.100e-76,274.0
n46,n71,44.7,1.930e-69,253.0
n46,n72,58.7,2.760e-100,355.0
n46,n73,50.5,2.870e-81,292.0
n46,n74,76.8,1.410e-128,449.0
n46,n75,49.3,2.520e-69,252.0
n46,n76,49.6,4.160e-72,262.0
n46,n77,46.9,1.170e-74,270.0
n46,n78,56.7,2.510e-93,332.0
n46,n79,34.0,9.370e-32,127.0
n46,n8,98.9,7.880e-152,526.0
n46,n80,97.7,5.110e-171,590.0
n46,n81,60.4,3.860e-102,361.0
n46,n82,34.2,1.600e-31,127.0
n46,n83,47.5,3.080e-67,245.0
n46,n86,48.4,1.020e-70,257.0
n46,n87,56.5,1.090e-88,317.0
n46,n88,47.4,1.690e-73,266.0
n46,n89,46.4,4.160e-72,262.0
n46,n9,55.6,7.140e-91,324.0
n47,n49,30.8,6.830e-06,42.0
n47,n5,50.4,9.940e-71,257.0
n47,n50,32.5,5.360e-35,138.0
n47,n51,52.8,2.150e-76,276.0
n47,n52,48.3,2.550e-69,252.0
n47,n53,50.2,1.440e-72,263.0
n47,n54,50.0,7.920e-71,257.0
n47,n55,47.9,8.200e-68,247.0
n47,n56,48.7,5.680e-69,251.0
n47,n57,47.9,4.810e-68,248.0
n47,n58,43.1,1.450e-64,236.0
n47,n59,50.5,8.740e-78,280.0
n47,n6,50.4,8.330e-70,254.0
n47,n60,46.1,7.920e-71,257.0
n47,n61,47.3,2.230e-73,266.0
n47,n62,52.1,2.460e-72,262.0
n47,n64,47.9,2.470e-64,236.0
n47,n66,48.5,8.180e-76,274.0
n47,n67,38.7,2.570e-45,173.0
n47,n68,49.1,3.320e-77,278.0
n47,n69,47.4,4.070e-67,245.0
n47,n7,49.7,6.880e-75,271.0
n47,n70,52.3,6.260e-76,274.0
n47,n71,52.6,5.850e-82,294.0
n47,n72,45.0,3.120e-67,245.0
n47,n73,43.5,6.080e-63,231.0
n47,n74,51.3,3.220e-72,262.0
n47,n75,61.8,1.300e-97,346.0
n47,n76,47.2,1.000e-73,267.0
n47,n77,47.9,4.490e-74,268.0
n47,n78,46.9,2.160e-68,249.0
n47,n79,32.2,1.730e-33,133.0
n47,n8,51.8,7.070e-68,247.0
n47,n80,47.9,2.550e-69,252.0
n47,n81,51.3,1.180e-74,270.0
n47,n82,41.5,2.570e-45,173.0
n47,n83,39.0,1.550e-50,190.0
n47,n86,52.6,1.140e-77,280.0
n47,n87,44.3,4.970e-65,238.0
n47,n88,41.0,5.700e-53,198.0
n47,n89,48.1,1.760e-70,256.0
n47,n9,47.9,7.680e-69,251.0
n48,n49,30.1,4.610e-30,122.0
n49,n84,30.4,2.900e-29,119.0
n49,n85,35.5,2.620e-30,122.0
n5,n50,30.9,1.360e-27,114.0
n5,n51,47.7,1.700e-70,256.0
n5,n52,65.4,4.570e-100,354.0
n5,n53,67.3,2.860e-102,362.0
n5,n54,61.9,3.170e-93,332.0
n5,n55,59.1,3.400e-87,312.0
n5,n56,59.2,6.850e-88,314.0
n5,n57,59.2,6.850e-88,314.0
n5,n58,60.3,5.990e-92,327.0
n5,n59,44.9,9.010e-64,234.0
n5,n6,79.2,3.140e-133,465.0
n5,n60,41.9,2.150e-57,213.0
n5,n61,41.0,6.680e-59,218.0
n5,n62,68.2,2.590e-103,365.0
n5,n64,66.8,9.220e-101,357.0
n5,n66,44.3,3.660e-65,238.0
n5,n67,32.3,5.520e-29,118.0
n5,n68,46.2,1.030e-67,247.0
n5,n69,50.2,4.310e-74,268.0
n5,n7,46.6,2.990e-67,245.0
n5,n70,50.2,9.940e-71,257.0
n5,n71,48.1,6.030e-68,248.0
n5,n72,61.4,8.340e-102,360.0
n5,n73,58.1,8.650e-91,324.0
n5,n74,58.4,1.430e-93,333.0
n5,n75,47.2,3.100e-64,235.0
n5,n76,44.7,3.100e-64,235.0
n5,n77,46.7,7.120e-69,251.0
n5,n78,57.5,7.320e-90,320.0
n5,n79,32.3,1.900e-29,120.0
n5,n8,61.0,2.430e-93,332.0
n5,n80,60.1,1.250e-97,346.0
n5,n81,63.4,2.340e-104,369.0
n5,n82,33.9,2.560e-34,136.0
n5,n83,53.6,6.430e-78,281.0
n5,n86,49.5,6.670e-67,244.0
n5,n87,61.1,1.470e-98,349.0
n5,n88,43.7,2.710e-60,222.0
n5,n89,44.7,3.660e-65,238.0
n5,n9,59.0,8.350e-94,334.0
n50,n52,31.1,7.090e-31,124.0
n50,n53,31.8,3.760e-32,129.0
n50,n54,32.1,4.600e-30,122.0
n50,n55,30.8,1.060e-26,111.0
n50,n56,31.6,7.340e-28,114.0
n50,n57,30.8,6.210e-27,111.0
n50,n58,30.5,8.970e-26,107.0
n50,n59,32.1,1.380e-34,137.0
n50,n60,32.1,2.440e-31,126.0
n50,n61,31.7,6.850e-34,134.0
n50,n62,34.7,8.950e-34,134.0
n50,n64,31.5,2.280e-29,119.0
n50,n66,31.6,8.100e-35,138.0
n50,n67,33.2,8.100e-35,138.0
n50,n68,31.8,3.080e-34,136.0
n50,n69,32.3,1.430e-31,127.0
n50,n7,32.7,7.430e-37,144.0
n50,n70,32.9,1.530e-33,133.0
n50,n74,32.1,4.160e-31,125.0
n50,n75,32.9,1.090e-31,127.0
n50,n76,32.7,2.520e-36,143.0
n50,n77,32.7,1.480e-36,143.0
n50,n78,33.1,4.600e-30,122.0
n50,n79,85.4,1.430e-140,489.0
n50,n8,33.7,3.000e-34,136.0
n50,n80,33.9,1.380e-34,137.0
n50,n81,30.5,4.160e-31,125.0
n50,n82,30.2,1.090e-31,127.0
n50,n83,30.8,5.260e-26,108.0
n50,n86,31.7,4.440e-33,132.0
n50,n87,30.1,8.110e-27,111.0
n50,n88,32.1,3.290e-28,116.0
n50,n89,34.9,2.780e-35,139.0
n50,n9,32.6,5.750e-32,128.0
n51,n52,50.0,6.880e-70,254.0
n51,n53,48.5,3.090e-70,255.0
n51,n54,47.6,2.890e-68,249.0
n51,n55,46.4,9.940e-69,250.0
n51,n56,46.4,9.940e-69,250.0
n51,n57,46.4,5.830e-69,251.0
n51,n58,40.9,6.040e-58,215.0
n51,n59,65.9,1.850e-107,379.0
n51,n6,52.3,1.370e-72,263.0
n51,n60,61.8,1.740e-97,346.0
n51,n61,57.5,2.590e-101,359.0
n51,n62,48.5,3.780e-68,248.0
n51,n64,51.9,1.250e-71,260.0
n51,n66,56.1,7.540e-101,357.0
n51,n67,34.9,1.270e-39,154.0
n51,n68,57.9,9.520e-104,367.0
n51,n69,46.7,7.630e-61,224.0
n51,n7,56.6,6.180e-100,354.0
n51,n70,49.8,2.440e-75,272.0
n51,n71,60.6,2.110e-111,392.0
n51,n72,44.3,2.990e-65,239.0
n51,n73,46.0,7.610e-69,251.0
n51,n74,49.1,7.860e-74,267.0
n51,n75,53.6,1.250e-71,260.0
n51,n76,57.3,4.420e-101,358.0
n51,n77,58.7,1.160e-101,360.0
n51,n78,46.4,8.990e-70,254.0
n51,n79,30.2,3.460e-29,119.0
n51,n8,52.6,1.240e-72,263.0
n51,n80,49.1,7.350e-72,261.0
n51,n81,47.2,8.990e-70,254.0
n51,n82,33.1,4.070e-38,149.0
n51,n83,39.5,2.630e-45,173.0
n51,n86,67.8,8.590e-113,397.0
n51,n87,43.5,7.630e-61,224.0
n51,n88,43.7,6.910e-54,201.0
n51,n89,61.8,3.270e-104,368.0
n51,n9,46.0,1.600e-66,243.0
n52,n53,91.2,4.030e-140,487.0
n52,n54,68.8,9.370e-105,370.0
n52,n55,62.7,7.700e-91,324.0
n52,n56,62.3,7.700e-91,324.0
n52,n57,62.7,5.890e-91,324.0
n52,n58,55.4,4.840e-77,278.0
n52,n59,47.0,1.790e-63,233.0
n52,n6,70.3,1.550e-108,382.0
n52,n60,50.6,7.490e-70,254.0
n52,n61,49.8,1.280e-69,253.0
n52,n62,71.7,5.670e-110,387.0
n52,n64,67.7,2.910e-106,375.0
n52,n66,53.0,2.040e-75,272.0
n52,n67,34.3,9.560e-33,131.0
n52,n68,51.8,1.560e-75,273.0
n52,n69,55.1,5.720e-78,281.0
n52,n7,49.4,6.030e-71,258.0
n52,n70,51.1,3.250e-73,265.0
n52,n71,47.0,9.480e-65,237.0
n52,n72,68.6,1.450e-105,372.0
n52,n73,60.1,1.830e-92,329.0
n52,n74,65.4,5.880e-99,351.0
n52,n75,47.0,4.870e-61,225.0
n52,n76,50.0,8.000e-72,260.0
n52,n77,50.9,5.540e-73,264.0
n52,n78,64.2,6.950e-100,354.0
n52,n79,30.8,3.180e-28,116.0
n52,n8,67.3,7.480e-102,360.0
n52,n80,68.1,3.940e-103,364.0
n52,n81,73.6,2.010e-115,405.0
n52,n82,34.4,1.860e-36,143.0
n52,n83,53.1,8.000e-72,260.0
n52,n86,48.5,3.850e-66,242.0
n52,n87,62.0,6.960e-92,327.0
n52,n88,45.3,8.870e-63,230.0
n52,n89,47.0,1.620e-64,236.0
n52,n9,59.8,4.950e-92,328.0
n53,n54,69.5,1.600e-104,369.0
n53,n55,62.3,1.190e-91,326.0
n53,n56,62.5,6.960e-92,327.0
n53,n57,62.9,5.330e-92,327.0
n53,n58,56.0,5.180e-79,284.0
n53,n59,47.0,1.120e-65,240.0
n53,n6,70.3,3.130e-109,385.0
n53,n60,48.5,4.860e-69,251.0
n53,n61,47.7,5.370e-68,248.0
n53,n62,74.8,5.850e-115,404.0
n53,n64,70.0,5.870e-107,377.0
n53,n66,51.3,8.550e-74,267.0
n53,n67,33.6,4.290e-33,132.0
n53,n68,50.6,1.720e-74,269.0
n53,n69,53.2,1.970e-78,282.0
n53,n7,48.5,2.290e-70,256.0
n53,n70,53.3,1.320e-74,270.0
n53,n71,47.0,5.020e-66,241.0
n53,n72,70.9,6.930e-108,380.0
n53,n73,62.2,6.090e-96,341.0
n53,n74,65.6,1.310e-98,349.0
n53,n75,47.4,5.200e-63,231.0
n53,n76,49.1,4.390e-70,255.0
n53,n77,50.0,2.330e-71,259.0
n53,n78,64.2,2.640e-99,352.0
n53,n79,32.2,1.530e-30,123.0
n53,n8,67.6,1.670e-101,359.0
n53,n80,68.3,8.770e-103,363.0
n53,n81,74.0,1.650e-117,412.0
n53,n82,34.5,1.580e-35,140.0
n53,n83,55.4,1.320e-74,270.0
n53,n86,47.3,5.940e-67,244.0
n53,n87,62.7,5.700e-94,334.0
n53,n88,44.9,1.510e-62,230.0
n53,n89,45.5,1.240e-64,236.0
n53,n9,63.2,1.490e-96,343.0
n54,n55,63.1,1.400e-92,329.0
n54,n56,63.5,1.650e-93,332.0
n54,n57,63.5,2.820e-93,332.0
n54,n58,53.3,4.230e-73,265.0
n54,n59,44.9,1.780e-63,233.0
n54,n6,64.6,9.440e-98,347.0
n54,n60,44.3,8.270e-61,224.0
n54,n61,45.9,3.240e-65,238.0
n54,n62,70.2,2.900e-106,375.0
n54,n64,61.8,1.490e-94,336.0
n54,n66,48.1,1.190e-67,247.0
n54,n67,33.7,9.530e-33,131.0
n54,n68,49.4,2.840e-69,252.0
n54,n69,51.2,3.030e-71,258.0
n54,n7,48.1,6.240e-68,248.0
n54,n70,49.1,8.810e-71,257.0
n54,n71,43.4,3.710e-61,225.0
n54,n72,65.3,1.440e-97,346.0
n54,n73,59.1,1.770e-87,312.0
n54,n74,60.7,1.000e-90,323.0
n54,n75,46.6,8.840e-63,230.0
n54,n76,48.3,3.140e-68,248.0
n54,n77,46.1,8.540e-66,240.0
n54,n78,65.7,1.310e-98,349.0
n54,n79,31.0,4.140e-28,115.0
n54,n8,64.5,6.550e-98,347.0
n54,n80,64.9,9.990e-99,350.0
n54,n81,68.2,1.350e-103,366.0
n54,n82,33.2,3.620e-32,129.0
n54,n83,51.9,8.810e-71,257.0
n54,n86,45.7,2.330e-63,232.0
n54,n87,63.3,2.020e-91,325.0
n54,n88,44.2,5.930e-59,218.0
n54,n89,43.4,2.180e-61,226.0
n54,n9,62.0,1.300e-92,330.0
n55,n56,97.7,3.040e-148,514.0
n55,n57,98.4,3.590e-149,517.0
n55,n58,56.8,1.030e-79,287.0
n55,n59,45.5,8.470e-66,240.0
n55,n6,59.3,2.580e-87,312.0
n55,n60,45.0,3.010e-63,232.0
n55,n61,45.3,4.200e-65,238.0
n55,n62,64.1,1.750e-95,339.0
n55,n63,30.9,1.790e-23,100.0
n55,n64,56.3,2.370e-84,302.0
n55,n66,46.4,2.910e-66,242.0
n55,n67,34.9,1.050e-31,127.0
n55,n68,47.2,9.050e-68,247.0
n55,n69,46.3,5.140e-63,231.0
n55,n7,47.7,1.640e-68,250.0
n55,n70,46.1,5.320e-60,221.0
n55,n71,45.2,1.310e-66,243.0
n55,n72,56.2,3.200e-81,292.0
n55,n73,54.9,3.790e-82,295.0
n55,n74,57.1,3.790e-82,295.0
n55,n75,48.6,2.460e-65,239.0
n55,n76,45.7,1.110e-65,240.0
n55,n77,46.3,1.310e-66,243.0
n55,n78,55.0,1.220e-80,290.0
n55,n79,31.3,3.260e-25,106.0
n55,n8,54.6,2.190e-77,279.0
n55,n80,54.2,6.250e-77,277.0
n55,n81,62.9,2.140e-93,332.0
n55,n82,36.0,5.920e-35,138.0
n55,n83,48.3,9.690e-62,227.0
n55,n86,46.2,1.180e-67,247.0
n55,n87,56.2,3.540e-80,288.0
n55,n88,39.8,6.960e-52,194.0
n55,n89,48.1,7.400e-70,254.0
n55,n9,57.8,4.960e-84,301.0
n56,n57,98.4,2.750e-149,518.0
n56,n58,58.3,4.940e-82,294.0
n56,n59,45.5,4.970e-66,241.0
n56,n6,59.9,8.850e-88,314.0
n56,n60,45.6,2.730e-64,235.0
n56,n61,46.3,5.870e-67,244.0
n56,n62,64.7,6.020e-96,341.0
n56,n63,31.1,3.600e-24,102.0
n56,n64,57.9,4.320e-86,308.0
n56,n66,47.6,1.180e-67,247.0
n56,n67,35.3,2.750e-32,129.0
n56,n68,48.0,1.070e-68,250.0
n56,n69,46.3,6.070e-64,234.0
n56,n7,48.5,2.530e-69,252.0
n56,n70,46.8,6.280e-61,224.0
n56,n71,45.2,7.660e-67,244.0
n56,n72,56.4,1.440e-81,293.0
n56,n73,56.0,1.540e-83,299.0
n56,n74,57.1,4.940e-82,294.0
n56,n75,49.8,1.710e-66,243.0
n56,n76,46.1,8.470e-66,240.0
n56,n77,46.6,2.630e-67,245.0
n56,n78,55.4,5.470e-81,291.0
n56,n79,32.1,2.260e-26,109.0
n56,n8,54.6,5.770e-78,281.0
n56,n80,54.6,1.260e-77,280.0
n56,n81,64.3,1.130e-94,336.0
n56,n82,36.0,3.470e-35,139.0
n56,n83,49.0,5.140e-63,231.0
n56,n86,46.2,2.630e-67,245.0
n56,n87,56.6,1.440e-81,293.0
n56,n88,40.6,1.070e-52,197.0
n56,n89,48.0,1.650e-69,253.0
n56,n9,59.3,9.030e-86,307.0
n57,n58,57.9,3.200e-81,292.0
n57,n59,45.5,8.470e-66,240.0
n57,n6,59.9,8.850e-88,314.0
n57,n60,44.9,2.310e-63,232.0
n57,n61,45.5,4.970e-66,241.0
n57,n62,64.7,3.530e-96,341.0
n57,n63,31.4,3.600e-24,102.0
n57,n64,57.1,2.140e-85,305.0
n57,n66,47.2,1.540e-67,246.0
n57,n67,35.7,5.540e-33,131.0
n57,n68,47.6,1.400e-68,250.0
n57,n69,45.9,8.770e-63,230.0
n57,n7,48.1,2.530e-69,252.0
n57,n70,45.7,5.320e-60,221.0
n57,n71,45.2,1.310e-66,243.0
n57,n72,56.8,1.100e-81,293.0
n57,n73,55.3,7.630e-83,297.0
n57,n74,57.9,3.420e-83,298.0
n57,n75,48.6,1.450e-65,240.0
n57,n76,46.1,1.710e-66,243.0
n57,n77,46.6,2.630e-67,245.0
n57,n78,55.4,1.880e-81,292.0
n57,n79,30.3,1.050e-23,101.0
n57,n8,55.3,1.980e-78,282.0
n57,n80,55.0,5.660e-78,281.0
n57,n81,64.0,4.310e-94,334.0
n57,n82,36.8,3.140e-36,142.0
n57,n83,48.8,6.710e-63,231.0
n57,n86,46.2,1.180e-67,247.0
n57,n87,55.9,4.630e-80,288.0
n57,n88,39.8,5.330e-52,195.0
n57,n89,48.0,5.670e-70,254.0
n57,n9,58.1,1.300e-84,303.0
n58,n59,39.0,2.060e-55,206.0
n58,n6,59.0,6.550e-91,324.0
n58,n60,37.7,5.610e-53,198.0
n58,n61,38.1,5.070e-54,201.0
n58,n62,54.8,3.860e-78,282.0
n58,n64,51.2,3.500e-71,258.0
n58,n66,42.8,7.310e-61,224.0
n58,n67,34.6,9.000e-35,138.0
n58,n68,41.9,6.610e-62,228.0
n58,n69,43.8,6.400e-57,211.0
n58,n7,41.8,5.290e-59,218.0
n58,n70,44.7,8.630e-62,227.0
n58,n71,39.6,4.430e-58,215.0
n58,n72,50.3,4.720e-76,275.0
n58,n73,53.7,8.310e-81,290.0
n58,n74,51.7,1.910e-77,279.0
n58,n75,45.7,4.140e-64,235.0
n58,n76,39.2,9.250e-56,207.0
n58,n77,39.8,3.400e-58,215.0
n58,n78,46.6,9.520e-69,250.0
n58,n8,54.0,8.330e-77,277.0
n58,n80,51.2,1.200e-79,287.0
n58,n81,51.7,4.400e-82,295.0
n58,n82,33.1,3.200e-32,129.0
n58,n83,50.0,8.610e-70,254.0
n58,n86,40.4,7.080e-56,208.0
n58,n87,53.3,7.770e-79,284.0
n58,n88,38.7,4.440e-50,188.0
n58,n89,40.6,1.380e-59,220.0
n58,n9,49.3,9.370e-75,270.0
n59,n6,44.4,1.800e-64,236.0
n59,n60,52.8,6.110e-92,327.0
n59,n61,53.1,1.360e-91,326.0
n59,n62,50.4,7.770e-71,257.0
n59,n64,45.1,7.040e-64,234.0
n59,n66,55.3,6.970e-96,341.0
n59,n67,34.0,7.570e-42,161.0
n59,n68,54.1,1.010e-94,337.0
n59,n69,45.4,3.160e-64,235.0
n59,n7,53.0,7.820e-95,337.0
n59,n70,47.3,1.420e-72,263.0
n59,n71,80.9,1.250e-145,506.0
n59,n72,39.3,2.500e-61,226.0
n59,n73,42.1,1.240e-60,223.0
n59,n74,45.5,5.570e-69,251.0
n59,n75,52.3,1.010e-78,283.0
n59,n76,53.2,4.680e-92,328.0
n59,n77,56.0,3.130e-96,342.0
n59,n78,42.2,3.160e-64,235.0
n59,n79,31.6,2.210e-33,133.0
n59,n8,47.7,1.210e-67,247.0
n59,n80,46.2,1.320e-70,257.0
n59,n81,46.3,5.030e-70,255.0
n59,n82,32.8,1.580e-39,153.0
n59,n83,38.7,2.060e-47,179.0
n59,n86,85.3,5.450e-141,490.0
n59,n87,40.2,2.430e-56,209.0
n59,n88,43.6,8.630e-54,201.0
n59,n89,56.1,1.080e-96,343.0
n59,n9,39.9,3.580e-58,215.0
n6,n60,48.1,4.730e-65,238.0
n6,n61,45.2,1.380e-64,236.0
n6,n62,69.0,2.480e-106,375.0
n6,n64,68.4,2.740e-105,372.0
n6,n66,48.7,3.610e-73,265.0
n6,n67,34.2,2.620e-31,126.0
n6,n68,50.8,3.860e-75,272.0
n6,n69,50.0,1.620e-73,266.0
n6,n7,48.3,3.060e-72,262.0
n6,n70,53.9,3.490e-76,275.0
n6,n71,46.7,8.620e-67,244.0
n6,n72,61.5,5.910e-100,354.0
n6,n73,57.6,1.510e-95,339.0
n6,n74,58.4,6.330e-94,334.0
n6,n75,45.4,2.590e-63,232.0
n6,n76,47.5,4.420e-71,258.0
n6,n77,49.7,6.580e-75,271.0
n6,n78,58.8,4.850e-94,334.0
n6,n8,61.2,9.770e-95,337.0
n6,n80,59.8,4.680e-97,344.0
n6,n81,66.7,4.360e-111,391.0
n6,n82,34.7,7.360e-34,134.0
n6,n83,54.2,1.420e-77,280.0
n6,n86,49.3,2.680e-68,249.0
n6,n87,61.1,9.120e-101,357.0
n6,n88,46.6,5.230e-64,235.0
n6,n89,46.0,1.130e-66,243.0
n6,n9,58.1,3.040e-96,342.0
n60,n61,73.1,1.570e-138,482.0
n60,n62,47.8,1.360e-65,240.0
n60,n64,47.6,7.980e-66,241.0
n60,n66,68.0,5.810e-125,437.0
n60,n67,40.2,3.980e-49,185.0
n60,n68,66.8,4.600e-122,428.0
n60,n69,44.2,3.040e-57,212.0
n60,n7,64.6,1.320e-118,416.0
n60,n70,50.4,1.230e-74,270.0
n60,n71,57.7,7.160e-91,324.0
n60,n72,41.6,5.720e-64,235.0
n60,n73,45.0,7.230e-59,218.0
n60,n74,44.3,5.900e-69,251.0
n60,n75,46.6,1.410e-62,230.0
n60,n76,66.3,1.340e-121,426.0
n60,n77,66.5,3.650e-119,418.0
n60,n78,47.4,6.520e-68,248.0
n60,n79,30.5,3.870e-28,116.0
n60,n8,47.4,3.510e-67,245.0
n60,n80,47.0,4.680e-66,242.0
n60,n81,45.7,8.520e-68,247.0
n60,n82,39.0,3.980e-49,185.0
n60,n83,38.4,5.740e-48,181.0
n60,n86,56.2,3.330e-88,315.0
n60,n87,41.1,6.770e-57,211.0
n60,n88,42.2,1.610e-50,190.0
n60,n89,57.6,2.150e-103,366.0
n60,n9,44.4,6.970e-62,228.0
n61,n62,47.7,1.200e-66,243.0
n61,n64,48.7,1.670e-68,250.0
n61,n66,71.6,3.530e-127,445.0
n61,n67,38.6,4.000e-46,175.0
n61,n68,71.3,1.140e-125,439.0
n61,n69,41.0,3.150e-59,219.0
n61,n7,65.9,1.970e-122,429.0
n61,n70,46.3,2.660e-74,269.0
n61,n71,55.2,1.770e-94,336.0
n61,n72,45.3,1.730e-65,240.0
n61,n73,46.5,4.860e-60,221.0
n61,n74,46.1,6.770e-70,254.0
n61,n75,46.2,7.250e-64,234.0
n61,n76,71.9,2.710e-127,445.0
n61,n77,68.4,1.480e-125,439.0
n61,n78,45.3,2.570e-69,252.0
n61,n79,30.8,5.600e-32,128.0
n61,n8,46.2,2.510e-65,239.0
n61,n80,45.9,4.250e-64,235.0
n61,n81,47.1,1.040e-70,257.0
n61,n82,40.1,2.270e-49,186.0
n61,n83,36.9,7.060e-43,164.0
n61,n86,56.9,4.080e-91,325.0
n61,n87,41.0,4.550e-58,215.0
n61,n88,43.3,1.790e-54,203.0
n61,n89,62.8,6.470e-113,397.0
n61,n9,42.2,1.610e-58,216.0
n62,n64,69.6,1.010e-106,376.0
n62,n66,52.2,7.820e-75,270.0
n62,n67,32.4,3.680e-32,129.0
n62,n68,53.7,4.900e-77,278.0
n62,n69,56.0,3.280e-81,292.0
n62,n7,52.3,3.650e-76,275.0
n62,n70,49.6,3.880e-74,268.0
n62,n71,47.3,3.890e-66,242.0
n62,n72,68.8,2.490e-105,372.0
n62,n73,60.7,8.320e-93,330.0
n62,n74,62.5,1.090e-92,330.0
n62,n75,50.4,1.430e-68,250.0
n62,n76,52.6,4.150e-76,275.0
n62,n77,51.9,2.060e-75,272.0
n62,n78,64.6,3.860e-98,348.0
n62,n79,34.4,6.700e-34,134.0
n62,n8,62.7,1.780e-95,339.0
n62,n80,62.4,1.370e-95,339.0
n62,n81,78.2,1.320e-122,429.0
n62,n82,32.6,1.400e-31,127.0
n62,n83,51.2,7.320e-73,264.0
n62,n86,49.1,7.090e-68,247.0
n62,n87,69.6,8.870e-103,363.0
n62,n88,47.3,8.110e-64,234.0
n62,n89,47.7,1.580e-67,246.0
n62,n9,64.8,8.420e-100,354.0
n63,n67,30.3,6.740e-24,101.0
n63,n7,30.7,5.900e-26,108.0
n63,n76,30.4,7.960e-25,104.0
n63,n77,30.1,1.770e-24,103.0
n63,n78,30.7,1.040e-24,104.0
n63,n8,31.1,5.660e-25,105.0
n63,n80,30.8,2.100e-25,106.0
n63,n82,32.1,3.030e-24,102.0
n64,n66,50.9,1.590e-72,263.0
n64,n67,31.5,2.180e-29,119.0
n64,n68,51.5,3.790e-74,268.0
n64,n69,53.9,1.140e-78,283.0
n64,n7,50.2,2.290e-70,256.0
n64,n70,48.3,6.270e-69,251.0
n64,n71,44.0,3.010e-63,232.0
n64,n72,63.5,7.860e-96,340.0
n64,n73,57.3,3.910e-87,311.0
n64,n74,66.7,2.440e-97,345.0
n64,n75,49.2,1.500e-62,230.0
n64,n76,49.3,7.400e-70,254.0
n64,n77,50.8,3.210e-73,265.0
n64,n78,61.9,1.340e-95,339.0
n64,n79,32.2,2.410e-28,116.0
n64,n8,65.1,1.120e-97,346.0
n64,n80,64.7,1.870e-97,346.0
n64,n81,73.5,3.170e-113,398.0
n64,n82,32.9,1.050e-31,127.0
n64,n83,50.2,3.800e-66,242.0
n64,n86,45.5,1.110e-65,240.0
n64,n87,63.3,8.130e-93,330.0
n64,n88,49.2,1.000e-66,243.0
n64,n89,47.5,8.470e-66,240.0
n64,n9,67.7,2.450e-99,352.0
n66,n67,39.3,3.680e-44,169.0
n66,n68,92.1,1.180e-167,579.0
n66,n69,46.2,6.250e-60,221.0
n66,n7,85.8,2.470e-157,545.0
n66,n70,49.8,4.310e-77,278.0
n66,n71,55.4,3.390e-98,348.0
n66,n72,44.1,3.310e-69,252.0
n66,n73,46.6,2.010e-66,243.0
n66,n74,47.8,9.930e-74,267.0
n66,n75,50.2,1.260e-68,250.0
n66,n76,78.3,8.250e-137,476.0
n66,n77,82.9,5.890e-151,523.0
n66,n78,49.0,1.060e-75,273.0
n66,n79,32.6,5.330e-35,138.0
n66,n8,49.8,1.380e-71,260.0
n66,n80,46.5,2.210e-73,266.0
n66,n81,50.9,2.360e-75,272.0
n66,n82,35.4,4.810e-44,168.0
n66,n83,37.2,2.390e-43,166.0
n66,n86,59.8,2.200e-97,346.0
n66,n87,42.3,4.620e-63,231.0
n66,n88,41.9,2.080e-55,206.0
n66,n89,61.1,6.160e-108,381.0
n66,n9,42.0,3.130e-62,229.0
n67,n68,39.3,8.990e-45,171.0
n67,n69,35.1,1.350e-32,131.0
n67,n7,39.0,7.420e-45,171.0
n67,n70,36.6,6.880e-45,171.0
n67,n71,35.6,6.230e-46,175.0
n67,n73,30.3,2.300e-32,130.0
n67,n74,35.0,8.730e-32,128.0
n67,n75,37.6,1.820e-37,147.0
n67,n76,35.7,2.450e-42,163.0
n67,n77,37.3,4.930e-43,165.0
n67,n78,32.1,1.940e-31,127.0
n67,n79,33.9,1.700e-35,140.0
n67,n8,34.6,1.070e-31,127.0
n67,n80,34.8,3.670e-30,122.0
n67,n81,32.0,1.490e-31,127.0
n67,n82,60.8,4.960e-136,474.0
n67,n83,32.5,2.810e-30,123.0
n67,n86,37.5,4.460e-44,169.0
n67,n87,34.9,1.140e-31,127.0
n67,n89,39.8,4.040e-45,172.0
n67,n9,35.8,4.700e-34,135.0
n68,n69,47.7,1.140e-61,227.0
n68,n7,88.4,2.160e-161,558.0
n68,n70,52.0,3.900e-78,282.0
n68,n71,54.5,4.430e-98,348.0
n68,n72,46.2,1.750e-70,256.0
n68,n73,45.2,3.090e-67,245.0
n68,n74,49.5,6.220e-76,274.0
n68,n75,51.9,5.100e-70,255.0
n68,n76,76.6,1.660e-137,479.0
n68,n77,84.5,3.690e-153,531.0
n68,n78,48.5,6.220e-76,274.0
n68,n79,31.5,5.330e-35,138.0
n68,n8,51.3,1.330e-74,270.0
n68,n80,49.0,7.350e-77,277.0
n68,n81,52.8,2.140e-76,276.0
n68,n82,36.2,7.420e-45,171.0
n68,n83,36.8,1.070e-43,167.0
n68,n86,59.8,1.170e-98,350.0
n68,n87,42.5,2.710e-63,232.0
n68,n88,43.8,3.790e-57,212.0
n68,n89,60.7,6.160e-108,381.0
n68,n9,42.9,5.700e-64,235.0
n69,n7,46.1,1.140e-61,227.0
n69,n70,47.8,4.400e-76,275.0
n69,n71,43.0,2.340e-61,226.0
n69,n72,47.6,1.620e-70,256.0
n69,n73,44.3,1.290e-59,220.0
n69,n74,55.0,3.250e-87,312.0
n69,n75,45.8,1.570e-65,240.0
n69,n76,42.9,7.540e-60,221.0
n69,n77,46.5,1.370e-61,226.0
n69,n78,49.5,2.850e-75,272.0
n69,n79,33.2,1.390e-29,120.0
n69,n8,58.5,3.980e-87,311.0
n69,n80,57.2,2.030e-89,319.0
n69,n81,56.2,3.040e-85,305.0
n69,n82,33.5,4.310e-31,125.0
n69,n83,40.2,1.580e-49,186.0
n69,n86,46.4,1.730e-64,236.0
n69,n87,51.6,4.260e-71,258.0
n69,n88,56.6,4.240e-87,311.0
n69,n89,46.4,4.000e-61,225.0
n69,n9,51.1,1.110e-75,273.0
n7,n70,50.9,5.090e-78,281.0
n7,n71,53.5,7.070e-96,341.0
n7,n72,45.1,2.290e-70,256.0
n7,n73,44.3,3.540e-63,232.0
n7,n74,49.1,7.600e-74,267.0
n7,n75,48.9,1.030e-70,257.0
n7,n76,76.8,3.700e-137,478.0
n7,n77,85.9,2.310e-155,538.0
n7,n78,48.2,9.930e-74,267.0
n7,n79,31.9,1.960e-37,146.0
n7,n8,51.5,3.770e-73,265.0
n7,n80,48.7,8.980e-75,270.0
n7,n81,46.6,9.300e-72,260.0
n7,n82,36.5,4.810e-44,168.0
n7,n83,38.0,1.770e-46,176.0
n7,n86,57.9,1.860e-96,342.0
n7,n87,42.4,1.350e-62,230.0
n7,n88,42.6,1.030e-54,204.0
n7,n89,61.1,5.570e-109,384.0
n7,n9,43.4,2.710e-63,232.0
n70,n71,47.9,3.650e-73,265.0
n70,n72,43.5,3.100e-64,235.0
n70,n73,43.3,6.900e-64,234.0
n70,n74,49.0,2.290e-75,272.0
n70,n75,47.3,5.270e-72,261.0
n70,n76,49.6,1.940e-74,269.0
n70,n77,47.5,9.280e-77,277.0
n70,n78,46.7,2.000e-71,259.0
n70,n79,33.6,1.270e-33,134.0
n70,n8,49.1,1.470e-73,266.0
n70,n80,48.3,2.700e-76,275.0
n70,n81,47.8,1.810e-72,263.0
n70,n82,33.2,1.400e-40,157.0
n70,n83,41.7,1.490e-50,190.0
n70,n86,47.5,1.530e-71,260.0
n70,n87,43.0,4.940e-62,228.0
n70,n88,46.2,2.450e-69,252.0
n70,n89,47.2,2.290e-75,272.0
n70,n9,46.9,6.720e-73,264.0
n71,n72,40.3,5.560e-61,225.0
n71,n73,43.2,1.120e-61,227.0
n71,n74,44.9,5.550e-69,251.0
n71,n75,49.5,3.240e-77,278.0
n71,n76,53.9,1.500e-90,323.0
n71,n77,55.5,4.350e-98,348.0
n71,n78,41.8,1.200e-63,233.0
n71,n8,46.2,7.810e-67,244.0
n71,n80,44.4,2.110e-68,249.0
n71,n81,48.9,1.050e-67,247.0
n71,n82,34.9,1.240e-44,170.0
n71,n83,38.3,3.620e-44,169.0
n71,n86,86.4,4.290e-146,507.0
n71,n87,37.5,8.310e-57,211.0
n71,n88,44.6,2.670e-55,206.0
n71,n89,55.9,3.020e-99,352.0
n71,n9,41.7,2.560e-56,209.0
n72,n73,55.9,1.240e-87,313.0
n72,n74,61.5,4.410e-101,358.0
n72,n75,43.5,5.820e-61,225.0
n72,n76,45.9,1.810e-70,256.0
n72,n77,44.8,3.400e-69,252.0
n72,n78,60.4,3.730e-100,355.0
n72,n8,60.8,1.160e-94,336.0
n72,n80,58.4,1.420e-99,353.0
n72,n81,61.7,4.260e-104,368.0
n72,n82,31.2,7.180e-27,111.0
n72,n83,50.2,5.610e-72,261.0
n72,n86,40.9,6.440e-60,221.0
n72,n87,59.4,5.220e-94,334.0
n72,n88,42.9,2.700e-58,216.0
n72,n89,41.0,8.120e-63,231.0
n72,n9,54.8,3.210e-91,325.0
n73,n74,54.5,1.810e-83,299.0
n73,n75,45.0,7.890e-63,231.0
n73,n76,45.5,2.080e-63,233.0
n73,n77,44.8,3.420e-66,242.0
n73,n78,54.1,1.750e-86,309.0
n73,n8,53.2,2.590e-78,282.0
n73,n80,50.3,8.390e-81,290.0
n73,n81,57.3,1.570e-95,339.0
n73,n82,33.3,6.510e-33,131.0
n73,n83,53.8,3.200e-72,262.0
n73,n86,46.5,3.200e-64,235.0
n73,n87,52.7,1.480e-85,306.0
n73,n88,41.9,9.340e-56,207.0
n73,n89,43.2,6.470e-57,211.0
n73,n9,55.2,2.540e-88,315.0
n74,n75,47.9,2.230e-67,246.0
n74,n76,45.7,2.380e-69,252.0
n74,n77,47.3,6.050e-73,264.0
n74,n78,57.2,2.070e-89,319.0
n74,n79,33.2,3.150e-29,119.0
n74,n8,78.6,1.110e-121,426.0
n74,n80,75.8,4.270e-127,444.0
n74,n81,61.8,2.360e-101,359.0
n74,n82,36.2,3.840e-35,139.0
n74,n83,47.4,2.460e-66,242.0
n74,n86,46.7,9.670e-71,257.0
n74,n87,58.1,3.200e-90,322.0
n74,n88,50.0,1.820e-69,253.0
n74,n89,47.2,5.480e-74,268.0
n74,n9,57.2,1.940e-88,316.0
n75,n76,49.6,6.800e-69,251.0
n75,n77,49.8,1.520e-68,250.0
n75,n78,46.4,1.620e-62,230.0
n75,n79,35.2,1.690e-35,140.0
n75,n8,49.2,8.640e-66,240.0
n75,n80,48.9,6.800e-69,251.0
n75,n81,49.4,4.410e-68,248.0
n75,n82,34.1,2.440e-34,136.0
n75,n83,38.1,6.850e-45,171.0
n75,n86,54.9,9.800e-76,273.0
n75,n87,44.7,4.560e-65,238.0
n75,n88,40.0,2.270e-56,209.0
n75,n89,55.0,1.320e-72,263.0
n75,n9,48.4,9.720e-64,234.0
n76,n77,79.9,3.850e-142,494.0
n76,n78,48.0,2.080e-71,259.0
n76,n79,31.4,2.410e-35,139.0
n76,n8,49.6,4.730e-72,261.0
n76,n80,49.3,1.220e-71,260.0
n76,n81,46.3,2.230e-73,266.0
n76,n82,34.9,4.100e-43,165.0
n76,n83,38.0,8.820e-46,174.0
n76,n86,55.6,2.620e-90,322.0
n76,n87,41.9,1.150e-61,227.0
n76,n88,43.3,4.220e-56,208.0
n76,n89,59.2,2.000e-106,376.0
n76,n9,43.2,5.700e-64,235.0
n77,n78,45.2,1.140e-69,253.0
n77,n79,32.8,2.570e-37,146.0
n77,n8,50.0,6.180e-72,261.0
n77,n80,45.9,6.480e-73,264.0
n77,n81,49.8,4.490e-74,268.0
n77,n82,35.6,2.840e-44,169.0
n77,n83,38.6,1.960e-45,173.0
n77,n86,59.0,2.210e-97,346.0
n77,n87,42.2,1.890e-64,236.0
n77,n88,42.1,3.570e-55,205.0
n77,n89,63.2,3.510e-111,391.0
n77,n9,41.3,1.070e-62,230.0
n78,n79,32.6,1.360e-27,114.0
n78,n8,60.0,1.320e-90,323.0
n78,n80,56.7,5.430e-93,331.0
n78,n81,60.2,4.150e-101,358.0
n78,n82,30.5,1.660e-33,133.0
n78,n83,46.9,8.180e-65,237.0
n78,n86,47.2,7.400e-66,241.0
n78,n87,54.8,3.530e-84,302.0
n78,n88,45.0,2.460e-61,226.0
n78,n89,42.5,1.650e-65,240.0
n78,n9,57.0,2.300e-89,319.0
n79,n8,34.3,6.250e-32,128.0
n79,n80,34.7,1.780e-32,130.0
n79,n81,32.2,1.840e-29,120.0
n79,n82,32.8,1.040e-32,131.0
n79,n83,30.1,1.780e-24,103.0
n79,n86,31.6,2.320e-32,129.0
n79,n88,31.5,2.100e-25,106.0
n79,n89,33.9,4.520e-36,142.0
n79,n9,32.5,2.420e-30,123.0
n8,n80,96.9,1.260e-149,519.0
n8,n81,63.5,2.250e-98,349.0
n8,n82,33.5,1.070e-31,127.0
n8,n83,48.3,8.940e-63,230.0
n8,n86,48.9,1.680e-69,253.0
n8,n87,59.1,9.810e-86,307.0
n8,n88,50.0,1.050e-71,260.0
n8,n89,49.4,1.160e-70,257.0
n8,n9,59.5,3.600e-88,315.0
n80,n81,60.1,3.270e-101,358.0
n80,n82,33.7,1.770e-30,123.0
n80,n83,47.1,1.170e-66,243.0
n80,n86,48.4,1.750e-70,256.0
n80,n87,56.1,1.570e-87,313.0
n80,n88,48.1,1.990e-74,269.0
n80,n89,45.7,7.840e-71,257.0
n80,n9,54.9,2.300e-89,319.0
n81,n82,34.3,9.330e-35,138.0
n81,n83,50.9,2.970e-73,265.0
n81,n86,49.6,4.010e-70,255.0
n81,n87,65.3,6.550e-105,371.0
n81,n88,50.4,1.290e-68,250.0
n81,n89,49.5,7.560e-69,251.0
n81,n9,62.2,1.030e-105,373.0
n82,n83,31.7,8.120e-30,121.0
n82,n86,35.9,1.020e-40,158.0
n82,n87,35.2,4.600e-33,132.0
n82,n88,30.9,3.770e-27,112.0
n82,n89,39.3,3.630e-46,176.0
n82,n9,33.9,2.950e-36,143.0
n83,n86,35.8,2.900e-42,163.0
n83,n87,48.0,7.100e-65,238.0
n83,n88,35.7,8.450e-42,161.0
n83,n89,38.5,3.100e-44,169.0
n83,n9,48.1,1.550e-69,253.0
n84,n85,31.7,6.200e-16,75.0
n86,n87,43.1,1.820e-58,216.0
n86,n88,45.7,2.010e-57,213.0
n86,n89,59.1,6.830e-98,347.0
n86,n9,42.9,1.960e-56,210.0
n87,n88,44.1,2.660e-60,222.0
n87,n89,41.2,5.920e-60,221.0
n87,n9,56.6,6.460e-92,327.0
n88,n89,43.1,2.150e-54,203.0
n88,n9,47.7,5.700e-64,235.0
n89,n9,46.6,2.640e-69,252.0
n91,n92,43.3,3.010e-75,272.0
n91,n93,33.5,1.010e-46,178.0
n91,n94,48.7,6.730e-67,245.0
n91,n95,49.5,1.040e-67,247.0
n92,n93,34.4,2.220e-46,176.0
n92,n94,59.9,2.500e-90,322.0
n92,n95,60.6,2.950e-91,325.0
n93,n94,36.7,1.720e-38,150.0
n93,n95,37.1,4.530e-39,152.0
n94,n95,98.1,1.990e-150,522.0
n96,n97,30.2,5.940e-12,62.0
n97,n98,33.3,2.350e-10,56.0
