n35	n35	100.0	456	1.02e-263	899
n35	n3	95.1	371	2.23e-202	695
n35	n85	41.2	131	1.69e-16	77
n35	n39	28.7	143	4.91e-08	49
n35	n24	23.3	215	1.87e-07	47
n35	n72	24.5	294	7.1e-07	45
n35	n32	26.9	134	2.06e-06	44
n35	n23	21.0	262	2.7e-06	44
n35	n89	26.1	165	3.52e-06	43
n35	n28	26.3	243	6.01e-06	42
n35	n64	28.8	184	7.85e-06	42
n35	n25	22.9	210	1.02e-05	42
n35	n74	22.2	248	1.02e-05	42
n35	n22	21.4	262	1.02e-05	42
n35	n27	21.4	262	1.02e-05	42
n35	n57	27.5	153	1.75e-05	41
n35	n52	23.1	216	1.75e-05	41
n35	n9	25.3	170	1.75e-05	41
n35	n60	25.4	122	2.28e-05	40
n35	n56	24.5	188	2.98e-05	40
n35	n31	22.4	210	3.89e-05	40
n35	n12	22.4	210	3.89e-05	40
n35	n14	22.4	210	3.89e-05	40
n35	n45	22.4	210	3.89e-05	40
n35	n29	23.2	207	5.09e-05	39
n35	n62	23.1	182	5.09e-05	39
n35	n53	23.1	216	5.09e-05	39
n35	n55	27.5	153	5.09e-05	39
n35	n26	21.7	207	8.68e-05	39
n35	n8	21.7	207	0.000113	38
n35	n66	21.5	186	0.000113	38
n35	n43	30.4	115	0.000148	38
n35	n18	24.7	194	0.000148	38
n35	n80	22.2	207	0.000148	38
n35	n37	37.9	58	0.000193	37
n35	n7	26.2	122	0.000193	37
n35	n77	24.0	129	0.000252	37
n35	n105	26.5	257	0.00033	37
n35	n83	27.0	137	0.000431	36
n35	n82	21.6	245	0.000431	36
n35	n13	21.7	207	0.000431	36
n35	n46	21.3	207	0.000562	36
n35	n130	51.3	39	0.000562	36
n35	n15	21.3	207	0.000562	36
n35	n44	21.3	207	0.000562	36
n35	n41	22.4	201	0.000562	36
n35	n11	21.3	207	0.000562	36
n35	n30	21.3	207	0.000562	36
n35	n36	25.4	122	0.000734	35
n35	n33	25.9	135	0.000734	35
n35	n49	30.1	83	0.00125	35
n35	n42	25.0	136	0.00164	34
n35	n20	20.5	210	0.00214	34
n35	n5	21.4	201	0.00214	34
n35	n107	21.8	339	0.00214	34
n35	n128	26.5	132	0.00279	33
n35	n51	25.2	119	0.00279	33
n35	n169	23.7	253	0.00476	33
n35	n16	22.1	199	0.00476	33
n35	n126	25.1	167	0.00622	32
n35	n67	25.4	177	0.0106	32
n35	n6	26.6	94	0.0106	32
n35	n70	25.4	130	0.0139	31
n35	n128	32.4	71	0.0181	31
n35	n34	24.6	130	0.0236	30
n35	n128	27.2	125	0.0236	30
n35	n123	33.9	62	0.0403	30
n35	n58	25.2	115	0.0526	29
n35	n98	28.7	143	0.0526	29
n35	n96	27.7	119	0.0526	29
n35	n129	26.2	202	0.0687	29
n35	n10	20.8	207	0.0687	29
n35	n40	24.2	207	0.0687	29
n35	n138	26.4	110	0.117	28
n35	n69	20.8	149	0.2	27
n35	n51	33.8	80	0.2	27
n35	n111	22.2	230	0.341	27
n35	n136	26.4	72	0.446	26
n35	n100	29.7	91	0.446	26
n35	n108	24.2	252	0.582	26
n35	n134	31.4	35	0.582	26
n35	n196	39.6	48	0.582	26
n35	n106	26.4	72	0.76	25
n35	n85	41.7	24	0.76	25
n35	n186	24.5	241	0.76	25
n35	n125	28.0	50	1.69	24
n35	n129	32.1	53	2.21	24
n35	n40	28.6	42	2.21	24
n35	n193	23.7	316	2.21	24
n35	n6	30.7	88	2.21	24
n35	n157	24.3	218	2.21	24
n35	n57	24.4	86	2.89	23
n35	n73	26.5	102	2.89	23
n35	n178	25.8	194	2.89	23
n35	n55	24.4	86	2.89	23
n35	n200	27.3	121	3.77	23
n35	n186	23.1	121	3.77	23
n35	n91	27.2	81	3.77	23
n35	n5	32.8	67	3.77	23
n35	n179	25.7	179	3.77	23
n35	n112	26.2	149	4.93	23
n35	n117	22.0	91	4.93	23
n35	n90	22.9	179	4.93	23
n35	n59	36.2	69	4.93	23
n35	n202	24.2	128	6.43	22
n35	n101	25.0	180	6.43	22
n35	n193	23.0	122	6.43	22
n35	n77	40.5	37	6.43	22
n35	n99	34.9	43	6.43	22
n35	n201	24.8	133	6.43	22
n35	n131	23.0	100	8.4	22
n35	n81	32.4	68	8.4	22
n35	n113	25.0	88	11	22
n35	n194	27.9	68	11	22
n35	n183	27.5	80	11	22
n35	n86	40.9	44	14.3	21
n35	n123	35.4	65	14.3	21
n35	n168	30.4	56	14.3	21
n35	n207	20.0	125	14.3	21
n35	n112	27.1	48	18.7	21
n35	n108	23.6	161	18.7	21
n35	n116	31.5	54	18.7	21
n35	n204	27.5	120	18.7	21
n35	n202	28.8	66	18.7	21
n35	n163	30.4	56	18.7	21
n35	n162	24.3	107	18.7	21
n35	n101	27.0	74	18.7	21
n35	n157	25.4	67	18.7	21
n35	n78	22.6	106	18.7	21
n35	n115	45.5	22	18.7	21
n35	n130	28.8	59	24.4	20
n35	n134	27.5	51	24.4	20
n35	n7	33.3	36	24.4	20
n35	n77	34.3	35	24.4	20
n35	n68	33.3	36	24.4	20
n35	n208	22.9	96	24.4	20
n35	n126	38.9	36	31.9	20
n35	n205	58.3	12	31.9	20
n35	n66	33.3	36	31.9	20
n35	n175	24.5	184	31.9	20
n35	n38	39.1	46	31.9	20
n35	n180	25.1	179	31.9	20
n35	n196	33.3	63	31.9	20
n35	n19	32.6	43	41.7	20
n35	n133	34.6	26	41.7	20
n35	n71	38.6	44	41.7	20
n35	n40	37.9	29	41.7	20
n35	n64	36.4	33	54.5	19
n35	n60	33.3	36	54.5	19
n35	n101	27.5	69	54.5	19
n35	n184	23.8	101	54.5	19
n35	n169	37.0	46	54.5	19
n35	n61	33.3	36	54.5	19
n35	n110	30.8	26	54.5	19
n35	n67	21.7	69	71.1	19
n35	n167	38.5	39	71.1	19
n35	n181	29.5	132	71.1	19
n35	n166	38.5	39	71.1	19
n35	n183	29.4	34	71.1	19
n35	n132	38.5	13	71.1	19
n35	n5	35.1	37	71.1	19
n35	n183	22.1	154	71.1	19
n35	n187	23.5	149	71.1	19
n35	n92	30.8	39	71.1	19
n35	n81	33.3	33	71.1	19
n35	n51	38.6	44	71.1	19
n35	n210	22.7	75	71.1	19
n35	n209	36.8	38	71.1	19
n35	n209	29.1	55	71.1	19
n35	n173	25.0	56	71.1	19
n35	n87	27.7	65	71.1	19
n35	n89	33.3	36	71.1	19
n35	n156	34.1	41	71.1	19
n35	n104	27.7	47	71.1	19
n35	n208	25.8	66	71.1	19
n35	n165	26.3	95	71.1	19
n35	n81	28.9	76	92.9	18
n35	n99	34.1	41	92.9	18
n35	n32	41.2	17	92.9	18
n35	n170	21.6	116	92.9	18
n35	n168	60.0	10	92.9	18
n35	n124	22.4	147	92.9	18
n35	n159	18.7	187	92.9	18
n35	n210	24.0	104	92.9	18
n35	n127	53.3	15	92.9	18
n35	n176	32.8	61	92.9	18
n35	n190	34.5	29	121	18
n35	n206	24.7	93	121	18
n35	n165	54.5	11	121	18
n35	n113	33.3	15	121	18
n35	n124	42.9	21	121	18
n35	n161	50.0	12	158	18
n35	n109	25.4	181	158	18
n35	n106	22.3	103	158	18
n35	n57	29.5	44	158	18
n35	n55	30.8	39	158	18
n35	n188	32.3	31	158	18
n35	n164	50.0	12	158	18
n35	n56	29.5	44	158	18
n35	n102	27.5	131	158	18
n35	n187	32.3	31	158	18
n35	n172	50.0	12	207	17
n35	n161	24.6	69	207	17
n35	n103	33.3	36	207	17
n35	n113	29.6	27	207	17
n35	n6	27.2	81	207	17
n35	n156	32.0	25	207	17
n35	n118	41.7	12	207	17
n35	n118	42.9	14	207	17
n35	n205	58.3	12	207	17
n35	n97	23.6	72	207	17
n35	n202	25.6	86	207	17
n35	n101	23.5	51	207	17
n35	n164	24.6	69	207	17
n35	n194	28.2	170	207	17
n35	n188	22.8	149	207	17
n35	n37	35.4	48	207	17
n35	n171	34.4	32	207	17
n35	n177	23.1	134	207	17
n35	n32	54.5	11	270	17
n35	n89	45.5	22	270	17
n35	n132	34.6	26	270	17
n35	n197	32.1	28	270	17
n35	n109	38.1	21	270	17
n35	n128	33.3	39	270	17
n35	n9	40.0	15	270	17
n35	n203	34.5	58	270	17
n35	n97	35.7	28	270	17
n35	n122	33.3	21	270	17
n35	n193	40.9	22	270	17
n35	n164	54.5	11	270	17
n35	n23	39.1	23	270	17
n35	n83	27.5	69	270	17
n35	n42	22.0	50	270	17
n35	n173	30.6	36	270	17
n35	n161	54.5	11	270	17
n35	n207	31.6	38	270	17
n35	n114	24.1	87	270	17
n35	n59	30.0	40	270	17
n35	n193	50.0	12	270	17
n35	n186	50.0	12	270	17
n35	n103	75.0	8	353	17
n35	n188	25.6	82	353	17
n35	n133	35.0	20	353	17
n35	n187	25.6	82	353	17
n35	n200	42.1	19	353	17
n35	n103	63.6	11	353	17
n35	n126	25.3	75	353	17
n35	n89	38.5	26	353	17
n35	n82	41.2	17	353	17
n35	n115	29.8	47	353	17
n35	n21	41.2	17	353	17
n35	n171	45.8	24	353	17
n35	n205	32.6	43	353	17
n35	n47	41.2	17	353	17
n35	n92	26.1	111	353	17
n35	n212	32.3	65	353	17
n35	n1	50.0	14	353	17
n35	n117	33.3	12	353	17
n35	n110	22.4	58	353	17
n35	n132	46.2	13	353	17
n35	n172	31.6	38	353	17
n35	n69	32.3	31	353	17
n35	n145	36.8	19	353	17
n35	n183	30.2	43	353	17
n35	n172	26.5	49	353	17
n35	n114	33.3	15	353	17
n35	n116	29.8	47	353	17
n35	n173	28.6	42	353	17
n35	n124	23.3	206	353	17
n35	n90	71.4	7	461	16
n35	n112	38.9	18	461	16
n35	n191	54.5	11	461	16
n35	n157	33.3	27	461	16
n35	n109	37.5	16	461	16
n35	n38	30.4	56	461	16
n35	n61	42.9	14	461	16
n35	n104	31.6	19	461	16
n35	n171	24.3	70	461	16
n35	n174	37.9	29	461	16
n35	n171	31.8	22	461	16
n35	n159	38.5	13	461	16
n35	n206	63.6	11	461	16
n35	n206	24.3	37	461	16
n35	n193	38.5	26	461	16
n35	n78	22.2	27	461	16
n35	n71	42.1	19	461	16
n35	n45	31.8	22	461	16
n35	n99	39.1	23	461	16
n35	n79	50.0	12	461	16
n35	n44	30.4	23	461	16
n35	n14	31.8	22	461	16
n35	n46	30.4	23	461	16
n35	n123	31.8	44	461	16
n35	n181	60.0	10	461	16
n35	n25	31.8	22	461	16
n35	n123	31.8	22	461	16
n35	n81	100.0	5	461	16
n35	n80	30.4	23	461	16
n35	n96	50.0	8	461	16
n35	n15	30.4	23	461	16
n35	n29	30.4	23	461	16
n35	n126	60.0	10	461	16
n35	n115	35.5	31	461	16
n35	n202	36.8	19	461	16
n35	n194	35.5	31	602	16
n35	n74	22.2	45	602	16
n35	n181	18.3	131	602	16
n35	n194	25.8	97	602	16
n35	n174	31.2	16	602	16
n35	n186	37.5	16	602	16
n35	n212	30.9	55	602	16
n35	n177	21.0	105	602	16
n35	n127	20.0	60	602	16
n35	n203	35.7	14	602	16
n35	n178	32.1	28	602	16
n35	n17	42.9	14	602	16
n35	n203	55.6	9	602	16
n35	n204	66.7	9	602	16
n35	n196	53.3	15	602	16
n35	n50	36.8	19	602	16
n35	n205	35.3	34	602	16
n35	n205	36.1	36	602	16
n35	n204	55.6	9	602	16
n35	n193	37.5	16	602	16
n35	n185	26.0	73	602	16
n35	n197	50.0	10	602	16
n35	n180	32.1	28	602	16
n35	n179	32.1	28	602	16
n35	n72	28.2	39	602	16
n35	n161	25.0	72	786	15
n35	n203	35.3	17	786	15
n35	n73	23.4	94	786	15
n35	n164	25.0	72	786	15
n35	n97	30.4	23	786	15
n35	n200	21.0	167	786	15
n35	n205	50.0	16	786	15
n35	n93	19.4	62	786	15
n35	n186	36.4	22	786	15
n35	n104	71.4	7	786	15
n35	n202	54.5	11	786	15
n35	n126	46.2	13	786	15
n35	n34	30.0	40	786	15
n35	n163	50.0	10	786	15
n35	n116	28.6	28	786	15
n35	n136	34.8	23	786	15
n35	n163	38.1	21	786	15
n35	n190	63.6	11	786	15
n35	n90	42.9	14	786	15
n35	n133	27.3	33	786	15
n35	n107	37.5	24	786	15
n35	n92	38.9	18	786	15
n84	n84	100.0	259	4.13e-153	530
n84	n49	30.4	263	2.87e-29	119
n84	n37	28.7	254	4.29e-25	105
n84	n39	29.8	248	3.18e-20	89
n84	n48	27.0	263	2.52e-17	79
n84	n85	31.7	142	6.2e-16	75
n84	n35	30.4	125	1.13e-09	54
n84	n3	29.6	125	2.52e-09	53
n84	n97	25.5	149	0.000929	34
n84	n133	25.8	151	0.0027	33
n84	n4	24.1	133	0.00602	32
n84	n21	23.3	129	0.0299	29
n84	n47	23.3	129	0.0299	29
n84	n134	22.8	123	0.051	28
n84	n129	23.0	126	0.087	28
n84	n126	22.1	217	0.253	26
n84	n1	21.1	133	0.962	24
n84	n130	21.5	121	0.962	24
n84	n128	39.3	28	1.64	23
n84	n136	23.4	128	1.64	23
n84	n89	20.9	91	2.8	23
n84	n182	32.7	55	2.8	23
n84	n32	34.6	26	2.8	23
n84	n2	34.6	26	3.65	22
n84	n36	20.7	111	4.77	22
n84	n105	32.3	62	6.23	22
n84	n182	34.1	41	10.6	21
n84	n9	29.6	54	10.6	21
n84	n54	30.8	26	18.1	20
n84	n60	30.0	30	18.1	20
n84	n83	19.7	76	18.1	20
n84	n205	20.8	77	18.1	20
n84	n38	23.9	88	23.7	20
n84	n125	28.6	28	23.7	20
n84	n70	32.4	37	23.7	20
n84	n113	25.6	43	23.7	20
n84	n124	18.2	55	23.7	20
n84	n128	43.8	16	30.9	19
n84	n183	27.3	55	30.9	19
n84	n210	30.8	39	30.9	19
n84	n117	46.7	15	40.4	19
n84	n178	21.8	78	40.4	19
n84	n17	32.5	40	40.4	19
n84	n65	23.4	107	40.4	19
n84	n17	24.4	123	52.8	18
n84	n195	41.7	24	52.8	18
n84	n61	46.7	15	68.9	18
n84	n128	26.7	30	68.9	18
n84	n196	50.0	16	90	18
n84	n173	29.3	41	90	18
n84	n171	45.5	11	90	18
n84	n125	35.0	20	118	17
n84	n43	66.7	12	118	17
n84	n174	46.2	13	118	17
n84	n102	23.4	47	118	17
n84	n124	35.3	17	118	17
n84	n101	33.3	18	154	17
n84	n50	35.3	17	154	17
n84	n179	21.8	78	154	17
n84	n72	40.0	15	154	17
n84	n50	35.7	14	154	17
n84	n35	28.6	35	154	17
n84	n9	37.5	16	154	17
n84	n16	33.3	15	154	17
n84	n180	21.8	78	201	17
n84	n196	33.3	33	201	17
n84	n172	24.0	104	201	17
n84	n193	29.4	34	201	17
n84	n213	66.7	6	201	17
n84	n186	29.4	34	201	17
n84	n127	26.8	41	262	16
n84	n190	53.3	15	262	16
n84	n92	24.3	37	262	16
n84	n168	26.5	34	262	16
n84	n161	36.8	19	262	16
n84	n92	36.4	22	262	16
n84	n163	35.3	17	262	16
n84	n196	40.0	15	262	16
n84	n111	39.1	23	262	16
n84	n157	23.5	98	262	16
n84	n103	24.1	29	262	16
n84	n164	36.8	19	262	16
n84	n191	55.6	9	342	16
n84	n70	55.6	9	342	16
n84	n165	30.4	23	342	16
n84	n163	46.7	15	342	16
n84	n192	55.6	9	342	16
n84	n36	29.6	27	342	16
n84	n54	46.2	13	342	16
n84	n182	25.0	28	342	16
n84	n2	46.2	13	342	16
n84	n157	50.0	12	447	15
n84	n68	33.3	15	447	15
n84	n165	100.0	5	447	15
n84	n127	50.0	10	447	15
n84	n64	40.0	15	447	15
n84	n183	28.0	25	447	15
n84	n27	42.9	14	447	15
n84	n183	54.5	11	447	15
n84	n190	34.5	29	447	15
n84	n7	33.3	15	447	15
n84	n22	42.9	14	447	15
n84	n167	31.2	16	447	15
n84	n123	38.9	18	447	15
n84	n166	31.2	16	447	15
n84	n108	41.7	12	447	15
n84	n189	71.4	7	447	15
n84	n56	38.1	21	447	15
n84	n70	33.3	15	447	15
n84	n57	38.1	21	447	15
n84	n55	38.1	21	447	15
n84	n62	33.3	15	583	15
n84	n111	24.4	45	583	15
n84	n177	36.4	22	583	15
n84	n79	53.8	13	583	15
n84	n50	53.8	13	583	15
n84	n126	31.6	19	583	15
n84	n28	18.5	27	583	15
n84	n24	40.0	15	583	15
n84	n168	35.7	14	583	15
n84	n59	41.7	12	583	15
n84	n134	66.7	9	583	15
n84	n191	46.7	15	583	15
n84	n47	30.0	20	583	15
n84	n19	33.3	15	583	15
n84	n197	44.4	9	583	15
n84	n206	40.0	15	583	15
n84	n21	30.0	20	583	15
n84	n93	62.5	8	583	15
n84	n93	35.3	17	583	15
n84	n114	37.5	16	583	15
n84	n91	27.3	33	583	15
n84	n83	33.3	15	762	15
n84	n66	33.3	15	762	15
n84	n76	33.3	15	762	15
n84	n114	50.0	6	762	15
n84	n60	38.5	13	762	15
n84	n125	26.5	34	762	15
n84	n71	41.7	12	762	15
n84	n164	71.4	7	762	15
n84	n77	41.7	12	762	15
n84	n183	50.0	8	762	15
n84	n173	62.5	8	762	15
n84	n161	71.4	7	762	15
n84	n124	45.5	11	762	15
