n4	n4	100.0	1.14e-166	589
n4	n1	74.9	4.1e-116	421
n6	n6	100.0	1.8e-164	582
n6	n5	79.2	4.18e-129	465
n6	n2	64.7	3.35e-94	349
n17	n17	100.0	7.39e-180	633
n14	n45	100.0	5.55e-183	644
n14	n14	100.0	5.55e-183	644
n14	n29	96.6	5.03e-176	621
n14	n25	99.0	4.13e-170	601
n14	n80	94.0	4.57e-161	571
n14	n44	93.0	3.28e-159	565
n14	n46	93.0	3.28e-159	565
n14	n15	93.0	3.28e-159	565
n14	n12	100.0	3.63e-150	535
n14	n31	100.0	3.63e-150	535
n14	n23	84.4	2.44e-146	522
n14	n22	82.4	6.21e-142	507
n14	n27	82.4	6.21e-142	507
n14	n13	94.6	6.21e-142	507
n14	n26	93.1	7.59e-140	500
n14	n30	93.1	1.3e-139	500
n14	n11	93.1	1.3e-139	500
n14	n8	92.7	2.89e-139	498
n14	n10	91.6	1.94e-135	486
n11	n30	100.0	6.65e-150	533
n11	n11	100.0	6.65e-150	533
n11	n46	100.0	2.53e-149	532
n11	n44	100.0	2.53e-149	532
n11	n15	100.0	2.53e-149	532
n11	n26	99.2	2.79e-148	528
n11	n8	98.9	3.09e-147	525
n11	n13	97.7	6.88e-147	523
n11	n80	97.3	7.61e-146	520
n11	n10	98.5	9.93e-146	520
n11	n29	94.3	1.14e-141	506
n11	n31	93.1	2.8e-140	502
n11	n12	93.1	2.8e-140	502
n11	n45	93.1	1.06e-139	500
n11	n14	93.1	1.06e-139	500
n11	n25	92.3	9e-139	497
n11	n27	83.1	6.05e-127	457
n11	n22	83.1	6.05e-127	457
n11	n23	82.4	4.34e-125	451
n11	n74	79.7	3.56e-119	431
n11	n16	75.2	4.07e-115	418
n13	n13	100.0	5.09e-150	534
n13	n80	99.6	5.63e-149	530
n13	n26	98.5	2.36e-147	525
n13	n30	97.7	6.88e-147	523
n13	n11	97.7	6.88e-147	523
n13	n46	97.7	2.61e-146	522
n13	n44	97.7	2.61e-146	522
n13	n15	97.7	2.61e-146	522
n13	n8	97.3	1.69e-145	519
n13	n29	96.6	8.41e-145	517
n13	n10	96.2	1.03e-142	510
n13	n31	94.7	1.34e-142	509
n13	n12	94.7	1.34e-142	509
n13	n45	94.6	5.1e-142	507
n13	n14	94.6	5.1e-142	507
n13	n25	94.6	6.66e-142	507
n13	n27	82.4	1.14e-125	453
n13	n22	82.4	1.14e-125	453
n13	n23	81.2	8.18e-124	447
n13	n74	78.9	3.93e-118	428
n13	n16	75.2	6.94e-115	417
n12	n31	100.0	7.85e-151	537
n12	n12	100.0	7.85e-151	537
n12	n45	100.0	2.98e-150	535
n12	n14	100.0	2.98e-150	535
n12	n25	99.2	2.53e-149	532
n12	n29	97.3	7.61e-146	520
n12	n13	94.7	1.34e-142	509
n12	n80	94.3	1.48e-141	506
n12	n30	93.1	2.8e-140	502
n12	n11	93.1	2.8e-140	502
n12	n26	93.1	6.24e-140	500
n12	n46	93.1	1.06e-139	500
n12	n44	93.1	1.06e-139	500
n12	n15	93.1	1.06e-139	500
n12	n8	92.7	6.89e-139	497
n12	n10	91.6	4.18e-136	488
n12	n27	85.8	4.79e-132	474
n12	n22	85.8	4.79e-132	474
n12	n23	85.8	8.16e-132	473
n12	n74	79.7	1.35e-118	429
n12	n16	76.7	6.71e-118	427
n15	n46	100.0	2.28e-170	602
n15	n44	100.0	2.28e-170	602
n15	n15	100.0	2.28e-170	602
n15	n80	97.7	6.88e-167	590
n15	n29	95.0	1.03e-162	576
n15	n45	93.0	3.09e-159	565
n15	n14	93.0	3.09e-159	565
n15	n25	92.7	9e-159	563
n15	n11	100.0	2.9e-149	532
n15	n30	100.0	2.9e-149	532
n15	n26	99.2	3.21e-148	528
n15	n8	98.9	1.22e-147	526
n15	n13	97.7	3e-146	522
n15	n10	98.5	4.34e-145	518
n15	n31	93.1	1.22e-139	500
n15	n12	93.1	1.22e-139	500
n15	n23	81.1	2.08e-139	499
n15	n27	80.4	1.95e-137	492
n15	n22	80.4	1.95e-137	492
n15	n74	76.8	1.89e-124	449
n10	n10	100.0	3.9e-150	534
n10	n11	98.5	9.93e-146	520
n10	n30	98.5	9.93e-146	520
n10	n15	98.5	3.77e-145	518
n10	n44	98.5	3.77e-145	518
n10	n46	98.5	3.77e-145	518
n10	n26	97.7	4.17e-144	514
n10	n8	97.3	4.61e-143	511
n10	n13	96.2	1.03e-142	510
n10	n80	96.2	3.91e-142	508
n10	n29	93.1	5.84e-138	494
n10	n12	91.6	4.18e-136	488
n10	n31	91.6	4.18e-136	488
n10	n14	91.6	1.59e-135	486
n10	n45	91.6	1.59e-135	486
n10	n25	91.2	4.62e-135	484
n10	n27	81.6	9.05e-123	443
n10	n22	81.6	9.05e-123	443
n10	n23	80.8	6.48e-121	437
n10	n74	78.2	5.32e-115	418
n3	n3	100.0	7.25e-214	747
n3	n35	95.1	2.5e-198	695
n3	n37	32.9	1.65e-16	91
n21	n47	100.0	3.11e-175	618
n21	n21	100.0	3.11e-175	618
n21	n1	78.6	4.55e-126	455
n21	n4	73.8	1.05e-114	417
n21	n18	66.1	3.75e-104	382
n16	n16	100.0	1.58e-151	539
n16	n23	78.2	3.56e-119	431
n16	n27	77.8	1.04e-118	430
n16	n22	77.8	1.04e-118	430
n16	n31	76.7	6.71e-118	427
n16	n12	76.7	6.71e-118	427
n16	n14	76.6	2.55e-117	425
n16	n45	76.6	2.55e-117	425
n16	n25	75.9	2.16e-116	422
n16	n29	75.9	8.2e-116	420
n16	n30	75.2	4.07e-115	418
n16	n11	75.2	4.07e-115	418
n16	n13	75.2	6.94e-115	417
n16	n46	75.1	1.55e-114	416
n16	n15	75.1	1.55e-114	416
n16	n44	75.1	1.55e-114	416
n16	n26	74.7	4.5e-114	414
n16	n80	74.7	7.68e-114	414
n16	n8	74.3	4.98e-113	411
n16	n10	73.7	6.08e-111	404
n16	n2	67.8	4.23e-96	355
n16	n5	64.6	1.15e-93	347
n16	n6	64.1	1.27e-92	343
n16	n9	58.9	2.41e-83	312
n19	n19	100.0	2.32e-178	628
n19	n7	74.4	1.93e-132	476
n19	n77	73.9	1.53e-129	466
n19	n68	73.4	7.58e-129	464
n19	n76	73.9	7.58e-129	464
n19	n66	73.7	2.21e-128	462
n19	n61	67.6	4.45e-121	438
n19	n60	66.8	9.29e-119	430
n19	n89	61.2	1.3e-104	383
n19	n51	56.0	7.16e-95	351
n19	n36	53.8	7.16e-95	351
n19	n86	57.4	5.49e-87	325
n19	n59	52.2	6.08e-86	321
n19	n42	51.7	6.3e-75	285
n25	n25	100.0	2.07e-171	605
n25	n45	99.0	3.89e-170	601
n25	n14	99.0	3.89e-170	601
n25	n29	97.7	1.17e-166	589
n25	n80	95.0	2.29e-162	575
n25	n44	92.7	9e-159	563
n25	n46	92.7	9e-159	563
n25	n15	92.7	9e-159	563
n25	n12	99.2	2.9e-149	532
n25	n31	99.2	2.9e-149	532
n25	n23	83.7	1.95e-145	519
n25	n13	94.6	7.65e-142	507
n25	n22	81.7	4.96e-141	504
n25	n27	81.7	4.96e-141	504
n25	n26	93.1	9.36e-140	500
n25	n30	92.3	1.03e-138	497
n25	n11	92.3	1.03e-138	497
n25	n8	92.0	2.3e-138	495
n25	n10	91.2	5.31e-135	484
n25	n16	75.9	2.48e-116	422
n26	n26	100.0	2.52e-149	532
n26	n44	99.2	2.78e-148	528
n26	n46	99.2	2.78e-148	528
n26	n30	99.2	2.78e-148	528
n26	n11	99.2	2.78e-148	528
n26	n15	99.2	2.78e-148	528
n26	n8	98.9	1.8e-147	525
n26	n13	98.5	2.36e-147	525
n26	n80	98.1	6.85e-147	523
n26	n10	97.7	4.16e-144	514
n26	n29	95.0	1.02e-142	510
n26	n31	93.1	6.21e-140	500
n26	n45	93.1	6.21e-140	500
n26	n12	93.1	6.21e-140	500
n26	n14	93.1	6.21e-140	500
n26	n25	93.1	8.11e-140	500
n26	n27	83.1	3.54e-127	458
n26	n22	83.1	3.54e-127	458
n26	n23	82.4	2.53e-125	452
n26	n74	78.9	3.92e-118	428
n26	n16	74.7	4.48e-114	414
n23	n23	100.0	2.97e-170	601
n23	n27	92.7	1.1e-156	556
n23	n22	92.7	1.1e-156	556
n23	n45	84.4	2.29e-146	522
n23	n14	84.4	2.29e-146	522
n23	n25	83.7	1.94e-145	519
n23	n29	81.7	9.96e-142	507
n23	n44	81.1	2.08e-139	499
n23	n46	81.1	2.08e-139	499
n23	n15	81.1	2.08e-139	499
n23	n80	79.7	1.14e-137	493
n23	n31	85.8	9.35e-132	473
n23	n12	85.8	9.35e-132	473
n23	n26	82.4	2.91e-125	452
n23	n30	82.4	4.97e-125	451
n23	n11	82.4	4.97e-125	451
n23	n74	76.8	1.11e-124	450
n23	n8	82.1	1.11e-124	450
n23	n13	81.2	9.37e-124	447
n23	n10	80.8	7.42e-121	437
n23	n16	78.2	4.07e-119	431
n22	n27	100.0	1.36e-167	592
n22	n22	100.0	1.36e-167	592
n22	n23	92.7	1.08e-156	556
n22	n45	82.4	5.76e-142	507
n22	n14	82.4	5.76e-142	507
n22	n25	81.7	4.88e-141	504
n22	n29	81.1	2.68e-139	498
n22	n44	80.4	1.92e-137	492
n22	n46	80.4	1.92e-137	492
n22	n15	80.4	1.92e-137	492
n22	n80	79.4	1.05e-135	486
n22	n31	85.8	5.41e-132	474
n22	n12	85.8	5.41e-132	474
n22	n74	78.2	1.38e-127	460
n22	n26	83.1	4.01e-127	458
n22	n30	83.1	6.84e-127	457
n22	n11	83.1	6.84e-127	457
n22	n8	82.8	1.52e-126	456
n22	n13	82.4	1.29e-125	453
n22	n10	81.6	1.02e-122	443
n22	n16	77.8	1.17e-118	430
n22	n6	62.0	6.03e-99	364
n22	n5	61.4	1.14e-97	360
n22	n2	64.3	2.46e-92	342
n29	n29	100.0	1.24e-182	642
n29	n45	96.6	5.03e-176	621
n29	n14	96.6	5.03e-176	621
n29	n25	97.7	1.24e-166	589
n29	n80	97.3	2.77e-166	588
n29	n46	95.0	1.09e-162	576
n29	n44	95.0	1.09e-162	576
n29	n15	95.0	1.09e-162	576
n29	n31	97.3	9.26e-146	520
n29	n12	97.3	9.26e-146	520
n29	n13	96.6	1.02e-144	517
n29	n26	95.0	1.25e-142	510
n29	n23	81.7	1.06e-141	507
n29	n30	94.3	1.38e-141	506
n29	n11	94.3	1.38e-141	506
n29	n8	93.9	3.08e-141	505
n29	n27	81.1	2.89e-139	498
n29	n22	81.1	2.89e-139	498
n29	n10	93.1	7.11e-138	494
n34	n34	100.0	6.69e-167	590
n34	n33	92.2	4.97e-154	547
n27	n27	100.0	1.36e-167	592
n27	n22	100.0	1.36e-167	592
n27	n23	92.7	1.08e-156	556
n27	n45	82.4	5.76e-142	507
n27	n14	82.4	5.76e-142	507
n27	n25	81.7	4.88e-141	504
n27	n29	81.1	2.68e-139	498
n27	n44	80.4	1.92e-137	492
n27	n46	80.4	1.92e-137	492
n27	n15	80.4	1.92e-137	492
n27	n80	79.4	1.05e-135	486
n27	n31	85.8	5.41e-132	474
n27	n12	85.8	5.41e-132	474
n27	n74	78.2	1.38e-127	460
n27	n26	83.1	4.01e-127	458
n27	n30	83.1	6.84e-127	457
n27	n11	83.1	6.84e-127	457
n27	n8	82.8	1.52e-126	456
n27	n13	82.4	1.29e-125	453
n27	n10	81.6	1.02e-122	443
n27	n16	77.8	1.17e-118	430
n27	n6	62.0	6.03e-99	364
n27	n5	61.4	1.14e-97	360
n27	n2	64.3	2.46e-92	342
n30	n30	100.0	6.65e-150	533
n30	n11	100.0	6.65e-150	533
n30	n46	100.0	2.53e-149	532
n30	n44	100.0	2.53e-149	532
n30	n15	100.0	2.53e-149	532
n30	n26	99.2	2.79e-148	528
n30	n8	98.9	3.09e-147	525
n30	n13	97.7	6.88e-147	523
n30	n80	97.3	7.61e-146	520
n30	n10	98.5	9.93e-146	520
n30	n29	94.3	1.14e-141	506
n30	n31	93.1	2.8e-140	502
n30	n12	93.1	2.8e-140	502
n30	n45	93.1	1.06e-139	500
n30	n14	93.1	1.06e-139	500
n30	n25	92.3	9e-139	497
n30	n27	83.1	6.05e-127	457
n30	n22	83.1	6.05e-127	457
n30	n23	82.4	4.34e-125	451
n30	n74	79.7	3.56e-119	431
n30	n16	75.2	4.07e-115	418
n35	n35	100.0	1.37e-259	899
n35	n3	95.1	3e-198	695
n31	n31	100.0	7.85e-151	537
n31	n12	100.0	7.85e-151	537
n31	n45	100.0	2.98e-150	535
n31	n14	100.0	2.98e-150	535
n31	n25	99.2	2.53e-149	532
n31	n29	97.3	7.61e-146	520
n31	n13	94.7	1.34e-142	509
n31	n80	94.3	1.48e-141	506
n31	n30	93.1	2.8e-140	502
n31	n11	93.1	2.8e-140	502
n31	n26	93.1	6.24e-140	500
n31	n46	93.1	1.06e-139	500
n31	n44	93.1	1.06e-139	500
n31	n15	93.1	1.06e-139	500
n31	n8	92.7	6.89e-139	497
n31	n10	91.6	4.18e-136	488
n31	n27	85.8	4.79e-132	474
n31	n22	85.8	4.79e-132	474
n31	n23	85.8	8.16e-132	473
n31	n74	79.7	1.35e-118	429
n31	n16	76.7	6.71e-118	427
n39	n39	100.0	4.67e-148	527
n39	n37	35.4	3.46e-34	149
n39	n49	34.9	1.36e-30	137
n37	n37	100.0	5.29e-147	524
n37	n49	66.2	7e-99	364
n37	n39	35.4	3.54e-34	149
n37	n85	36.3	5.29e-30	135
n37	n3	32.9	1.14e-16	91
n37	n35	32.4	1.49e-16	91
n38	n38	100.0	1.57e-293	1012
n8	n8	100.0	2.28e-150	535
n8	n44	98.9	1.06e-147	526
n8	n46	98.9	1.06e-147	526
n8	n15	98.9	1.06e-147	526
n8	n26	98.9	1.81e-147	525
n8	n30	98.9	3.09e-147	525
n8	n11	98.9	3.09e-147	525
n8	n80	96.9	1.69e-145	519
n8	n13	97.3	1.69e-145	519
n8	n10	97.3	4.61e-143	511
n8	n29	93.9	2.53e-141	505
n8	n45	92.7	2.37e-139	498
n8	n14	92.7	2.37e-139	498
n8	n31	92.7	6.89e-139	497
n8	n12	92.7	6.89e-139	497
n8	n25	92.0	2.01e-138	495
n8	n27	82.8	1.35e-126	456
n8	n22	82.8	1.35e-126	456
n8	n23	82.1	9.67e-125	450
n8	n74	78.6	1.49e-117	426
n8	n16	74.3	4.98e-113	411
n8	n52	67.3	1.01e-97	360
n8	n53	67.6	2.24e-97	359
n8	n24	64.9	2.48e-96	356
n8	n81	63.5	3.03e-94	349
n8	n54	64.5	8.82e-94	347
n8	n64	65.1	1.51e-93	346
n8	n2	64.3	2.57e-93	346
n8	n62	62.7	2.4e-91	339
n8	n6	61.2	1.19e-90	337
n8	n72	60.8	1.56e-90	336
n8	n5	61.0	2.94e-89	332
n8	n78	60.0	1.78e-86	323
n8	n9	59.5	4.85e-84	315
n8	n69	58.5	5.37e-83	311
n8	n33	60.3	4.54e-82	308
n8	n87	59.1	1.32e-81	307
n8	n34	60.3	2.94e-81	305
n8	n28	55.6	6.79e-78	294
n8	n57	55.3	2.67e-74	282
n8	n73	53.2	3.49e-74	282
n8	n56	54.6	7.77e-74	281
n8	n55	54.6	2.95e-73	279
n8	n58	54.0	1.12e-72	277
n8	n42	50.9	1.91e-72	276
n8	n18	51.9	7.27e-72	274
n8	n32	50.6	2.76e-71	272
n8	n68	51.3	1.79e-70	270
n8	n70	49.1	1.98e-69	266
n8	n7	51.5	4.41e-69	265
n8	n51	52.6	1.68e-68	263
n8	n76	49.6	6.37e-68	261
n8	n77	50.0	8.32e-68	261
n8	n88	50.0	1.42e-67	260
n8	n66	49.8	1.85e-67	260
n8	n89	49.4	1.57e-66	257
n8	n4	49.3	5.96e-66	255
n8	n86	48.9	2.26e-65	253
n8	n1	50.6	2.96e-65	252
n8	n19	45.8	1.47e-64	250
n8	n21	51.8	9.52e-64	247
n8	n47	51.8	9.52e-64	247
n8	n36	48.1	3.62e-63	245
n8	n60	47.4	4.72e-63	245
n8	n71	46.2	1.05e-62	244
n8	n41	48.3	2.34e-62	243
n8	n20	48.5	2.59e-61	239
n8	n61	46.2	3.38e-61	239
n8	n83	48.3	1.2e-58	230
n2	n2	100.0	2.34e-147	525
n2	n54	98.5	2.19e-145	518
n2	n62	69.3	2.8e-100	369
n2	n53	69.5	4.78e-100	368
n2	n52	68.5	8.15e-100	367
n2	n81	67.7	5.84e-98	361
n2	n16	67.8	4.18e-96	355
n2	n78	66.2	5.46e-96	354
n2	n24	65.6	9.32e-96	354
n2	n30	64.8	7.89e-95	351
n2	n11	64.8	7.89e-95	351
n2	n13	64.8	1.03e-94	350
n2	n6	64.7	3e-94	349
n2	n26	64.6	3e-94	349
n2	n15	64.6	3e-94	349
n2	n44	64.6	3e-94	349
n2	n46	64.6	3e-94	349
n2	n80	64.6	3.92e-94	348
n2	n29	64.6	8.72e-94	347
n2	n8	64.3	2.54e-93	346
n2	n72	64.9	2.54e-93	346
n2	n31	64.0	4.33e-93	345
n2	n12	64.0	4.33e-93	345
n2	n25	63.9	1.26e-92	343
n2	n14	63.9	1.64e-92	343
n2	n45	63.9	1.64e-92	343
n2	n27	64.3	2.15e-92	342
n2	n22	64.3	2.15e-92	342
n2	n10	63.6	2.38e-91	339
n2	n64	62.2	1.18e-90	337
n2	n23	62.7	4.48e-90	335
n2	n5	62.1	1.7e-89	333
n2	n9	62.2	8.45e-89	330
n2	n56	63.1	5.48e-88	328
n2	n57	63.1	9.34e-88	327
n2	n74	60.8	6.05e-87	324
n2	n55	62.3	7.91e-87	324
n2	n87	63.1	1.35e-86	323
n2	n73	60.1	4.34e-85	318
n2	n28	56.5	1.49e-77	293
n2	n32	51.9	1.07e-75	287
n2	n33	54.7	2.23e-73	279
n2	n18	50.7	1.23e-71	273
n2	n34	52.7	1.36e-70	270
n2	n42	49.1	5.15e-70	268
n2	n58	52.7	8.22e-68	261
n2	n69	50.8	9.09e-67	257
n2	n83	52.5	1.55e-66	257
n2	n21	48.9	7.69e-66	254
n2	n47	48.9	7.69e-66	254
n2	n70	48.3	2.24e-65	253
n2	n4	48.5	1.11e-64	250
n2	n51	47.6	2.48e-64	249
n2	n68	48.9	4.22e-64	248
n2	n76	48.1	7.2e-64	248
n2	n7	47.6	7.96e-63	244
n2	n66	48.3	2.32e-62	243
n2	n1	47.7	5.16e-62	242
n2	n19	46.7	1.96e-61	240
n2	n77	46.3	3.35e-61	239
n2	n36	46.4	5.71e-61	238
n2	n61	45.9	1.27e-60	237
n2	n59	44.5	9.11e-59	231
n2	n41	46.9	9.11e-59	231
n2	n86	45.3	1.19e-58	230
n2	n75	45.6	3.46e-58	229
n2	n89	43.4	6.53e-57	225
n2	n20	44.2	1.11e-56	224
n2	n60	44.3	1.11e-56	224
n2	n71	43.0	1.9e-56	223
n2	n88	44.6	6.11e-55	218
n2	n43	40.5	1.78e-46	190
n18	n18	100.0	2.04e-171	605
n18	n42	69.1	3.11e-111	405
n18	n4	66.1	4.2e-108	395
n18	n47	66.1	3.68e-104	382
n18	n21	66.1	3.68e-104	382
n18	n1	64.6	6.27e-104	381
n18	n68	51.5	6.1e-83	311
n18	n41	52.6	7.46e-81	304
n18	n66	50.0	1.27e-80	304
n18	n71	51.0	1.66e-80	303
n18	n51	55.4	2.17e-80	303
n18	n75	55.7	3.7e-80	302
n18	n77	47.7	2.4e-79	299
n18	n59	51.0	1.56e-78	297
n18	n89	48.6	4.53e-78	295
n18	n7	49.3	4.53e-78	295
n18	n36	55.8	5.91e-78	295
n18	n74	54.0	1.72e-77	293
n18	n76	49.2	5.53e-76	288
n18	n44	51.4	1.23e-75	287
n18	n15	51.4	1.23e-75	287
n18	n46	51.4	1.23e-75	287
n18	n20	48.6	1.04e-74	284
n18	n81	50.3	2.32e-74	283
n18	n70	49.2	2.32e-74	283
n18	n80	50.3	5.18e-74	282
n18	n29	50.0	1.97e-73	280
n18	n14	49.7	5.73e-73	278
n18	n11	52.0	5.73e-73	278
n18	n30	52.0	5.73e-73	278
n18	n45	49.7	5.73e-73	278
n18	n25	49.3	1.67e-72	277
n18	n26	51.5	6.33e-72	275
n18	n54	51.5	6.33e-72	275
n18	n8	51.9	8.27e-72	274
n18	n60	44.6	1.41e-71	273
n18	n13	50.9	2.41e-71	273
n18	n27	49.3	2.41e-71	273
n18	n22	49.3	2.41e-71	273
n18	n78	48.3	9.14e-71	271
n18	n10	51.3	1.19e-70	270
n18	n62	50.7	2.66e-70	269
n18	n53	50.2	3.47e-70	269
n18	n12	49.8	5.92e-70	268
n18	n31	49.8	5.92e-70	268
n18	n16	50.2	5.92e-70	268
n18	n52	49.1	7.74e-70	268
n18	n64	53.0	2.25e-69	266
n18	n56	49.8	3.84e-69	265
n18	n57	49.4	5.02e-69	265
n18	n55	49.4	8.56e-69	264
n18	n23	48.0	1.12e-68	264
n18	n73	49.3	2.49e-68	263
n18	n24	48.9	5.55e-68	262
n18	n6	47.6	1.24e-67	260
n18	n33	48.6	2.41e-63	246
n18	n58	43.8	1.12e-60	237
n18	n34	46.8	7.26e-60	235
n18	n83	44.6	1.67e-56	223
n24	n24	100.0	2.23e-173	612
n24	n53	76.2	1.2e-110	403
n24	n52	75.8	2.68e-110	402
n24	n16	69.1	1.74e-101	373
n24	n72	62.2	2.97e-101	372
n24	n45	61.7	8.65e-101	371
n24	n14	61.7	8.65e-101	371
n24	n25	61.7	1.13e-100	370
n24	n29	61.7	3.29e-100	369
n24	n81	61.8	5.6e-100	368
n24	n44	61.4	9.56e-100	367
n24	n15	61.4	9.56e-100	367
n24	n46	61.4	9.56e-100	367
n24	n12	66.0	3.63e-99	365
n24	n31	66.0	3.63e-99	365
n24	n80	60.7	6.2e-99	364
n24	n26	65.6	1.99e-97	359
n24	n30	65.3	3.4e-97	359
n24	n11	65.3	3.4e-97	359
n24	n23	59.5	4.44e-97	358
n24	n13	64.9	7.58e-97	357
n24	n8	64.9	2.88e-96	356
n24	n54	65.1	4.91e-96	355
n24	n74	59.9	6.41e-96	354
n24	n27	59.2	6.41e-96	354
n24	n22	59.2	6.41e-96	354
n24	n2	65.6	1.09e-95	354
n24	n62	65.5	3.18e-95	352
n24	n64	66.0	2.06e-94	349
n24	n6	58.0	2.69e-94	349
n24	n5	57.8	2.98e-93	346
n24	n10	63.7	5.08e-93	345
n24	n78	58.5	1.63e-91	340
n24	n87	56.0	1.87e-87	326
n24	n73	54.5	1.64e-83	313
n24	n57	57.1	1.81e-82	310
n24	n9	52.8	1.81e-82	310
n24	n56	57.1	3.09e-82	309
n24	n55	56.7	1.17e-81	307
n24	n34	53.3	3.54e-78	295
n24	n33	54.4	1.03e-77	294
n24	n32	50.0	5.1e-77	292
n24	n69	50.4	8.43e-72	274
n24	n58	49.0	8.43e-72	274
n24	n42	49.6	3e-69	266
n24	n68	49.8	5.12e-69	265
n24	n66	46.2	8.73e-69	264
n24	n18	48.9	5.66e-68	262
n24	n83	46.8	6.25e-67	258
n24	n60	44.5	4.48e-65	252
n24	n70	45.8	4.96e-64	248
n24	n4	45.1	1.1e-63	247
n40	n40	100.0	2.62e-171	605
n40	n63	46.9	5.09e-66	255
n40	n78	30.6	1.83e-23	114
n40	n1	30.1	8.5e-21	105
n44	n46	100.0	2.28e-170	602
n44	n44	100.0	2.28e-170	602
n44	n15	100.0	2.28e-170	602
n44	n80	97.7	6.88e-167	590
n44	n29	95.0	1.03e-162	576
n44	n45	93.0	3.09e-159	565
n44	n14	93.0	3.09e-159	565
n44	n25	92.7	9e-159	563
n44	n11	100.0	2.9e-149	532
n44	n30	100.0	2.9e-149	532
n44	n26	99.2	3.21e-148	528
n44	n8	98.9	1.22e-147	526
n44	n13	97.7	3e-146	522
n44	n10	98.5	4.34e-145	518
n44	n31	93.1	1.22e-139	500
n44	n12	93.1	1.22e-139	500
n44	n23	81.1	2.08e-139	499
n44	n27	80.4	1.95e-137	492
n44	n22	80.4	1.95e-137	492
n44	n74	76.8	1.89e-124	449
n47	n47	100.0	3.11e-175	618
n47	n21	100.0	3.11e-175	618
n47	n1	78.6	4.55e-126	455
n47	n4	73.8	1.05e-114	417
n47	n18	66.1	3.75e-104	382
n49	n49	100.0	1.53e-146	522
n49	n37	66.2	6.98e-99	364
n45	n45	100.0	5.55e-183	644
n45	n14	100.0	5.55e-183	644
n45	n29	96.6	5.03e-176	621
n45	n25	99.0	4.13e-170	601
n45	n80	94.0	4.57e-161	571
n45	n44	93.0	3.28e-159	565
n45	n46	93.0	3.28e-159	565
n45	n15	93.0	3.28e-159	565
n45	n12	100.0	3.63e-150	535
n45	n31	100.0	3.63e-150	535
n45	n23	84.4	2.44e-146	522
n45	n22	82.4	6.21e-142	507
n45	n27	82.4	6.21e-142	507
n45	n13	94.6	6.21e-142	507
n45	n26	93.1	7.59e-140	500
n45	n30	93.1	1.3e-139	500
n45	n11	93.1	1.3e-139	500
n45	n8	92.7	2.89e-139	498
n45	n10	91.6	1.94e-135	486
n5	n5	100.0	2.15e-165	585
n5	n6	79.2	4.23e-129	465
n5	n81	63.4	3.16e-100	369
n5	n62	68.2	3.49e-99	365
n5	n53	67.3	3.86e-98	362
n5	n72	61.4	1.12e-97	360
n5	n22	60.2	4.27e-97	358
n5	n27	60.2	4.27e-97	358
n5	n64	66.8	1.24e-96	357
n5	n23	60.7	6.16e-96	354
n5	n52	65.4	6.16e-96	354
n5	n87	61.1	1.98e-94	349
n5	n29	60.5	7.53e-94	347
n5	n16	64.6	1.28e-93	347
n5	n15	59.8	1.68e-93	346
n5	n44	59.8	1.68e-93	346
n5	n46	59.8	1.68e-93	346
n5	n80	60.1	1.68e-93	346
n5	n24	57.8	2.86e-93	346
n5	n25	59.8	3.74e-93	345
n5	n45	59.5	6.37e-93	344
n5	n14	59.5	6.37e-93	344
n5	n13	61.6	6.6e-90	334
n5	n26	61.6	6.6e-90	334
n5	n11	61.2	8.61e-90	334
n5	n30	61.2	8.61e-90	334
n5	n9	59.0	1.13e-89	334
n5	n2	62.1	1.92e-89	333
n5	n12	60.8	1.92e-89	333
n5	n74	58.4	1.92e-89	333
n5	n31	60.8	1.92e-89	333
n5	n8	61.0	3.27e-89	332
n5	n54	61.9	4.28e-89	332
n5	n58	60.3	8.06e-88	327
n5	n73	58.1	1.16e-86	324
n5	n10	60.1	3.39e-86	322
n5	n78	57.5	9.86e-86	320
n5	n56	59.2	9.23e-84	314
n5	n57	59.2	9.23e-84	314
n5	n55	59.1	4.58e-83	312
n5	n33	59.0	5.98e-83	311
n5	n34	57.6	6.19e-80	301
n5	n32	51.9	1.38e-79	300
n5	n28	52.0	2.6e-78	296
n5	n83	53.6	8.65e-74	281
n5	n69	50.5	1.53e-70	270
n5	n47	50.4	1.34e-66	257
n5	n21	50.4	1.34e-66	257
n5	n70	50.2	1.34e-66	257
n5	n51	47.7	2.28e-66	256
n5	n18	48.6	5.09e-66	255
n5	n4	50.8	4.31e-65	252
n5	n77	46.7	9.59e-65	251
n5	n1	49.0	2.79e-64	249
n5	n71	48.1	8.12e-64	248
n5	n68	46.2	1.38e-63	247
n5	n7	46.6	4.03e-63	245
n5	n86	49.5	8.98e-63	244
n5	n42	46.7	7.6e-62	241
n5	n89	44.5	4.93e-61	238
n5	n66	44.3	4.93e-61	238
n5	n75	47.2	4.17e-60	235
n5	n76	44.7	4.17e-60	235
n5	n59	44.9	1.21e-59	234
n5	n19	44.2	6.66e-58	228
n5	n36	44.7	1.14e-57	227
n5	n41	45.1	1.26e-56	224
n5	n88	43.7	3.65e-56	222
n5	n61	41.0	9e-55	218
n5	n60	41.9	2.89e-53	213
n5	n20	42.7	1.59e-51	207
n5	n43	40.8	1.07e-47	194
n5	n82	33.9	3.44e-30	136
n5	n67	32.3	7.43e-25	118
n7	n7	100.0	6.22e-176	620
n7	n68	88.4	2.9e-157	558
n7	n66	85.8	3.32e-153	545
n7	n77	85.9	3.11e-151	538
n7	n76	76.8	4.99e-133	478
n7	n19	74.4	1.9e-132	476
n7	n61	66.3	2.66e-118	429
n7	n60	64.6	1.78e-114	416
n7	n89	61.1	7.51e-105	384
n7	n36	55.5	6.16e-99	364
n7	n51	56.6	2.86e-96	356
n7	n86	57.9	2.51e-92	342
n7	n71	53.5	9.52e-92	341
n7	n59	53.0	1.05e-90	337
n7	n20	54.3	9.22e-87	324
n7	n42	53.5	1.68e-80	303
n7	n18	49.3	4.59e-78	295
n7	n4	50.7	6.62e-77	291
n7	n1	51.2	2.78e-75	286
n7	n70	50.9	6.85e-74	281
n7	n15	49.4	3.76e-72	275
n7	n44	49.4	3.76e-72	275
n7	n46	49.4	3.76e-72	275
n7	n45	49.0	4.91e-72	275
n7	n62	52.3	4.91e-72	275
n7	n14	49.0	4.91e-72	275
n7	n25	48.7	1.09e-71	274
n7	n29	49.0	1.43e-71	273
n7	n21	49.7	9.26e-71	271
n7	n47	49.7	9.26e-71	271
n7	n80	48.7	1.21e-70	270
n7	n31	51.9	1.58e-70	270
n7	n12	51.9	1.58e-70	270
n7	n11	52.2	2.06e-70	270
n7	n30	52.2	2.06e-70	270
n7	n74	49.1	1.02e-69	267
n7	n78	48.2	1.34e-69	267
n7	n26	51.5	2.28e-69	266
n7	n23	47.8	2.28e-69	266
n7	n8	51.5	5.08e-69	265
n7	n13	51.5	6.64e-69	265
n7	n10	51.5	8.67e-69	264
n7	n22	47.0	1.13e-68	264
n7	n27	47.0	1.13e-68	264
n7	n6	48.3	4.3e-68	262
n7	n24	48.9	5.62e-68	262
n7	n41	46.8	9.59e-68	261
n7	n81	46.6	1.25e-67	260
n7	n16	50.0	1.64e-67	260
n7	n52	49.4	8.11e-67	258
n7	n75	48.9	1.38e-66	257
n7	n72	45.1	3.08e-66	256
n7	n53	48.5	3.08e-66	256
n7	n64	50.2	3.08e-66	256
n7	n56	48.5	3.41e-65	252
n7	n57	48.1	3.41e-65	252
n7	n55	47.7	2.21e-64	250
n7	n33	46.6	6.43e-64	248
n7	n54	48.1	8.4e-64	248
n7	n5	46.6	4.17e-63	245
n7	n2	47.6	9.28e-63	244
n7	n34	44.5	9.61e-60	234
n7	n43	42.6	3.65e-59	232
n7	n9	43.4	3.65e-59	232
n7	n73	44.3	4.77e-59	232
n7	n87	42.4	1.81e-58	230
n7	n69	46.5	2.37e-58	230
n7	n32	44.3	6.89e-58	228
n7	n58	41.8	7.13e-55	218
n7	n28	40.6	1.14e-52	211
n7	n88	43.0	2.15e-51	206
n7	n67	39.0	9.99e-41	171
n7	n82	36.5	6.47e-40	168
n46	n46	100.0	2.28e-170	602
n46	n44	100.0	2.28e-170	602
n46	n15	100.0	2.28e-170	602
n46	n80	97.7	6.88e-167	590
n46	n29	95.0	1.03e-162	576
n46	n45	93.0	3.09e-159	565
n46	n14	93.0	3.09e-159	565
n46	n25	92.7	9e-159	563
n46	n11	100.0	2.9e-149	532
n46	n30	100.0	2.9e-149	532
n46	n26	99.2	3.21e-148	528
n46	n8	98.9	1.22e-147	526
n46	n13	97.7	3e-146	522
n46	n10	98.5	4.34e-145	518
n46	n31	93.1	1.22e-139	500
n46	n12	93.1	1.22e-139	500
n46	n23	81.1	2.08e-139	499
n46	n27	80.4	1.95e-137	492
n46	n22	80.4	1.95e-137	492
n46	n74	76.8	1.89e-124	449
n9	n9	100.0	1.14e-180	636
n9	n81	62.2	1.38e-101	373
n9	n62	64.8	1.13e-95	354
n9	n64	67.7	3.3e-95	352
n9	n53	63.2	2e-92	343
n9	n6	58.1	4.46e-92	342
n9	n5	59.0	1.21e-89	334
n9	n2	62.2	1.03e-88	330
n9	n54	62.0	1.75e-88	330
n9	n52	59.8	6.66e-88	328
n9	n87	56.6	8.7e-88	327
n9	n22	57.0	1.48e-87	327
n9	n27	57.0	1.48e-87	327
n9	n72	54.8	4.32e-87	325
n9	n44	55.6	9.62e-87	324
n9	n46	55.6	9.62e-87	324
n9	n15	55.6	9.62e-87	324
n9	n23	56.0	1.06e-85	320
n9	n29	53.4	1.06e-85	320
n9	n80	54.9	3.09e-85	319
n9	n78	57.0	3.09e-85	319
n9	n11	59.7	1.18e-84	317
n9	n30	59.7	1.18e-84	317
n9	n26	59.7	1.54e-84	317
n9	n74	57.2	2.62e-84	316
n9	n73	55.2	3.42e-84	315
n9	n8	59.5	5.83e-84	315
n9	n25	55.3	9.95e-84	314
n9	n14	53.5	9.95e-84	314
n9	n45	53.5	9.95e-84	314
n9	n16	58.9	2.9e-83	312
n9	n13	58.9	3.78e-83	312
n9	n24	52.8	1.88e-82	310
n9	n12	59.3	9.32e-82	307
n9	n31	59.3	9.32e-82	307
n9	n56	59.3	1.22e-81	307
n9	n10	58.6	3.54e-81	305
n9	n57	58.1	1.76e-80	303
n9	n55	57.8	6.68e-80	301
n9	n33	55.6	1.94e-79	300
n9	n28	55.0	1.07e-77	294
n9	n34	53.4	1.44e-74	283
n9	n32	49.8	5.47e-74	282
n9	n69	51.1	1.49e-71	273
n9	n18	49.5	3.32e-71	272
n9	n58	49.3	1.26e-70	270
n9	n42	49.5	8.18e-70	268
n9	n70	47.6	1.07e-69	267
n9	n1	51.9	2.46e-66	256
n9	n4	47.0	4.2e-66	255
n9	n83	48.1	2.08e-65	253
n9	n89	46.6	3.56e-65	252
n9	n21	47.9	1.03e-64	251
n9	n47	47.9	1.03e-64	251
n9	n51	46.0	2.16e-62	243
n9	n41	47.6	1.4e-61	240
n9	n76	43.2	7.67e-60	235
n9	n68	42.9	7.67e-60	235
n9	n88	47.7	7.67e-60	235
n9	n75	48.4	1.31e-59	234
n9	n36	43.5	1.71e-59	233
n9	n7	43.4	3.81e-59	232
n9	n77	41.3	1.45e-58	230
n9	n66	42.0	4.21e-58	229
n9	n60	44.4	9.38e-58	228
n9	n19	41.0	3.02e-56	223
n9	n59	39.9	4.82e-54	215
n9	n82	34.2	2.33e-32	143
n9	n67	36.2	3.71e-30	136
n1	n1	100.0	2.36e-164	582
n1	n47	78.6	4.34e-126	455
n1	n21	78.6	4.34e-126	455
n1	n4	74.9	4.07e-116	421
n1	n18	64.6	6.1e-104	381
n1	n75	61.5	3.59e-96	355
n1	n42	62.1	3.36e-94	349
n1	n68	50.0	8.31e-77	291
n1	n71	51.4	1.42e-76	290
n1	n7	51.2	2.67e-75	286
n1	n70	51.0	3.86e-74	282
n1	n66	49.5	5.04e-74	282
n1	n36	54.8	1.12e-73	280
n1	n77	49.7	1.47e-73	280
n1	n86	50.7	2.12e-72	276
n1	n60	53.2	3.61e-72	275
n1	n59	49.7	1.05e-71	274
n1	n89	53.2	1.37e-71	273
n1	n51	53.0	3.06e-71	272
n1	n76	48.2	5.21e-71	272
n1	n46	50.3	3.74e-69	265
n1	n44	50.3	3.74e-69	265
n1	n15	50.3	3.74e-69	265
n1	n61	50.6	4.88e-69	265
n1	n41	49.6	3.16e-68	262
n1	n25	49.7	4.13e-68	262
n1	n74	52.0	4.13e-68	262
n1	n80	49.7	5.4e-68	262
n1	n81	50.5	7.05e-68	261
n1	n29	49.7	9.21e-68	261
n1	n45	49.3	9.21e-68	261
n1	n14	49.3	9.21e-68	261
n1	n19	46.4	2.05e-67	260
n1	n20	48.4	2.68e-67	259
n1	n30	51.1	1.33e-66	257
n1	n11	51.1	1.33e-66	257
n1	n9	51.9	2.27e-66	256
n1	n26	51.3	2.27e-66	256
n1	n13	50.4	1.92e-65	253
n1	n8	50.6	3.27e-65	252
n1	n10	52.4	4.28e-65	252
n1	n22	49.0	5.58e-65	252
n1	n27	49.0	5.58e-65	252
n1	n31	49.6	7.29e-65	251
n1	n53	48.7	7.29e-65	251
n1	n62	50.2	7.29e-65	251
n1	n23	49.1	7.29e-65	251
n1	n12	49.6	7.29e-65	251
n1	n69	48.4	2.77e-64	249
n1	n5	49.0	2.77e-64	249
n1	n33	47.3	1.05e-63	247
n1	n56	49.0	1.8e-63	247
n1	n16	48.9	2.35e-63	246
n1	n54	48.9	8.92e-63	244
n1	n52	47.5	2.59e-62	243
n1	n6	48.4	3.39e-62	242
n1	n57	47.9	5.78e-62	242
n1	n2	47.7	5.78e-62	242
n1	n55	47.9	9.86e-62	241
n1	n78	44.9	1.29e-61	240
n1	n24	44.5	3.75e-61	239
n1	n64	48.5	6.39e-61	238
n1	n87	42.8	5.41e-60	235
n1	n58	42.9	7.06e-60	235
n1	n72	44.5	1.57e-59	233
n1	n73	42.4	1.57e-59	233
n1	n34	44.7	4.58e-59	232
n1	n32	44.5	4.29e-57	225
n1	n88	45.3	2.13e-56	223
n1	n28	41.9	1.17e-54	217
n1	n43	44.2	9.88e-54	214
n1	n83	40.6	4.3e-49	199
n1	n67	38.8	4.31e-41	172
n1	n82	36.9	1.87e-36	157
n1	n50	35.6	3.9e-34	149
n1	n79	34.5	4.32e-33	146
n1	n40	30.1	8.44e-21	105
n48	n48	100.0	1.86e-155	552
n48	n49	30.1	6.21e-26	122
n54	n54	100.0	1.05e-147	526
n54	n2	98.5	2.19e-145	518
n56	n56	100.0	3.96e-147	524
n56	n57	98.4	3.7e-145	518
n56	n55	97.7	4.09e-144	514
n20	n20	100.0	9.81e-174	613
n20	n51	62.0	8.19e-104	381
n20	n59	58.8	8.77e-98	361
n20	n86	58.7	7.43e-97	357
n20	n71	57.8	7.43e-97	357
n20	n68	54.4	2.39e-87	326
n20	n7	54.3	9.1e-87	324
n20	n61	54.6	5.9e-86	321
n20	n66	52.9	3.82e-85	319
n20	n77	51.3	9.42e-84	314
n20	n89	51.2	4.67e-83	312
n20	n36	56.4	6.1e-83	311
n20	n19	54.3	1.04e-82	310
n20	n76	50.2	1.27e-80	304
n20	n60	49.2	1.27e-80	304
n20	n18	48.6	1.04e-74	284
n20	n42	51.3	4.1e-71	272
n20	n75	51.1	2.66e-70	269
n20	n4	47.2	3.47e-70	269
n20	n21	49.0	7.74e-70	268
n20	n47	49.0	7.74e-70	268
n20	n1	48.4	1.61e-67	260
n20	n43	47.3	4.11e-63	245
n20	n15	48.6	5.37e-63	245
n20	n46	48.6	5.37e-63	245
n20	n44	48.6	5.37e-63	245
n20	n27	46.2	2.04e-62	243
n20	n11	49.1	2.04e-62	243
n20	n22	46.2	2.04e-62	243
n20	n30	49.1	2.04e-62	243
n20	n26	49.1	3.48e-62	242
n20	n25	47.8	3.48e-62	242
n20	n70	47.0	5.94e-62	242
n20	n45	47.5	7.76e-62	241
n20	n14	47.5	7.76e-62	241
n20	n41	43.5	7.76e-62	241
n20	n29	47.8	1.32e-61	240
n20	n80	48.2	2.26e-61	240
n20	n31	48.0	2.95e-61	239
n20	n12	48.0	2.95e-61	239
n20	n8	48.5	2.95e-61	239
n20	n74	44.5	3.85e-61	239
n20	n10	48.7	6.57e-61	238
n20	n13	48.7	8.58e-61	238
n20	n23	46.8	1.12e-60	237
n20	n62	45.9	3.26e-60	236
n20	n81	43.9	3.6e-59	232
n20	n16	45.7	3.6e-59	232
n20	n24	44.8	1.98e-57	226
n20	n57	43.2	3.37e-57	226
n20	n56	43.5	4.4e-57	225
n20	n55	43.2	4.4e-57	225
n20	n54	44.6	4.4e-57	225
n20	n78	42.9	7.51e-57	225
n20	n2	44.2	1.28e-56	224
n20	n53	42.8	3.73e-56	222
n20	n52	44.6	6.36e-56	221
n20	n69	45.2	1.02e-53	214
n20	n72	41.6	1.02e-53	214
n20	n64	44.7	1.73e-53	213
n20	n6	42.3	2.95e-53	213
n20	n87	40.1	1.24e-51	207
n20	n5	42.7	1.62e-51	207
n20	n33	41.6	2.76e-51	206
n20	n73	42.0	6.16e-51	205
n20	n32	40.9	3.06e-50	203
n20	n9	42.6	9.83e-49	198
n20	n34	40.9	2.19e-48	196
n20	n58	36.9	1.62e-43	180
n28	n28	100.0	1.83e-161	572
n28	n87	67.2	1.09e-97	360
n28	n72	57.2	7.34e-86	321
n28	n81	56.3	6.21e-85	318
n28	n6	55.1	3.77e-82	309
n28	n62	59.1	1.1e-81	307
n28	n52	58.4	3.19e-81	305
n28	n25	54.3	1.21e-80	304
n28	n29	54.3	1.21e-80	304
n28	n27	52.8	1.58e-80	303
n28	n22	52.8	1.58e-80	303
n28	n14	54.3	1.58e-80	303
n28	n45	54.3	1.58e-80	303
n28	n16	59.1	1.58e-80	303
n28	n46	54.3	2.7e-80	302
n28	n44	54.3	2.7e-80	302
n28	n15	54.3	2.7e-80	302
n28	n80	54.3	7.86e-80	301
n28	n53	56.5	2.99e-79	299
n28	n54	57.0	5.1e-79	298
n28	n12	56.0	6.65e-79	298
n28	n31	56.0	6.65e-79	298
n28	n11	56.0	1.14e-78	297
n28	n30	56.0	1.14e-78	297
n28	n26	56.0	1.48e-78	297
n28	n5	52.0	2.53e-78	296
n28	n13	56.0	3.3e-78	295
n28	n74	51.8	5.63e-78	295
n28	n23	52.5	5.63e-78	295
n28	n8	55.6	7.36e-78	294
n28	n9	55.0	9.61e-78	294
n28	n2	56.5	1.64e-77	293
n28	n64	56.2	2.8e-77	292
n28	n78	50.9	1.17e-75	287
n28	n10	55.1	1.53e-75	287
n28	n24	49.5	1.1e-73	280
n28	n56	54.5	1.03e-71	274
n28	n55	53.3	1.49e-70	270
n28	n57	53.3	1.49e-70	270
n28	n73	47.5	7.37e-70	268
n28	n32	47.7	3.79e-66	255
n28	n33	47.1	1.88e-65	253
n28	n58	47.8	3.92e-63	245
n28	n34	45.7	9.65e-62	241
n28	n69	48.2	2.01e-59	233
n28	n42	43.5	2.63e-59	233
n28	n68	43.9	4.48e-59	232
n28	n66	42.1	1.44e-57	227
n28	n18	41.5	7.16e-57	225
n28	n21	43.8	9.35e-57	224
n28	n47	43.8	9.35e-57	224
n28	n36	45.8	1.22e-56	224
n28	n4	43.4	2.08e-56	223
n28	n70	41.8	2.08e-56	223
n28	n76	41.6	6.06e-56	221
n28	n1	41.9	1.14e-54	217
n28	n60	40.5	9.68e-54	214
n28	n19	41.7	8.19e-53	211
n28	n89	42.0	1.82e-52	210
n28	n51	42.4	2.38e-52	210
n28	n61	40.1	6.93e-52	208
n28	n83	41.1	9.06e-52	208
n28	n71	37.9	2.64e-51	206
n28	n75	40.4	5.87e-51	205
n28	n88	40.4	2.23e-50	203
n28	n86	40.5	5.49e-49	198
n28	n59	37.1	9.37e-49	198
n28	n41	39.9	2.31e-47	193
n57	n57	100.0	3.96e-147	524
n57	n56	98.4	3.7e-145	518
n57	n55	98.4	4.84e-145	517
n33	n33	100.0	1.35e-167	592
n33	n34	92.2	4.97e-154	547
n33	n27	58.1	1.53e-86	323
n33	n22	58.1	1.53e-86	323
n33	n23	55.6	5.43e-84	315
n33	n46	58.2	1.21e-83	314
n33	n15	58.2	1.21e-83	314
n33	n44	58.2	1.21e-83	314
n33	n5	59.0	6e-83	311
n33	n80	57.5	1.75e-82	310
n33	n16	61.3	2.28e-82	309
n33	n29	57.5	2.28e-82	309
n33	n45	57.1	3.89e-82	309
n33	n14	57.1	3.89e-82	309
n33	n6	56.9	5.08e-82	308
n33	n8	60.3	5.08e-82	308
n33	n11	60.1	6.63e-82	308
n33	n25	56.7	6.63e-82	308
n33	n30	60.1	6.63e-82	308
n33	n26	59.9	1.93e-81	306
n33	n62	59.0	4.3e-81	305
n33	n13	59.3	1.63e-80	303
n33	n81	53.6	2.13e-80	303
n33	n12	58.8	2.13e-80	303
n33	n74	56.8	2.13e-80	303
n33	n10	59.7	2.13e-80	303
n33	n31	58.8	2.13e-80	303
n33	n9	55.6	1.81e-79	300
n33	n53	56.9	6.87e-79	298
n33	n24	54.4	9.91e-78	294
n33	n72	54.9	1.29e-77	294
n33	n52	59.0	4.92e-77	292
n33	n64	60.9	4.17e-76	289
n33	n54	55.4	2.29e-74	283
n33	n2	54.7	2.53e-73	279
n33	n32	51.1	3.3e-73	279
n33	n87	51.4	9.6e-73	277
n33	n78	50.7	1.81e-71	273
n33	n69	51.2	5.27e-71	272
n33	n70	51.3	2.21e-69	266
n33	n42	45.5	1.34e-66	257
n33	n68	48.0	2.99e-66	256
n33	n73	49.4	1.14e-65	254
n33	n28	47.1	1.94e-65	253
n33	n66	47.8	1.94e-65	253
n33	n76	47.0	9.62e-65	251
n33	n47	49.5	4.78e-64	248
n33	n21	49.5	4.78e-64	248
n33	n7	46.6	6.24e-64	248
n33	n58	49.6	1.06e-63	247
n33	n1	47.3	1.06e-63	247
n33	n51	46.4	1.82e-63	247
n33	n77	46.4	2.37e-63	246
n33	n18	48.6	2.37e-63	246
n33	n59	45.3	6.9e-63	245
n33	n19	45.9	9.01e-63	244
n33	n71	46.2	3.42e-62	242
n33	n88	45.3	3.78e-61	239
n33	n86	45.6	1.1e-60	237
n33	n4	47.5	7.14e-60	235
n33	n60	48.5	1.03e-58	231
n33	n61	46.9	1.03e-58	231
n33	n41	44.4	5.12e-58	228
n33	n89	43.6	6.68e-58	228
n33	n36	42.9	7.39e-57	225
n33	n83	47.5	1.26e-56	224
n33	n56	48.0	2.15e-56	223
n33	n57	47.5	2.81e-56	223
n33	n55	47.1	1.39e-55	220
n33	n67	36.0	1.89e-36	157
n53	n53	100.0	8.06e-148	527
n53	n52	91.2	5.42e-136	487
n53	n81	74.0	2.22e-113	412
n53	n62	74.8	7.88e-111	404
n53	n24	76.2	1.03e-110	403
n53	n2	69.5	4.79e-100	368
n53	n30	68.4	2.38e-99	366
n53	n11	68.4	2.38e-99	366
n53	n13	68.4	3.11e-99	365
n53	n29	68.3	6.92e-99	364
n53	n15	68.3	9.04e-99	364
n53	n44	68.3	9.04e-99	364
n53	n46	68.3	9.04e-99	364
n53	n16	68.4	1.18e-98	363
n53	n26	68.3	1.54e-98	363
n53	n27	66.8	3.44e-98	362
n53	n22	66.8	3.44e-98	362
n53	n12	66.9	2.91e-97	359
n53	n31	66.9	2.91e-97	359
n53	n25	67.2	4.96e-97	358
n53	n14	66.8	1.11e-96	357
n53	n45	66.8	1.11e-96	357
n53	n8	67.2	1.11e-96	357
n53	n10	67.3	7.16e-96	354
n36	n36	100.0	5.97e-182	640
n36	n51	60.6	2.48e-103	379
n36	n68	58.0	1.36e-101	373
n36	n60	62.6	1.5e-100	370
n36	n66	56.5	1.96e-100	369
n36	n61	62.1	7.46e-100	367
n36	n7	55.5	6.32e-99	364
n36	n77	54.5	2.03e-97	359
n36	n89	56.0	4.53e-97	358
n36	n71	57.7	7.72e-97	357
n36	n76	54.4	6.54e-96	354
n36	n86	60.4	4.24e-95	352
n36	n19	53.8	7.23e-95	351
n36	n59	55.7	1.67e-91	340
n36	n42	59.1	5.19e-85	318
n36	n20	56.4	6.35e-83	311
n36	n18	55.8	6.15e-78	295
n36	n4	50.5	1.79e-77	293
n36	n1	54.8	1.2e-73	280
n36	n21	54.5	2.5e-71	273
n36	n47	54.5	2.5e-71	273
n36	n70	50.7	1.05e-69	267
n36	n53	49.2	1.29e-67	260
n36	n41	47.8	2.19e-67	260
n36	n74	49.1	2.05e-65	253
n36	n16	48.1	7.8e-65	251
n36	n64	49.4	1.02e-64	251
n36	n46	48.9	1.74e-64	250
n36	n11	48.9	1.74e-64	250
n36	n15	48.9	1.74e-64	250
n36	n30	48.9	1.74e-64	250
n36	n44	48.9	1.74e-64	250
n36	n62	50.0	2.27e-64	250
n36	n81	48.0	5.05e-64	248
n36	n26	48.5	5.05e-64	248
n36	n6	50.2	6.6e-64	248
n36	n23	48.9	8.62e-64	248
n36	n25	47.7	8.62e-64	248
n36	n12	47.7	1.13e-63	247
n36	n29	47.7	1.13e-63	247
n36	n31	47.7	1.13e-63	247
n36	n45	47.7	1.13e-63	247
n36	n14	47.7	1.13e-63	247
n36	n13	48.1	1.47e-63	247
n36	n80	48.1	1.47e-63	247
n36	n27	48.2	1.92e-63	247
n36	n22	48.2	1.92e-63	247
n36	n75	49.8	3.28e-63	246
n36	n10	48.5	4.28e-63	245
n36	n8	48.1	4.28e-63	245
n36	n56	47.6	2.77e-62	243
n36	n54	47.2	6.18e-62	242
n36	n57	47.2	8.07e-62	241
n36	n78	45.7	6.83e-61	238
n36	n2	46.4	6.83e-61	238
n36	n9	43.5	1.68e-59	233
n36	n87	43.5	7.07e-58	228
n36	n5	44.7	1.21e-57	227
n36	n33	42.9	7.81e-57	225
n36	n28	45.8	1.33e-56	224
n36	n43	42.4	5.07e-56	222
n36	n73	44.9	8.64e-56	221
n36	n34	41.6	2.13e-54	216
n36	n58	41.9	1.17e-52	211
n36	n67	40.2	7.85e-41	171
n32	n32	100.0	2.55e-166	588
n32	n6	55.6	1.53e-86	323
n32	n72	54.5	3.53e-83	312
n32	n64	58.0	1.48e-81	307
n32	n74	53.1	2.14e-80	303
n32	n5	51.9	1.39e-79	300
n32	n27	52.9	3.09e-79	299
n32	n22	52.9	3.09e-79	299
n32	n81	51.7	4.47e-78	295
n32	n62	54.4	2.89e-77	292
n32	n46	49.7	2.89e-77	292
n32	n15	49.7	2.89e-77	292
n32	n44	49.7	2.89e-77	292
n32	n24	50.0	4.94e-77	292
n32	n23	50.9	1.1e-76	290
n32	n80	49.0	3.2e-76	289
n32	n45	49.3	4.18e-76	289
n32	n29	49.0	4.18e-76	289
n32	n14	49.3	4.18e-76	289
n32	n54	52.1	5.46e-76	288
n32	n25	49.0	7.13e-76	288
n32	n2	51.9	1.22e-75	287
n32	n16	52.9	4.62e-75	285
n32	n87	51.6	1.03e-74	284
n32	n52	54.1	2.29e-74	283
n32	n9	49.8	5.11e-74	282
n32	n33	51.1	3.31e-73	279
n32	n53	52.1	4.32e-73	278
n32	n30	51.0	6.25e-72	275
n32	n11	51.0	6.25e-72	275
n32	n8	50.6	3.1e-71	272
n32	n26	50.6	3.1e-71	272
n32	n34	49.8	6.9e-71	271
n32	n31	50.2	1.18e-70	270
n32	n13	50.2	1.18e-70	270
n32	n12	50.2	1.18e-70	270
n32	n73	50.9	7.63e-70	268
n32	n10	49.8	2.46e-68	263
n32	n78	48.4	2.46e-68	263
n32	n70	45.3	2.3e-66	256
n32	n28	47.7	3.92e-66	255
n32	n18	47.3	1.95e-65	253
n32	n57	47.1	7.39e-65	251
n32	n56	46.7	3.67e-64	249
n32	n55	46.7	6.26e-64	248
n32	n69	45.1	2.63e-62	243
n32	n66	44.0	5.86e-62	242
n32	n88	44.3	5.86e-62	242
n32	n68	45.5	5.86e-62	242
n32	n77	45.5	9.99e-62	241
n32	n58	43.9	1.44e-60	237
n32	n42	45.0	7.16e-60	235
n32	n51	44.6	2.72e-59	233
n32	n89	42.8	4.64e-59	232
n32	n76	48.3	7.92e-59	231
n32	n7	44.3	6.7e-58	228
n32	n61	43.3	1.14e-57	227
n32	n4	44.4	3.33e-57	226
n32	n1	44.5	4.34e-57	225
n32	n83	43.6	1.26e-56	224
n32	n19	42.8	1.26e-56	224
n32	n86	44.5	6.27e-56	221
n32	n47	42.1	1.07e-55	221
n32	n21	42.1	1.07e-55	221
n32	n60	44.4	3.11e-55	219
n32	n71	42.7	2.02e-54	216
n32	n36	41.3	1.31e-53	214
n32	n59	39.9	4.21e-52	209
n32	n20	40.9	3.02e-50	203
n32	n41	38.4	2.55e-49	200
n32	n75	41.0	1.27e-48	197
n32	n43	37.6	9.72e-41	171
n32	n67	33.7	7.46e-33	145
n52	n52	100.0	2.51e-149	532
n52	n53	91.2	5.42e-136	487
n52	n81	73.6	2.71e-111	405
n52	n24	75.8	2.29e-110	402
n52	n62	71.7	7.64e-106	387
n52	n6	70.3	1.88e-104	382
n52	n64	67.7	3.92e-102	375
n52	n72	68.6	1.95e-101	372
n52	n54	68.8	1.26e-100	370
n52	n16	68.6	1.65e-100	369
n52	n2	68.5	8.18e-100	367
n52	n29	68.4	1.39e-99	366
n52	n13	68.2	1.39e-99	366
n52	n11	67.8	3.11e-99	365
n52	n30	67.8	3.11e-99	365
n52	n80	68.1	5.3e-99	364
n52	n26	68.1	6.92e-99	364
n52	n46	67.7	1.18e-98	363
n52	n15	67.7	1.18e-98	363
n52	n44	67.7	1.18e-98	363
n52	n22	66.9	4.49e-98	361
n52	n27	66.9	4.49e-98	361
n52	n12	67.0	2.23e-97	359
n52	n31	67.0	2.23e-97	359
n52	n25	67.3	3.8e-97	358
n52	n8	66.9	4.96e-97	358
n52	n45	66.9	8.46e-97	357
n52	n14	66.9	8.46e-97	357
n52	n23	66.9	2.46e-96	356
n52	n5	65.4	5.48e-96	354
n52	n10	66.7	9.36e-96	354
n52	n78	64.2	9.36e-96	354
n52	n74	65.4	7.92e-95	351
n52	n73	60.1	2.47e-88	329
n52	n9	59.8	5.5e-88	328
n52	n87	62.0	9.38e-88	327
n52	n57	62.7	7.94e-87	324
n52	n55	62.7	1.04e-86	324
n52	n56	62.3	1.04e-86	324
n52	n28	58.4	2.92e-81	305
n52	n58	55.4	6.52e-73	278
n52	n83	53.1	1.08e-67	260
n61	n61	100.0	2.25e-181	638
n61	n60	73.1	2.06e-134	482
n61	n66	70.9	2.14e-123	446
n61	n76	71.9	3.64e-123	445
n61	n68	71.3	1.53e-121	439
n61	n77	68.4	2e-121	439
n61	n19	67.6	4.45e-121	438
n61	n7	66.3	2.7e-118	429
n61	n89	62.8	8.71e-109	397
n61	n36	62.1	7.39e-100	367
n61	n51	57.5	3.43e-97	359
n61	n71	55.2	2.38e-90	336
n61	n42	53.7	8.21e-83	311
n61	n47	47.3	3.03e-69	266
n61	n21	47.3	3.03e-69	266
n65	n65	100.0	2.53e-146	522
n66	n66	100.0	1.25e-176	622
n66	n68	92.1	1.59e-163	579
n66	n7	85.8	3.32e-153	545
n66	n77	82.9	7.93e-147	523
n66	n76	78.3	1.11e-132	476
n66	n19	73.7	2.17e-128	462
n66	n61	70.9	2.1e-123	446
n66	n60	68.0	7.47e-121	437
n68	n68	100.0	2.79e-176	621
n68	n66	92.1	1.59e-163	579
n68	n7	88.4	2.9e-157	558
n68	n77	84.5	4.97e-149	531
n68	n76	76.6	2.24e-133	479
n68	n19	73.4	7.46e-129	464
n68	n61	71.3	1.51e-121	439
n68	n60	66.8	5.92e-118	428
n42	n42	100.0	7.28e-247	856
n42	n18	69.1	4.44e-111	405
n42	n4	65.0	6.43e-102	375
n42	n21	64.2	1.06e-96	357
n42	n47	64.2	1.06e-96	357
n42	n41	56.1	3.78e-94	349
n42	n1	62.1	4.93e-94	349
n42	n68	56.8	6.45e-86	322
n42	n36	59.1	7.14e-85	318
n42	n66	55.6	2.71e-84	316
n42	n89	52.9	8.72e-83	311
n42	n61	53.7	1.14e-82	311
n42	n71	52.0	3.32e-82	309
n42	n77	53.1	6.25e-81	305
n42	n59	51.4	8.17e-81	305
n42	n86	54.5	1.82e-80	304
n42	n7	53.5	2.38e-80	303
n42	n70	54.5	3.1e-80	303
n42	n60	52.1	4.05e-80	302
n42	n51	54.7	5.29e-80	302
n42	n76	49.5	2.9e-78	296
n42	n81	52.3	4.19e-77	292
n42	n19	51.7	8.74e-75	285
n42	n75	54.6	8.74e-75	285
n42	n62	52.6	3.32e-74	283
n42	n15	51.7	1.26e-73	281
n42	n30	51.9	1.26e-73	281
n42	n44	51.7	1.26e-73	281
n42	n46	51.7	1.26e-73	281
n42	n11	51.9	1.26e-73	281
n42	n27	50.6	1.07e-72	278
n42	n22	50.6	1.07e-72	278
n42	n26	51.1	1.4e-72	277
n42	n53	51.3	1.82e-72	277
n42	n8	50.9	3.11e-72	276
n42	n80	50.6	9.05e-72	275
n42	n13	50.7	9.05e-72	275
n42	n45	45.1	1.18e-71	274
n42	n14	45.1	1.18e-71	274
n42	n74	49.5	2.02e-71	273
n42	n31	50.4	2.63e-71	273
n42	n12	50.4	2.63e-71	273
n42	n10	51.1	2.63e-71	273
n42	n52	50.6	3.44e-71	273
n42	n29	50.2	5.87e-71	272
n42	n20	51.3	5.87e-71	272
n42	n25	45.8	7.66e-71	272
n42	n54	49.6	2.91e-70	270
n42	n69	51.0	4.97e-70	269
n42	n23	45.3	6.48e-70	268
n42	n2	49.1	8.47e-70	268
n42	n9	49.5	1.11e-69	268
n42	n16	50.0	1.11e-69	268
n42	n64	51.3	7.17e-69	265
n42	n78	49.4	3.56e-68	263
n42	n73	45.8	3.56e-68	263
n42	n6	48.7	6.07e-68	262
n42	n56	48.5	1.77e-67	260
n42	n57	48.1	5.14e-67	259
n42	n33	45.5	1.95e-66	257
n42	n34	46.0	4.5e-63	246
n42	n87	45.9	4.98e-62	242
n42	n5	46.7	1.11e-61	241
n42	n28	43.5	3.94e-59	233
n42	n58	42.4	5.69e-58	229
n42	n43	39.9	3.45e-55	220
n42	n83	40.8	1.66e-49	201
n42	n67	41.5	3.46e-47	193
n71	n71	100.0	9.15e-172	606
n71	n86	86.4	5.78e-142	507
n71	n59	80.9	1.29e-141	506
n71	n51	60.6	2.71e-107	392
n41	n41	100.0	2.39e-175	618
n41	n42	56.1	2.7e-94	349
n41	n18	52.6	7.64e-81	304
n41	n4	51.4	6.05e-78	295
n41	n51	51.4	1.54e-73	280
n41	n89	47.6	2.08e-70	270
n41	n77	47.0	6.06e-70	268
n41	n68	46.5	3.93e-69	265
n41	n1	49.6	3.33e-68	262
n41	n7	46.8	9.68e-68	261
n41	n66	44.1	1.65e-67	260
n41	n59	45.7	1.65e-67	260
n41	n36	47.8	2.16e-67	260
n41	n76	44.5	4.07e-66	255
n41	n19	44.0	5.31e-66	255
n41	n47	46.2	2.02e-65	253
n41	n21	46.2	2.02e-65	253
n41	n62	50.7	4.5e-65	252
n41	n61	42.4	1e-64	251
n41	n60	41.4	1.31e-64	250
n41	n15	45.5	4.97e-64	248
n41	n44	45.5	4.97e-64	248
n41	n46	45.5	4.97e-64	248
n41	n86	45.4	6.49e-64	248
n41	n70	45.4	1.89e-63	247
n41	n23	44.5	1.89e-63	247
n41	n11	48.7	4.21e-63	245
n41	n30	48.7	4.21e-63	245
n41	n26	48.3	2.09e-62	243
n41	n8	48.3	2.73e-62	243
n41	n27	44.2	4.65e-62	242
n41	n74	46.2	4.65e-62	242
n41	n22	44.2	4.65e-62	242
n41	n80	44.5	6.08e-62	242
n41	n20	43.5	7.94e-62	241
n41	n14	44.3	1.35e-61	240
n41	n45	44.3	1.35e-61	240
n41	n9	47.6	1.35e-61	240
n41	n25	43.9	3.94e-61	239
n41	n13	47.6	5.15e-61	238
n41	n29	43.9	6.72e-61	238
n41	n81	45.1	6.72e-61	238
n41	n10	48.0	8.78e-61	238
n41	n31	47.2	1.15e-60	237
n41	n12	47.2	1.15e-60	237
n41	n53	46.0	3.34e-60	236
n41	n6	46.9	9.7e-60	234
n41	n54	47.3	8.21e-59	231
n41	n2	46.9	1.07e-58	231
n41	n75	46.5	1.83e-58	230
n41	n73	44.4	3.12e-58	229
n41	n78	43.4	3.12e-58	229
n41	n33	43.9	5.32e-58	228
n41	n64	45.7	9.08e-58	228
n41	n87	46.5	2.64e-57	226
n41	n5	45.1	1.31e-56	224
n41	n55	44.5	3.82e-56	222
n41	n16	44.0	6.51e-56	221
n41	n57	43.8	7.2e-55	218
n41	n56	44.1	7.2e-55	218
n41	n34	43.0	2.73e-54	216
n41	n72	43.4	4.66e-54	215
n41	n24	43.8	4.66e-54	215
n41	n69	44.4	1.36e-53	214
n41	n58	40.8	2.83e-51	206
n41	n32	38.4	2.65e-49	200
n41	n88	42.1	5.9e-49	198
n41	n43	42.4	2.48e-47	193
n62	n62	100.0	2.37e-147	525
n62	n81	78.2	1.77e-118	429
n62	n53	74.8	7.97e-111	404
n62	n52	71.7	7.72e-106	387
n62	n6	69.0	3.04e-102	375
n62	n54	70.2	3.97e-102	375
n62	n2	69.3	2.84e-100	369
n62	n5	68.2	3.14e-99	365
n62	n16	69.0	1.72e-97	359
n62	n9	64.8	9.46e-96	354
n62	n24	65.5	2.75e-95	352
n62	n29	63.5	3.37e-93	345
n62	n46	63.5	9.79e-93	344
n62	n15	63.5	9.79e-93	344
n62	n44	63.5	9.79e-93	344
n62	n11	63.6	2.18e-92	342
n62	n30	63.6	2.18e-92	342
n62	n57	64.7	4.86e-92	341
n62	n56	64.7	8.29e-92	341
n62	n27	63.3	1.08e-91	340
n62	n22	63.3	1.08e-91	340
n62	n14	62.7	1.41e-91	340
n62	n45	62.7	1.41e-91	340
n62	n8	62.7	2.41e-91	339
n62	n26	62.8	2.41e-91	339
n62	n55	64.1	2.41e-91	339
n62	n12	62.8	3.15e-91	339
n62	n31	62.8	3.15e-91	339
n62	n13	62.5	4.11e-91	338
n62	n25	62.4	4.11e-91	338
n62	n23	63.3	1.01e-89	334
n62	n10	62.5	6.57e-89	331
n62	n28	59.1	1.02e-81	307
n62	n32	54.0	9.84e-77	290
n62	n42	52.6	2.05e-74	283
n62	n58	54.8	4.57e-74	282
n62	n47	52.1	2.87e-68	262
n62	n21	52.1	2.87e-68	262
n63	n63	100.0	1.3e-159	566
n63	n40	46.9	4.91e-66	255
n63	n18	31.4	1.65e-29	134
n63	n7	30.7	7.43e-22	108
n63	n76	30.4	1.07e-20	104
n63	n77	30.1	2.39e-20	103
n63	n82	32.1	4.07e-20	102
n63	n67	30.3	9.08e-20	101
n60	n60	100.0	7.68e-185	650
n60	n61	73.1	2.12e-134	482
n60	n66	68.0	7.82e-121	437
n60	n19	66.8	9.56e-119	430
n60	n68	66.8	6.2e-118	428
n60	n76	66.3	1.8e-117	426
n60	n77	66.5	4.91e-115	418
n60	n7	64.6	1.87e-114	416
n60	n36	62.6	1.53e-100	370
n60	n89	57.6	2.89e-99	366
n60	n51	61.8	2.37e-93	346
n60	n59	52.8	8.73e-88	327
n60	n71	57.7	9.65e-87	324
n60	n86	56.2	4.48e-84	315
n60	n42	52.1	3.01e-80	302
n60	n1	53.2	3.94e-72	275
n60	n4	45.6	1.65e-70	270
n60	n47	49.4	3.23e-66	256
n60	n21	49.4	3.23e-66	256
n60	n16	49.4	9.39e-66	254
n60	n11	47.8	1.96e-63	247
n60	n30	47.8	1.96e-63	247
n60	n46	47.8	1.96e-63	247
n60	n44	47.8	1.96e-63	247
n60	n15	47.8	1.96e-63	247
n60	n8	47.4	5.7e-63	245
n60	n22	48.5	9.72e-63	244
n60	n27	48.5	9.72e-63	244
n60	n26	47.0	2.16e-62	243
n60	n45	47.4	2.83e-62	243
n60	n12	47.4	2.83e-62	243
n60	n31	47.4	2.83e-62	243
n60	n14	47.4	2.83e-62	243
n60	n29	47.4	4.82e-62	242
n60	n13	47.0	6.3e-62	242
n60	n80	47.0	6.3e-62	242
n60	n25	47.0	8.22e-62	241
n60	n23	48.1	8.22e-62	241
n60	n10	47.0	1.4e-61	240
n60	n6	48.1	6.96e-61	238
n60	n5	41.9	3.13e-53	213
n43	n43	100.0	5.55e-183	644
n43	n51	45.4	5.03e-67	258
n43	n86	48.7	3.05e-64	249
n43	n59	47.4	1.16e-63	247
n43	n20	47.3	4.4e-63	245
n43	n71	48.0	5.75e-63	245
n43	n68	43.1	2.42e-61	240
n43	n66	45.6	1.57e-60	237
n43	n7	42.6	3.86e-59	232
n43	n19	42.6	2.5e-58	230
n43	n77	47.5	8.04e-57	225
n43	n76	45.3	3.06e-56	223
n43	n36	42.4	5.21e-56	222
n43	n61	46.5	8.89e-56	221
n43	n18	40.7	1.52e-55	220
n43	n60	40.7	1.52e-55	220
n43	n42	39.9	2.59e-55	220
n43	n21	40.3	1.28e-54	217
n43	n47	40.3	1.28e-54	217
n43	n4	43.7	2.86e-54	216
n43	n16	44.0	6.37e-54	215
n43	n1	44.2	1.09e-53	214
n43	n89	43.1	7.04e-53	211
n43	n80	41.5	1.02e-51	208
n43	n75	41.9	2.27e-51	206
n43	n25	38.8	2.96e-51	206
n43	n78	42.2	3.87e-51	206
n43	n15	38.2	6.59e-51	205
n43	n44	38.2	6.59e-51	205
n43	n46	38.2	6.59e-51	205
n43	n45	41.0	8.61e-51	205
n43	n81	41.6	8.61e-51	205
n43	n14	41.0	8.61e-51	205
n43	n13	44.5	1.12e-50	204
n43	n74	40.3	1.12e-50	204
n43	n6	45.0	1.12e-50	204
n43	n26	44.3	1.47e-50	204
n43	n29	40.5	1.92e-50	203
n43	n12	44.1	3.27e-50	203
n43	n31	44.1	3.27e-50	203
n43	n11	44.2	4.27e-50	202
n43	n30	44.2	4.27e-50	202
n43	n8	43.9	7.29e-50	201
n43	n23	38.6	7.29e-50	201
n43	n22	38.9	7.29e-50	201
n43	n27	38.9	7.29e-50	201
n43	n10	43.8	1.05e-48	198
n43	n87	42.0	1.37e-48	197
n43	n70	39.3	6.82e-48	195
n43	n5	40.8	1.16e-47	194
n43	n28	41.2	1.16e-47	194
n43	n54	41.2	1.52e-47	194
n43	n41	42.4	2.59e-47	193
n43	n33	43.4	3.39e-47	193
n43	n24	36.2	7.54e-47	191
n43	n62	40.7	1.29e-46	191
n43	n2	40.5	2.2e-46	190
n43	n73	36.9	3.74e-46	189
n43	n72	36.1	6.39e-46	188
n43	n64	39.9	1.09e-45	188
n43	n9	36.1	4.58e-44	182
n43	n34	42.1	7.81e-44	181
n43	n69	35.6	6.61e-43	178
n43	n56	37.3	8.63e-43	178
n43	n58	35.7	1.25e-41	174
n43	n32	37.6	1.06e-40	171
n43	n83	33.5	3.52e-28	129
n43	n67	32.7	8.67e-27	125
n43	n82	30.5	3.64e-25	119
n59	n59	100.0	2.85e-173	611
n59	n71	80.9	1.29e-141	506
n59	n86	85.3	7.34e-137	490
n59	n51	65.9	2.38e-103	379
n59	n20	58.8	8.77e-98	361
n59	n89	56.1	1.45e-92	343
n59	n77	56.0	4.22e-92	342
n59	n66	55.3	9.39e-92	341
n59	n36	55.7	1.6e-91	340
n59	n7	53.0	1.04e-90	337
n59	n68	54.1	1.36e-90	337
n59	n76	53.2	6.3e-88	328
n59	n60	52.8	8.23e-88	327
n59	n61	53.1	1.83e-87	326
n59	n19	52.2	5.9e-86	321
n59	n4	51.2	1.96e-81	306
n59	n42	51.4	5.71e-81	305
n59	n18	51.0	1.56e-78	297
n59	n75	52.3	1.36e-74	283
n59	n21	50.5	1.15e-73	280
n59	n47	50.5	1.15e-73	280
n59	n1	49.7	1.08e-71	274
n59	n70	47.3	1.12e-68	264
n59	n41	45.7	1.61e-67	260
n59	n44	46.5	3.59e-67	259
n59	n25	47.1	3.59e-67	259
n59	n29	46.2	3.59e-67	259
n59	n46	46.5	3.59e-67	259
n59	n15	46.5	3.59e-67	259
n59	n23	46.9	4.69e-67	258
n59	n22	46.4	6.13e-67	258
n59	n27	46.4	6.13e-67	258
n59	n14	46.7	8.01e-67	258
n59	n45	46.7	8.01e-67	258
n59	n62	50.4	1.05e-66	257
n59	n80	46.2	1.78e-66	257
n59	n81	46.3	6.78e-66	255
n59	n74	45.5	7.49e-65	251
n59	n26	49.1	9.79e-65	251
n59	n43	47.4	1.08e-63	247
n59	n16	47.3	1.85e-63	247
n59	n33	45.3	7.01e-63	245
n59	n6	44.4	2.49e-60	236
n59	n34	44.9	4.26e-60	235
n59	n78	42.2	4.26e-60	235
n59	n5	44.9	1.24e-59	234
n51	n51	100.0	8.1e-187	656
n51	n86	67.8	1.16e-108	397
n51	n71	60.6	2.85e-107	392
n51	n20	62.0	8.58e-104	381
n51	n59	65.9	2.5e-103	379
n51	n36	60.6	2.5e-103	379
n51	n89	61.8	4.4e-100	368
n51	n68	57.9	1.28e-99	367
n51	n77	58.7	1.57e-97	360
n51	n61	57.5	3.49e-97	359
n51	n76	57.3	5.95e-97	358
n51	n66	56.1	1.02e-96	357
n51	n7	56.6	2.95e-96	356
n51	n19	56.0	7.28e-95	351
n51	n60	61.8	2.34e-93	346
n51	n18	55.4	2.27e-80	303
n51	n42	54.7	3.88e-80	302
n51	n4	52.8	9.88e-76	287
n51	n41	51.4	1.58e-73	280
n51	n47	52.8	2.97e-72	276
n51	n21	52.8	2.97e-72	276
n51	n70	49.8	3.29e-71	272
n51	n1	53.0	3.29e-71	272
n51	n44	50.2	6.2e-70	268
n51	n46	50.2	6.2e-70	268
n51	n15	50.2	6.2e-70	268
n51	n14	47.9	1.06e-69	267
n51	n74	49.1	1.06e-69	267
n51	n45	47.9	1.06e-69	267
n51	n30	53.0	1.38e-69	267
n51	n11	53.0	1.38e-69	267
n51	n25	47.5	3.08e-69	266
n51	n29	49.5	5.25e-69	265
n51	n31	51.9	6.86e-69	265
n51	n26	52.6	6.86e-69	265
n51	n12	51.9	6.86e-69	265
n51	n22	50.5	8.96e-69	264
n51	n27	50.5	8.96e-69	264
n51	n10	52.6	2e-68	263
n51	n8	52.6	2e-68	263
n51	n6	52.3	2e-68	263
n51	n80	49.1	9.9e-68	261
n51	n75	53.6	1.69e-67	260
n51	n64	51.9	1.69e-67	260
n51	n13	51.9	2.21e-67	260
n51	n43	45.4	4.91e-67	258
n51	n23	49.1	4.16e-66	255
n51	n5	47.7	4.16e-66	255
n51	n78	46.7	7.1e-66	255
n51	n81	47.2	1.21e-65	254
n51	n73	46.0	1.02e-64	251
n51	n56	46.4	1.34e-64	250
n51	n24	48.7	1.75e-64	250
n51	n16	48.3	2.28e-64	250
n51	n2	47.6	2.98e-64	249
n51	n54	47.6	3.89e-64	249
n51	n62	48.5	5.09e-64	248
n51	n33	46.4	3.3e-63	246
n51	n9	46.0	2.14e-62	243
n51	n72	44.3	4.03e-61	239
n51	n34	46.8	4.03e-61	239
n51	n32	44.6	2.89e-59	233
n51	n69	46.7	1.03e-56	224
n76	n76	100.0	3.32e-177	624
n76	n77	79.9	5.19e-138	494
n76	n68	76.6	2.25e-133	479
n76	n7	76.8	5.02e-133	478
n76	n66	78.3	1.12e-132	476
n76	n19	73.9	7.51e-129	464
n76	n61	71.9	3.61e-123	445
n76	n60	66.3	1.73e-117	426
n76	n36	54.4	6.41e-96	354
n55	n55	100.0	1.04e-147	526
n55	n57	98.4	4.84e-145	517
n55	n56	97.7	4.09e-144	514
n55	n62	64.1	2.36e-91	339
n55	n81	62.9	2.88e-89	332
n55	n54	63.1	1.87e-88	329
n55	n53	62.3	1.58e-87	326
n55	n2	62.3	7.85e-87	324
n55	n52	62.7	1.02e-86	324
n55	n6	59.3	3.09e-83	312
n55	n5	59.1	4.03e-83	312
n55	n24	56.7	9.93e-82	307
n55	n64	56.3	3.19e-80	302
n55	n9	57.8	5.45e-80	301
n55	n73	54.9	5.1e-78	295
n55	n74	57.1	5.1e-78	295
n55	n16	56.1	3.3e-77	292
n55	n72	56.2	4.32e-77	292
n55	n78	55.8	1.64e-76	290
n55	n87	56.2	4.77e-76	288
n55	n58	56.8	1.39e-75	287
n55	n30	54.9	6.89e-75	284
n55	n11	54.9	6.89e-75	284
n55	n26	55.3	1.53e-74	283
n55	n46	55.0	2e-74	283
n55	n44	55.0	2e-74	283
n55	n15	55.0	2e-74	283
n55	n12	54.3	9.95e-74	280
n55	n31	54.3	9.95e-74	280
n55	n25	54.8	1.3e-73	280
n55	n23	54.8	1.7e-73	280
n55	n8	54.6	2.89e-73	279
n55	n13	54.2	2.89e-73	279
n55	n45	54.4	2.89e-73	279
n55	n14	54.4	2.89e-73	279
n55	n29	55.1	3.78e-73	278
n55	n80	54.2	8.42e-73	277
n55	n22	53.6	1.44e-72	277
n55	n27	53.6	1.44e-72	277
n55	n10	53.8	2.07e-71	273
n55	n28	53.3	1.34e-70	270
n55	n18	49.4	7.38e-69	264
n55	n42	47.8	2.01e-66	256
n55	n89	48.1	9.97e-66	254
n55	n51	46.4	1.1e-64	250
n55	n7	47.7	1.88e-64	250
n55	n32	46.7	5.47e-64	248
n55	n68	47.2	1.22e-63	247
n55	n86	46.2	1.59e-63	247
n55	n4	46.6	2.3e-62	243
n55	n66	46.4	3.92e-62	242
n55	n1	47.9	8.74e-62	241
n55	n59	45.5	1.14e-61	240
n55	n76	45.7	1.49e-61	240
n55	n61	45.3	5.66e-61	238
n55	n36	47.0	7.4e-61	238
n55	n60	45.0	4.06e-59	232
n55	n69	46.3	6.92e-59	231
n55	n83	48.3	1.31e-57	227
n55	n20	43.2	3.8e-57	225
n55	n70	46.1	7.16e-56	221
n55	n33	47.1	1.22e-55	220
n55	n34	43.3	1.18e-50	204
n77	n77	100.0	1.95e-177	625
n77	n7	85.9	3.13e-151	538
n77	n68	84.5	5e-149	531
n77	n66	82.9	7.98e-147	523
n77	n76	79.9	5.19e-138	494
n77	n19	73.9	1.51e-129	466
n77	n61	68.4	1.98e-121	439
n77	n60	66.5	4.72e-115	418
n79	n79	100.0	1.59e-165	585
n79	n50	85.4	2.03e-136	489
n82	n82	100.0	1.11e-211	739
n82	n67	60.8	6.65e-132	474
n50	n50	100.0	2.19e-156	555
n50	n79	85.4	1.93e-136	489
n50	n1	35.6	3.62e-34	149
n50	n41	36.8	4e-33	146
n50	n7	32.7	8.92e-33	144
n50	n77	32.7	1.99e-32	143
n50	n76	32.7	3.39e-32	143
n50	n16	33.6	2.87e-31	139
n50	n89	34.9	3.75e-31	139
n50	n47	32.5	6.39e-31	138
n50	n21	32.5	6.39e-31	138
n50	n31	34.3	1.09e-30	138
n50	n14	34.3	1.09e-30	138
n50	n12	34.3	1.09e-30	138
n50	n66	31.6	1.09e-30	138
n50	n45	34.3	1.09e-30	138
n50	n67	33.2	1.09e-30	138
n50	n13	33.9	1.86e-30	137
n50	n80	33.9	1.86e-30	137
n50	n59	32.1	1.86e-30	137
n50	n25	33.9	3.17e-30	136
n50	n68	31.8	4.14e-30	136
n50	n8	33.7	4.14e-30	136
n50	n30	33.7	5.41e-30	135
n50	n11	33.7	5.41e-30	135
n50	n19	32.9	5.41e-30	135
n50	n15	33.7	5.41e-30	135
n50	n44	33.7	5.41e-30	135
n50	n46	33.7	5.41e-30	135
n50	n34	34.8	9.23e-30	134
n50	n33	32.1	9.23e-30	134
n50	n61	31.7	9.23e-30	134
n50	n10	33.7	1.21e-29	134
n50	n23	34.0	1.57e-29	134
n50	n29	33.5	1.57e-29	134
n50	n26	33.3	1.57e-29	134
n50	n70	32.9	2.06e-29	133
n50	n22	33.6	3.51e-29	132
n50	n27	33.6	3.51e-29	132
n50	n42	32.4	5.98e-29	132
n50	n86	31.7	5.98e-29	132
n50	n9	32.6	2.97e-28	129
n50	n82	30.2	1.47e-27	127
n50	n75	32.9	1.47e-27	127
n50	n4	32.6	1.47e-27	127
n50	n69	32.3	1.92e-27	127
n50	n60	32.1	3.28e-27	126
n50	n74	32.1	5.6e-27	125
n50	n81	30.5	5.6e-27	125
n50	n54	32.1	6.19e-26	122
n50	n78	33.1	6.19e-26	122
n50	n2	31.7	4.01e-25	119
n80	n80	100.0	1.75e-170	602
n80	n46	97.7	6.88e-167	590
n80	n44	97.7	6.88e-167	590
n80	n15	97.7	6.88e-167	590
n80	n29	97.3	2.61e-166	588
n80	n25	95.0	2.29e-162	575
n80	n14	94.0	4.32e-161	571
n80	n45	94.0	4.32e-161	571
n80	n13	99.6	6.46e-149	530
n80	n26	98.1	7.9e-147	523
n80	n30	97.3	8.74e-146	520
n80	n11	97.3	8.74e-146	520
n80	n8	96.9	1.95e-145	519
n80	n10	96.2	4.49e-142	508
n80	n31	94.3	1.71e-141	506
n80	n12	94.3	1.71e-141	506
n80	n23	79.7	1.14e-137	493
n80	n27	79.4	1.07e-135	486
n80	n22	79.4	1.07e-135	486
n80	n74	75.8	6.09e-123	444
n64	n64	100.0	3.03e-147	525
n64	n81	73.5	4.28e-109	398
n64	n53	70.0	7.81e-103	377
n64	n62	69.6	1.33e-102	376
n64	n52	67.7	3.88e-102	375
n64	n6	68.4	3.28e-101	372
n64	n5	66.8	1.09e-96	357
n64	n9	67.7	2.69e-95	352
n64	n27	66.7	3.51e-95	352
n64	n22	66.7	3.51e-95	352
n64	n46	65.9	5.99e-95	351
n64	n11	65.9	5.99e-95	351
n64	n30	65.9	5.99e-95	351
n64	n15	65.9	5.99e-95	351
n64	n44	65.9	5.99e-95	351
n64	n16	65.9	1.74e-94	349
n64	n24	66.0	1.74e-94	349
n64	n29	65.5	5.07e-94	348
n64	n26	65.1	6.63e-94	347
n64	n8	65.1	1.48e-93	346
n64	n80	64.7	2.52e-93	346
n64	n13	64.7	2.52e-93	346
n64	n74	66.7	3.29e-93	345
n64	n72	63.9	7.33e-93	344
n64	n45	64.7	3.64e-92	342
n64	n14	64.7	3.64e-92	342
n64	n12	64.7	3.64e-92	342
n64	n31	64.7	3.64e-92	342
n64	n25	64.3	1.06e-91	340
n64	n10	64.7	1.06e-91	340
n64	n78	61.9	1.8e-91	339
n64	n2	62.2	1.17e-90	337
n64	n54	61.8	2e-90	336
n64	n23	63.6	2e-90	336
n64	n87	63.3	1.09e-88	330
n64	n73	57.3	5.26e-83	311
n64	n56	57.9	5.82e-82	308
n64	n57	57.1	2.89e-81	305
n64	n32	57.6	6.43e-81	304
n64	n55	56.3	3.19e-80	302
n64	n28	56.2	2.53e-77	292
n64	n33	60.9	4.77e-76	288
n64	n69	53.9	1.18e-74	283
n64	n34	59.7	1.3e-73	280
n64	n68	51.5	5.11e-70	268
n64	n18	53.0	1.94e-69	266
n64	n77	50.8	4.33e-69	265
n64	n42	51.3	4.33e-69	265
n64	n66	50.9	2.15e-68	263
n64	n51	51.9	1.39e-67	260
n64	n7	50.2	2.62e-66	256
n64	n76	49.3	9.97e-66	254
n64	n70	48.3	8.44e-65	251
n64	n36	49.4	8.44e-65	251
n64	n4	48.5	6.05e-63	245
n64	n83	50.2	5.12e-62	242
n64	n60	47.6	8.74e-62	241
n64	n89	47.5	1.14e-61	240
n64	n47	47.9	2.81e-60	236
n64	n21	47.9	2.81e-60	236
n64	n75	49.2	2.01e-58	230
n74	n74	100.0	6.95e-161	570
n74	n27	78.2	1.32e-127	460
n74	n22	78.2	1.32e-127	460
n74	n23	76.8	1.05e-124	450
n74	n44	76.8	1.79e-124	449
n74	n46	76.8	1.79e-124	449
n74	n15	76.8	1.79e-124	449
n74	n14	76.5	2.58e-123	445
n74	n45	76.5	2.58e-123	445
n74	n80	75.8	5.75e-123	444
n74	n25	75.8	2.18e-122	442
n74	n29	76.1	2.85e-122	442
n74	n30	79.7	3.86e-119	431
n74	n11	79.7	3.86e-119	431
n74	n12	79.7	1.47e-118	429
n74	n31	79.7	1.47e-118	429
n74	n26	78.9	4.26e-118	428
n74	n13	78.9	4.26e-118	428
n74	n8	78.6	1.62e-117	426
n74	n10	78.2	5.76e-115	418
n74	n16	74.7	2.42e-113	412
n74	n72	61.5	5.42e-97	358
n74	n24	59.9	5.99e-96	354
n74	n52	65.4	8.65e-95	351
n74	n53	65.6	1.93e-94	349
n74	n64	66.7	3.63e-93	345
n74	n6	58.5	1.43e-89	333
n74	n62	62.5	1.58e-88	330
n74	n2	60.8	6.64e-87	324
n74	n54	60.7	1.48e-86	323
n74	n9	57.2	2.36e-84	316
n74	n32	53.1	2.07e-80	303
n74	n73	54.5	2.29e-79	299
n74	n18	54.0	1.64e-77	293
n84	n84	100.0	5.56e-149	530
n84	n49	30.4	3.86e-25	119
n85	n85	100.0	1.51e-146	522
n85	n37	36.3	5.19e-30	135
n85	n49	35.5	3.48e-26	122
n72	n72	100.0	2.78e-179	631
n72	n53	70.9	1.12e-103	380
n72	n52	68.6	2.33e-101	372
n72	n24	62.2	3.04e-101	372
n72	n62	68.8	3.97e-101	372
n72	n16	67.9	5.73e-100	368
n72	n81	61.7	5.73e-100	368
n72	n29	60.1	4.11e-98	362
n72	n5	62.7	9.15e-98	361
n72	n74	61.5	5.93e-97	358
n72	n46	58.7	2.94e-96	356
n72	n44	58.7	2.94e-96	356
n72	n15	58.7	2.94e-96	356
n72	n23	59.5	3.85e-96	355
n72	n14	58.9	5.02e-96	355
n72	n45	58.9	5.02e-96	355
n72	n78	60.4	5.02e-96	355
n72	n6	61.5	8.57e-96	354
n72	n25	58.6	1.91e-95	353
n72	n80	58.4	1.91e-95	353
n72	n27	58.6	2.49e-95	352
n72	n22	58.6	2.49e-95	352
n72	n54	65.3	2.33e-93	346
n72	n2	64.9	3.05e-93	346
n72	n64	63.9	8.87e-93	344
n72	n12	61.5	4.87e-91	338
n72	n31	61.5	4.87e-91	338
n72	n30	61.1	6.35e-91	338
n72	n11	61.1	6.35e-91	338
n72	n8	60.8	1.85e-90	336
n72	n26	60.7	2.41e-90	336
n72	n13	60.7	3.15e-90	335
n72	n87	59.4	7.03e-90	334
n72	n10	59.9	2.5e-87	326
n72	n9	54.8	4.26e-87	325
n72	n28	57.2	8.04e-86	321
n72	n73	56.2	3.38e-84	315
n72	n32	54.5	3.73e-83	312
n72	n33	54.5	1.37e-77	294
n72	n57	56.8	1.79e-77	293
n72	n34	51.9	7.8e-73	278
n72	n83	50.2	7.56e-68	261
n86	n86	100.0	4.33e-160	567
n86	n71	86.4	5.32e-142	507
n86	n59	85.3	6.72e-137	490
n86	n51	67.8	1.01e-108	397
n90	n90	100.0	8.26e-153	543
n92	n92	100.0	1.67e-210	735
n92	n95	60.6	3.05e-87	326
n92	n94	59.9	2.58e-86	323
n92	n91	43.3	2.34e-71	273
n92	n93	34.4	2.98e-42	176
n95	n95	100.0	1.68e-148	529
n95	n94	98.1	2.68e-146	522
n93	n93	100.0	8.36e-218	760
n93	n91	33.5	1.36e-42	178
n93	n92	34.4	3.02e-42	176
n93	n95	37.1	6.11e-35	152
n93	n94	36.7	2.32e-34	150
n94	n94	100.0	1.29e-148	529
n94	n95	98.1	2.68e-146	522
n94	n92	59.9	1.83e-86	323
n94	n91	49.1	2.84e-63	246
n94	n93	36.7	1.63e-34	150
n91	n91	100.0	6.86e-220	767
n91	n92	43.3	2.38e-71	273
n91	n95	49.8	6.28e-64	248
n91	n94	49.1	4.07e-63	246
n91	n93	33.5	1.36e-42	178
n96	n96	100.0	1.49e-163	579
n97	n97	100.0	3.24e-152	541
n69	n69	100.0	1.57e-157	559
n69	n80	57.2	2.74e-85	319
n69	n15	56.8	3.58e-85	319
n69	n46	56.8	3.58e-85	319
n69	n44	56.8	3.58e-85	319
n69	n29	56.8	1.04e-84	317
n69	n11	60.8	3.03e-84	315
n69	n30	60.8	3.03e-84	315
n69	n13	61.2	3.96e-84	315
n69	n26	60.4	8.81e-84	314
n69	n25	57.6	1.5e-83	313
n69	n14	57.6	3.35e-83	312
n69	n45	57.6	3.35e-83	312
n69	n74	55.0	4.37e-83	312
n69	n8	58.5	5.71e-83	311
n69	n88	56.6	5.71e-83	311
n69	n31	61.2	1.66e-82	310
n69	n12	61.2	1.66e-82	310
n69	n10	60.4	2.17e-82	309
n69	n81	56.2	4.09e-81	305
n69	n27	55.4	9.12e-81	304
n69	n22	55.4	9.12e-81	304
n69	n23	54.8	5.01e-79	298
n69	n62	56.0	4.68e-77	292
n69	n16	53.9	3.97e-76	289
n69	n64	53.9	1.28e-74	283
n69	n53	53.2	2.84e-74	282
n69	n52	55.1	8.27e-74	281
n69	n70	47.8	5.93e-72	275
n69	n24	50.4	7.74e-72	274
n69	n9	51.1	1.32e-71	273
n69	n78	49.5	3.84e-71	272
n69	n33	51.2	5.02e-71	272
n69	n5	50.5	1.46e-70	270
n69	n42	51.0	3.25e-70	269
n69	n34	51.9	4.25e-70	268
n69	n6	50.0	2.11e-69	266
n69	n4	48.3	6.13e-69	265
n69	n54	51.2	1.97e-67	260
n69	n18	45.9	3.37e-67	259
n69	n87	51.6	5.74e-67	258
n69	n2	50.8	9.79e-67	257
n69	n72	47.6	2.18e-66	256
n69	n1	48.4	2.67e-64	249
n69	n47	47.4	5.03e-63	245
n69	n21	47.4	5.03e-63	245
n69	n32	45.1	2.5e-62	243
n69	n75	45.8	2.11e-61	240
n69	n86	46.4	2.34e-60	236
n69	n56	46.3	8.88e-60	234
n69	n28	48.6	8.88e-60	234
n69	n57	46.3	3.37e-59	232
n69	n55	46.3	7.51e-59	231
n69	n73	45.8	9.81e-59	231
n69	n7	46.5	2.19e-58	230
n69	n68	48.1	2.19e-58	230
n69	n77	46.5	1.85e-57	226
n69	n89	46.4	5.39e-57	225
n69	n51	46.7	9.19e-57	224
n69	n66	46.5	1.2e-56	224
n69	n19	40.8	5.95e-56	221
n69	n61	41.4	5.95e-56	221
n69	n41	44.4	1.24e-53	214
n69	n58	43.8	8.05e-53	211
n69	n83	40.2	2.12e-45	186
n98	n98	100.0	3.47e-157	558
n75	n75	100.0	4.89e-159	564
n75	n1	61.5	3.45e-96	355
n75	n21	61.8	1.6e-93	346
n75	n47	61.8	1.6e-93	346
n75	n4	57.3	1.96e-83	313
n75	n18	55.7	3.47e-80	302
n75	n42	54.6	5.73e-75	285
n75	n59	52.3	1.28e-74	283
n75	n71	49.5	4.1e-73	278
n75	n86	54.9	1.32e-71	273
n75	n20	51.1	2.49e-70	269
n75	n89	55.0	1.78e-68	263
n75	n51	53.6	1.51e-67	260
n75	n7	48.9	1.28e-66	257
n75	n68	51.9	6.35e-66	255
n75	n15	49.3	2.41e-65	253
n75	n44	49.3	2.41e-65	253
n75	n46	49.3	2.41e-65	253
n75	n76	49.6	9.16e-65	251
n75	n80	48.9	9.16e-65	251
n75	n66	50.2	1.56e-64	250
n75	n29	48.9	1.56e-64	250
n75	n62	50.4	2.04e-64	250
n75	n77	49.8	2.04e-64	250
n75	n81	49.4	5.94e-64	248
n75	n74	47.9	2.95e-63	246
n75	n36	49.8	2.95e-63	246
n75	n27	48.4	3.85e-63	245
n75	n22	48.4	3.85e-63	245
n75	n25	48.2	1.91e-62	243
n75	n14	47.8	4.26e-62	242
n75	n45	47.8	4.26e-62	242
n75	n23	46.9	1.24e-61	240
n75	n87	44.7	6.15e-61	238
n75	n5	47.2	3.98e-60	235
n75	n19	43.7	8.88e-60	234
n75	n9	48.4	1.16e-59	234
n75	n6	45.4	3.37e-59	232
n75	n41	46.5	1.67e-58	230
n75	n64	49.2	2.19e-58	230
n75	n83	38.1	9.23e-41	171
n81	n81	100.0	5.23e-178	627
n81	n62	78.2	2.09e-118	429
n81	n53	74.0	2.64e-113	412
n81	n52	73.6	3.23e-111	405
n81	n64	73.5	5.16e-109	398
n81	n6	66.7	6.3e-107	391
n81	n9	62.2	1.36e-101	373
n81	n27	62.4	8.82e-101	371
n81	n22	62.4	8.82e-101	371
n81	n87	65.3	8.82e-101	371
n81	n5	63.4	3.35e-100	369
n81	n72	61.7	5.72e-100	368
n81	n24	61.8	5.72e-100	368
n81	n54	68.2	2.17e-99	366
n81	n15	60.4	5.35e-98	361
n81	n46	60.4	5.35e-98	361
n81	n44	60.4	5.35e-98	361
n81	n29	59.5	6.99e-98	361
n81	n2	67.7	6.99e-98	361
n81	n16	67.4	1.56e-97	360
n81	n80	60.1	4.53e-97	358
n81	n74	61.8	4.53e-97	358
n81	n78	60.2	5.91e-97	358
n81	n25	60.0	8.54e-96	354
n81	n14	58.8	1.9e-95	353
n81	n45	58.8	1.9e-95	353
n81	n26	64.4	3.25e-95	352
n81	n30	64.0	4.24e-95	352
n81	n11	64.0	4.24e-95	352
n81	n23	59.9	7.23e-95	351
n81	n13	63.6	3.59e-94	349
n81	n8	63.5	3.59e-94	349
n81	n31	62.8	1.51e-92	343
n81	n12	62.8	1.51e-92	343
n81	n10	62.8	1.28e-91	340
n81	n73	56.9	2.18e-91	339
n81	n56	64.3	1.84e-90	336
n81	n57	64.0	7e-90	334
n81	n55	62.9	3.48e-89	332
n81	n28	56.3	6.78e-85	318
n81	n69	56.2	4.55e-81	305
n81	n42	52.3	3.05e-77	292
n81	n83	50.9	3.99e-69	265
n58	n58	100.0	1.09e-172	609
n58	n5	60.3	8.26e-88	327
n58	n6	59.0	9.13e-87	324
n58	n81	51.7	5.93e-78	295
n58	n56	58.3	7.75e-78	294
n58	n57	57.9	5.02e-77	292
n58	n73	53.7	1.12e-76	290
n58	n44	51.5	1.46e-76	290
n58	n46	51.5	1.46e-76	290
n58	n15	51.5	1.46e-76	290
n58	n29	51.5	4.25e-76	289
n58	n27	50.3	7.25e-76	288
n58	n14	52.5	7.25e-76	288
n58	n45	52.5	7.25e-76	288
n58	n22	50.3	7.25e-76	288
n58	n25	52.5	9.47e-76	287
n58	n55	56.8	1.62e-75	287
n58	n80	51.2	1.62e-75	287
n58	n53	56.0	8.02e-75	284
n58	n87	53.3	1.05e-74	284
n58	n23	50.3	1.79e-74	283
n58	n62	54.8	5.2e-74	282
n58	n16	53.6	1.16e-73	280
n58	n74	51.7	2.58e-73	279
n58	n30	54.0	3.37e-73	279
n58	n11	54.0	3.37e-73	279
n58	n52	55.4	7.5e-73	278
n58	n26	54.0	7.5e-73	278
n58	n8	54.0	1.28e-72	277
n58	n13	53.6	3.72e-72	275
n58	n12	53.6	4.86e-72	275
n58	n31	53.6	4.86e-72	275
n58	n72	50.3	6.35e-72	275
n58	n24	49.0	8.29e-72	274
n58	n10	53.6	1.85e-71	273
n58	n9	49.3	1.2e-70	270
n58	n54	53.3	6.57e-69	265
n58	n2	52.7	9.49e-68	261
n58	n64	51.2	4.71e-67	258
n58	n83	50.0	1.16e-65	254
n58	n78	46.6	1.28e-64	250
n58	n33	49.6	1.09e-63	247
n58	n28	47.8	4.13e-63	245
n58	n34	48.5	3.86e-61	239
n58	n18	43.8	1.12e-60	237
n58	n32	43.9	1.47e-60	237
n58	n21	43.1	1.92e-60	236
n58	n47	43.1	1.92e-60	236
n58	n75	45.7	5.58e-60	235
n58	n1	42.9	7.28e-60	235
n58	n42	42.4	4e-58	229
n58	n4	40.8	6.82e-58	228
n58	n68	41.9	8.9e-58	228
n58	n70	44.7	1.16e-57	227
n58	n66	42.8	9.84e-57	224
n58	n89	40.6	1.86e-55	220
n58	n7	41.8	7.05e-55	218
n58	n51	40.9	1.57e-54	217
n58	n77	39.8	4.57e-54	215
n58	n36	41.9	8.62e-53	211
n58	n69	43.8	8.62e-53	211
n58	n76	39.2	1.25e-51	207
n58	n41	40.8	2.77e-51	206
n58	n59	39.0	2.77e-51	206
n58	n60	37.7	7.55e-49	198
n58	n67	34.6	1.21e-30	138
n58	n82	33.1	4.31e-28	129
n100	n100	100.0	5.99e-185	650
n100	n107	32.5	8.48e-22	108
n67	n67	100.0	1.51e-208	729
n67	n82	60.8	6.69e-132	474
n67	n42	41.5	2.97e-47	193
n67	n60	40.2	6.2e-45	185
n67	n61	38.6	6.42e-42	175
n67	n71	35.6	8.38e-42	175
n67	n19	38.0	3.19e-41	173
n67	n47	38.7	4.16e-41	173
n67	n21	38.7	4.16e-41	173
n67	n89	39.8	5.43e-41	172
n67	n1	38.8	5.43e-41	172
n67	n70	36.6	9.27e-41	171
n67	n36	40.2	9.27e-41	171
n67	n7	39.0	1.21e-40	171
n67	n68	39.3	1.21e-40	171
n67	n86	37.5	6.01e-40	169
n67	n66	39.3	6.01e-40	169
n67	n77	37.3	6.64e-39	165
n67	n4	36.6	2.52e-38	163
n67	n76	35.7	3.3e-38	163
n67	n59	34.0	1.25e-37	161
n67	n18	34.1	2.79e-37	160
n67	n20	33.3	1.81e-36	157
n67	n33	36.0	2.36e-36	157
n67	n34	37.2	1.17e-35	154
n67	n41	33.2	3.77e-34	149
n67	n75	37.6	2.44e-33	147
n67	n32	33.7	9.29e-33	145
n67	n79	33.9	2.29e-31	140
n67	n50	33.2	1.48e-30	138
n67	n58	34.1	1.48e-30	138
n67	n22	36.9	2.14e-29	134
n67	n27	36.9	2.14e-29	134
n67	n53	33.6	8.14e-29	132
n67	n57	35.7	1.06e-28	131
n67	n69	35.1	1.81e-28	131
n67	n52	34.3	1.81e-28	131
n67	n56	35.7	3.09e-28	130
n67	n62	32.4	6.89e-28	129
n67	n74	35.0	1.18e-27	128
n67	n55	35.3	1.18e-27	128
n67	n25	35.7	1.53e-27	127
n67	n87	34.9	1.53e-27	127
n67	n81	32.0	2e-27	127
n67	n45	35.7	2e-27	127
n67	n14	35.7	2e-27	127
n67	n12	35.7	2e-27	127
n67	n31	35.7	2e-27	127
n67	n23	35.6	3.42e-27	126
n67	n6	34.2	4.47e-27	126
n67	n43	32.7	9.95e-27	125
n67	n29	35.2	1.3e-26	124
n67	n5	32.3	9.31e-25	118
n67	n28	33.6	3.31e-22	110
n67	n63	30.3	1.18e-19	101
n105	n105	100.0	1e-170	603
n70	n70	100.0	4.62e-168	594
n70	n42	54.5	2.13e-80	303
n70	n27	51.1	2.69e-75	286
n70	n22	51.1	2.69e-75	286
n70	n18	49.2	2.28e-74	283
n70	n1	51.0	3.89e-74	282
n70	n68	52.0	5.07e-74	282
n70	n7	50.9	6.63e-74	281
n70	n4	50.7	1.93e-73	280
n70	n66	49.8	5.61e-73	278
n70	n29	48.6	7.33e-73	278
n70	n77	47.5	9.57e-73	277
n70	n23	49.5	1.63e-72	277
n70	n80	48.3	3.64e-72	275
n70	n6	53.9	3.64e-72	275
n70	n69	47.8	6.2e-72	275
n70	n21	52.3	6.2e-72	275
n70	n47	52.3	6.2e-72	275
n70	n44	47.9	1.06e-71	274
n70	n15	47.9	1.06e-71	274
n70	n46	47.9	1.06e-71	274
n70	n89	47.2	3.08e-71	272
n70	n74	49.0	3.08e-71	272
n70	n51	49.8	3.08e-71	272
n70	n45	47.6	6.86e-71	271
n70	n14	47.6	6.86e-71	271
n70	n25	47.6	8.96e-71	271
n70	n60	50.4	1.53e-70	270
n70	n53	53.3	2e-70	270
n70	n26	49.8	2.61e-70	269
n70	n76	49.6	2.61e-70	269
n70	n13	49.8	3.4e-70	269
n70	n61	46.3	3.4e-70	269
n70	n62	49.6	5.81e-70	268
n70	n36	50.7	9.9e-70	267
n70	n9	47.6	9.9e-70	267
n70	n8	49.1	2.21e-69	266
n70	n33	51.3	2.21e-69	266
n70	n30	49.1	2.88e-69	266
n70	n11	49.1	2.88e-69	266
n70	n52	51.1	4.91e-69	265
n70	n71	47.9	4.91e-69	265
n70	n19	44.7	1.09e-68	264
n70	n59	47.3	1.09e-68	264
n70	n12	48.7	1.87e-68	263
n70	n31	48.7	1.87e-68	263
n70	n81	47.8	2.44e-68	263
n70	n75	47.3	7.1e-68	261
n70	n86	47.5	2.06e-67	260
n70	n78	46.7	2.7e-67	259
n70	n16	49.4	4.6e-67	258
n70	n10	48.0	4.6e-67	258
n70	n5	50.2	1.34e-66	257
n70	n54	49.1	1.34e-66	257
n70	n32	45.3	2.28e-66	256
n70	n2	48.3	2.52e-65	253
n70	n88	46.2	3.3e-65	252
n70	n34	50.5	3.3e-65	252
n70	n64	48.3	9.59e-65	251
n70	n24	45.8	4.76e-64	248
n70	n41	45.4	1.81e-63	247
n70	n20	47.0	5.82e-62	242
n70	n72	43.5	4.17e-60	235
n70	n73	43.3	9.29e-60	234
n70	n87	43.0	6.66e-58	228
n70	n58	44.0	1.14e-57	227
n70	n56	46.8	9.61e-57	224
n70	n28	41.8	2.14e-56	223
n70	n55	46.1	8.14e-56	221
n70	n57	45.7	8.14e-56	221
n70	n43	39.3	6.25e-48	195
n70	n83	41.4	2.01e-46	190
n70	n67	36.6	7.4e-41	171
n107	n107	100.0	2.94e-184	648
n107	n106	58.1	2.54e-103	379
n73	n73	100.0	5.45e-172	607
n73	n53	62.2	9.52e-92	341
n73	n6	57.6	2.12e-91	339
n73	n81	57.3	2.12e-91	339
n73	n62	60.7	1.29e-88	330
n73	n52	60.1	2.87e-88	329
n73	n5	58.1	1.2e-86	324
n73	n2	60.1	5.06e-85	318
n73	n72	56.2	3.28e-84	315
n73	n9	55.2	3.28e-84	315
n73	n24	54.5	1.63e-83	313
n73	n54	59.1	2.78e-83	312
n73	n64	57.3	6.18e-83	311
n73	n78	54.1	2.35e-82	309
n73	n87	52.7	1.99e-81	306
n73	n16	56.9	6.4e-80	301
n73	n56	56.0	2.43e-79	299
n73	n74	54.5	3.18e-79	299
n73	n22	50.7	1.21e-78	297
n73	n27	50.7	1.21e-78	297
n73	n57	55.3	1.21e-78	297
n73	n55	54.9	5.99e-78	295
n73	n44	51.0	1.02e-77	294
n73	n15	51.0	1.02e-77	294
n73	n46	51.0	1.02e-77	294
n73	n29	50.7	1.74e-77	293
n73	n45	50.7	2.28e-77	293
n73	n14	50.7	2.28e-77	293
n73	n25	50.3	6.62e-77	291
n73	n23	51.0	6.62e-77	291
n73	n58	53.7	1.13e-76	290
n73	n80	50.3	1.13e-76	290
n73	n30	53.4	1.06e-74	284
n73	n11	53.4	1.06e-74	284
n73	n12	53.1	1.38e-74	283
n73	n31	53.1	1.38e-74	283
n73	n8	53.2	4.02e-74	282
n73	n26	53.1	5.25e-74	282
n73	n13	52.7	1.17e-73	280
n73	n10	52.7	2.88e-72	276
n73	n28	47.5	7.84e-70	268
n73	n32	50.9	7.84e-70	268
n73	n18	49.3	2.52e-68	263
n73	n42	45.8	2.52e-68	263
n73	n83	53.8	4.3e-68	262
n73	n33	49.4	1.17e-65	254
n73	n51	46.0	9.92e-65	251
n73	n68	45.2	4.17e-63	245
n73	n66	46.6	2.7e-62	243
n73	n77	44.8	4.61e-62	242
n73	n86	46.5	4.31e-60	235
n73	n70	43.3	9.61e-60	234
n73	n76	45.5	2.8e-59	233
n73	n7	44.3	4.77e-59	232
n73	n69	45.8	6.23e-59	231
n73	n47	43.5	8.13e-59	231
n73	n21	43.5	8.13e-59	231
n73	n75	45.0	1.06e-58	231
n73	n41	44.4	3.09e-58	229
n73	n59	42.1	1.7e-56	223
n73	n36	44.9	8.42e-56	221
n73	n60	45.0	9.31e-55	218
n73	n89	43.2	8.71e-53	211
n106	n106	100.0	3.79e-184	648
n106	n107	58.1	2.51e-103	379
n87	n87	100.0	7.73e-160	567
n87	n81	65.3	8.13e-101	371
n87	n62	69.6	1.3e-98	363
n87	n28	67.2	1.1e-97	360
n87	n6	61.1	1.22e-96	357
n87	n5	61.1	1.94e-94	349
n87	n72	59.4	6.46e-90	334
n87	n53	62.7	8.44e-90	334
n87	n16	63.8	1.44e-89	333
n87	n64	63.3	1.22e-88	330
n87	n9	56.6	7.9e-88	327
n87	n52	62.0	1.03e-87	327
n87	n24	56.0	1.76e-87	326
n87	n54	63.3	3e-87	325
n87	n2	63.1	1.49e-86	323
n87	n22	57.4	4.33e-86	322
n87	n27	57.4	4.33e-86	322
n87	n74	57.7	1.65e-85	320
n87	n44	56.5	1.39e-84	317
n87	n46	56.5	1.39e-84	317
n87	n15	56.5	1.39e-84	317
n87	n23	55.8	5.3e-84	315
n87	n80	56.1	2.01e-83	313
n87	n45	56.1	2.63e-83	312
n87	n14	56.1	2.63e-83	312
n87	n29	55.8	4.48e-83	312
n87	n25	55.8	7.65e-83	311
n87	n11	59.5	2.23e-82	309
n87	n30	59.5	2.23e-82	309
n87	n26	59.1	1.1e-81	307
n87	n8	59.1	1.44e-81	307
n87	n73	52.7	1.88e-81	306
n87	n13	59.1	3.21e-81	305
n87	n12	59.1	3.21e-81	305
n87	n31	59.1	3.21e-81	305
n87	n78	54.8	4.64e-80	302
n87	n10	58.6	3.01e-79	299
n87	n56	56.6	2.16e-77	293
n87	n55	56.2	5.31e-76	288
n87	n57	55.9	6.93e-76	288
n87	n32	51.6	1e-74	284
n87	n58	52.5	3.81e-74	282
n87	n33	51.4	9.37e-73	277
n87	n34	50.0	9.7e-70	267
n87	n42	45.9	3.34e-62	242
n87	n75	44.7	6.3e-61	238
n87	n83	48.0	6.3e-61	238
n87	n41	46.5	2.48e-57	226
n101	n101	100.0	6.68e-311	1069
n101	n111	34.9	1.31e-64	251
n101	n99	33.2	3.02e-61	240
n101	n108	35.3	1.12e-23	115
n101	n102	32.6	3.05e-21	107
n78	n78	100.0	4.63e-168	594
n78	n81	60.2	5.59e-97	358
n78	n2	66.2	6.18e-96	354
n78	n52	64.2	1.05e-95	354
n78	n72	60.1	2.35e-95	352
n78	n53	64.2	4.01e-95	352
n78	n54	65.7	1.99e-94	349
n78	n62	64.6	5.78e-94	348
n78	n24	58.5	2.06e-91	339
n78	n64	61.9	2.06e-91	339
n78	n29	58.0	4.58e-91	338
n78	n16	63.6	1.02e-90	337
n78	n6	58.8	6.62e-90	334
n78	n15	56.7	3.28e-89	332
n78	n46	56.7	3.28e-89	332
n78	n44	56.7	3.28e-89	332
n78	n80	56.7	7.32e-89	331
n78	n25	56.7	2.78e-88	329
n78	n23	55.6	4.74e-88	328
n78	n14	56.6	8.09e-88	327
n78	n45	56.6	8.09e-88	327
n78	n27	55.4	1.06e-87	327
n78	n22	55.4	1.06e-87	327
n78	n26	60.6	3.07e-87	325
n78	n11	60.2	5.24e-87	325
n78	n30	60.2	5.24e-87	325
n78	n13	60.2	1.17e-86	324
n78	n8	60.0	1.99e-86	323
n78	n31	59.8	4.44e-86	322
n78	n12	59.8	4.44e-86	322
n78	n5	57.5	9.89e-86	320
n78	n9	57.0	2.88e-85	319
n78	n74	57.2	2.88e-85	319
n78	n10	59.8	3.76e-85	319
n78	n73	54.1	2.28e-82	309
n78	n87	54.8	4.75e-80	302
n78	n57	56.2	2.88e-77	292
n78	n56	56.2	8.39e-77	291
n78	n55	55.8	1.87e-76	290
n78	n28	50.9	1.21e-75	287
n78	n68	48.5	4.77e-72	275
n78	n66	48.7	1.39e-71	273
n78	n33	50.7	1.81e-71	273
n78	n69	49.5	4.03e-71	272
n78	n18	48.3	8.99e-71	271
n78	n7	48.2	1.3e-69	267
n78	n34	49.7	6.44e-69	265
n78	n42	49.4	2.45e-68	263
n78	n32	48.1	1.21e-67	260
n78	n70	46.7	2.71e-67	259
n78	n76	48.0	2.71e-67	259
n78	n51	46.7	6.67e-66	255
n78	n77	45.2	1.48e-65	253
n78	n61	45.3	3.31e-65	252
n78	n58	46.6	1.26e-64	250
n78	n21	46.9	2.8e-64	249
n78	n47	46.9	2.8e-64	249
n78	n60	47.4	8.15e-64	248
n78	n4	46.6	1.82e-63	247
n78	n86	47.2	9.96e-62	241
n78	n1	44.9	1.3e-61	240
n78	n89	42.5	2.22e-61	240
n78	n36	45.7	6.46e-61	238
n78	n83	46.9	1.1e-60	237
n78	n59	42.2	4.18e-60	235
n78	n71	41.8	1.59e-59	233
n78	n41	43.4	3e-58	229
n112	n112	100.0	2.03e-241	838
n116	n116	100.0	3.55e-254	881
n116	n115	95.2	1.54e-241	839
n99	n99	100.0	3.35e-288	994
n99	n111	41.8	1.94e-102	377
n99	n103	36.5	6.09e-72	275
n99	n109	35.5	2.65e-67	260
n99	n101	33.2	2.84e-61	240
n99	n102	35.5	5e-58	229
n99	n108	31.7	3.47e-51	206
n99	n110	31.5	7.74e-51	205
n99	n104	34.8	2.42e-36	157
n114	n114	100.0	1.06e-239	832
n114	n117	50.8	3.42e-105	386
n114	n115	48.1	8.15e-99	364
n114	n116	48.1	2.01e-97	360
n114	n113	46.6	9.97e-97	357
n114	n118	43.0	5.31e-82	309
n115	n115	100.0	3.64e-262	907
n115	n116	95.2	1.59e-241	839
n115	n117	49.1	4.5e-103	379
n115	n113	50.4	1.11e-101	374
n115	n114	48.1	8.79e-99	364
n115	n118	43.1	3.45e-95	352
n121	n121	100.0	4.66e-117	424
n121	n119	95.3	4.51e-112	408
n103	n103	100.0	0	1258
n103	n109	36.9	3.43e-72	277
n103	n99	36.5	7.63e-72	275
n103	n102	37.2	1.22e-69	268
n103	n111	35.4	5.66e-67	259
n103	n110	31.4	1.77e-52	211
n103	n108	31.8	8.52e-39	166
n102	n102	100.0	0	1107
n102	n103	37.2	1.09e-69	268
n102	n99	35.5	5.61e-58	229
n102	n109	34.5	7.33e-58	229
n102	n110	34.7	1.22e-36	158
n102	n101	32.6	3.21e-21	107
n104	n104	100.0	0	1104
n104	n99	34.8	2.71e-36	157
n104	n109	32.2	3.32e-34	150
n104	n111	32.7	6.26e-33	146
n104	n110	36.6	2.16e-25	121
n104	n108	32.0	5.49e-21	106
n111	n111	100.0	1.56e-293	1012
n111	n99	41.8	1.95e-102	377
n111	n109	35.7	2.48e-73	280
n111	n103	35.3	4.53e-67	259
n111	n101	34.9	1.23e-64	251
n111	n110	32.8	3.26e-57	226
n111	n108	31.9	3.73e-53	213
n111	n102	35.8	5.96e-43	179
n111	n104	32.7	5.59e-33	146
n119	n119	100.0	2.73e-117	425
n119	n121	95.3	4.51e-112	408
n119	n120	46.9	1.03e-39	167
n110	n110	100.0	5.17e-308	1060
n110	n109	34.9	5.19e-66	256
n110	n111	32.8	3.37e-57	226
n110	n103	31.4	1.47e-52	211
n110	n99	31.5	8.04e-51	205
n110	n102	34.7	1.13e-36	158
n110	n108	38.3	1.29e-32	145
n110	n104	36.3	1.99e-25	121
n108	n108	100.0	1.53e-274	948
n108	n111	31.9	3.51e-53	213
n108	n99	31.7	3.28e-51	206
n108	n109	32.6	2.43e-46	190
n108	n103	31.8	6.42e-39	166
n108	n110	38.3	1.17e-32	145
n108	n101	35.3	9.95e-24	115
n108	n104	32.0	4.62e-21	106
n120	n120	100.0	9.11e-107	390
n120	n121	46.2	8.68e-41	171
n120	n119	46.9	9.6e-40	167
n122	n122	100.0	2.16e-201	705
n113	n113	100.0	2.91e-270	934
n113	n117	55.5	8.56e-121	438
n113	n118	49.4	7.28e-104	381
n113	n115	50.4	1.16e-101	374
n113	n116	49.6	1.52e-101	374
n113	n114	46.6	1.13e-96	357
n89	n89	100.0	2.94e-181	638
n89	n61	62.8	8.74e-109	397
n89	n77	63.2	4.8e-107	391
n89	n7	61.1	7.66e-105	384
n89	n19	61.2	1.31e-104	383
n89	n68	60.7	8.47e-104	381
n89	n66	61.1	8.47e-104	381
n89	n76	59.2	2.72e-102	376
n89	n51	61.8	4.35e-100	368
n89	n60	57.6	2.82e-99	366
n89	n36	56.0	4.5e-97	358
n89	n71	55.9	4.21e-95	352
n89	n86	59.1	1.04e-93	347
n89	n59	56.1	1.5e-92	343
n89	n20	51.2	4.83e-83	312
n89	n42	52.9	6.31e-83	311
n89	n18	48.6	4.68e-78	295
n89	n4	49.3	1.84e-74	283
n89	n1	53.2	1.46e-71	273
n89	n70	47.2	3.25e-71	272
n89	n41	47.6	2.1e-70	270
n89	n74	47.2	8e-70	268
n89	n75	55.0	1.97e-68	263
n89	n44	46.4	5.73e-68	262
n89	n46	46.4	5.73e-68	262
n89	n15	46.4	5.73e-68	262
n89	n14	45.8	1.28e-67	260
n89	n45	45.8	1.28e-67	260
n89	n25	45.4	3.72e-67	259
n89	n80	45.7	1.08e-66	257
n89	n11	49.4	1.41e-66	257
n89	n30	49.4	1.41e-66	257
n89	n8	49.4	1.84e-66	257
n89	n47	48.1	2.41e-66	256
n89	n21	48.1	2.41e-66	256
n89	n29	45.4	3.14e-66	256
n89	n31	48.7	5.36e-66	255
n89	n12	48.7	5.36e-66	255
n89	n26	49.1	7.01e-66	255
n89	n27	44.9	2.04e-65	253
n89	n22	44.9	2.04e-65	253
n89	n56	48.0	2.66e-65	253
n89	n13	48.7	2.66e-65	253
n89	n9	46.6	3.48e-65	252
n89	n81	49.5	1.01e-64	251
n89	n10	48.7	2.25e-64	250
n89	n23	45.1	2.94e-64	249
n89	n62	47.7	2.49e-63	246
n89	n16	47.6	4.25e-63	245
n89	n6	46.0	1.62e-62	243
n89	n64	47.5	1.37e-61	240
n89	n78	42.5	2.33e-61	240
n89	n5	44.5	5.2e-61	238
n89	n32	42.8	4.86e-59	232
n89	n87	41.2	8.58e-56	221
n89	n58	40.6	1.91e-55	220
n124	n124	100.0	0	1428
n124	n123	45.4	2.54e-159	566
n118	n118	100.0	3.9e-253	877
n118	n113	49.4	6.72e-104	381
n118	n117	48.0	4.51e-100	369
n118	n116	46.0	4.98e-99	365
n118	n115	43.1	3.34e-95	352
n118	n114	43.0	5.54e-82	309
n117	n117	100.0	1.25e-240	835
n117	n113	55.5	7.62e-121	438
n117	n114	50.8	3.43e-105	386
n117	n116	48.9	1.88e-103	380
n117	n115	49.1	4.2e-103	379
n117	n118	48.0	4.35e-100	369
n109	n109	100.0	0	1143
n109	n111	35.7	2.86e-73	280
n109	n103	36.9	3.16e-72	277
n109	n99	35.5	3.06e-67	260
n109	n110	34.9	5.77e-66	256
n109	n102	34.3	3.75e-57	226
n109	n108	32.6	2.98e-46	190
n109	n101	30.9	2.13e-44	184
n109	n104	32.2	3.41e-34	150
n125	n125	100.0	0	1197
n83	n83	100.0	2.81e-254	881
n83	n5	53.6	1.29e-73	281
n83	n6	52.5	2.87e-73	280
n83	n53	55.4	2.97e-70	270
n83	n81	50.9	5.59e-69	265
n83	n62	51.2	1.63e-68	264
n83	n73	53.8	6.18e-68	262
n83	n72	50.2	1.05e-67	261
n83	n52	53.1	1.8e-67	260
n83	n24	46.8	8.93e-67	258
n83	n54	51.7	1.99e-66	257
n83	n2	52.3	2.6e-66	257
n83	n58	50.0	1.68e-65	254
n83	n9	48.1	2.87e-65	253
n83	n23	48.1	3.51e-63	246
n83	n15	47.5	5.99e-63	245
n83	n46	47.5	5.99e-63	245
n83	n44	47.5	5.99e-63	245
n83	n80	47.1	2.28e-62	243
n83	n29	46.8	5.07e-62	242
n83	n74	47.4	5.07e-62	242
n83	n64	50.2	8.65e-62	242
n83	n87	48.0	9.56e-61	238
n83	n45	46.1	1.25e-60	238
n83	n14	46.1	1.25e-60	238
n83	n27	46.7	1.25e-60	238
n83	n22	46.7	1.25e-60	238
n83	n25	46.1	1.25e-60	238
n83	n78	46.9	1.63e-60	237
n83	n16	48.1	4.75e-60	236
n83	n30	48.7	1.17e-58	231
n83	n11	48.7	1.17e-58	231
n83	n56	49.0	1.17e-58	231
n83	n57	48.8	1.53e-58	231
n83	n8	48.3	1.99e-58	230
n83	n13	48.3	3.4e-58	230
n83	n26	48.3	3.4e-58	230
n83	n10	48.7	1.69e-57	227
n83	n55	48.3	2.2e-57	227
n83	n33	47.5	1.87e-56	224
n83	n32	43.6	1.87e-56	224
n83	n12	47.1	2.44e-56	223
n83	n18	44.6	2.44e-56	223
n83	n31	47.1	2.44e-56	223
n83	n28	41.1	1.38e-51	208
n83	n34	43.5	8.97e-51	205
n83	n42	40.8	1.69e-49	201
n83	n1	40.6	6.43e-49	199
n83	n4	38.8	3.19e-48	196
n83	n70	41.4	2.99e-46	190
n83	n47	39.0	2.99e-46	190
n83	n21	39.0	2.99e-46	190
n83	n69	40.2	3.3e-45	186
n83	n75	38.1	1.44e-40	171
n83	n88	35.7	8.71e-38	162
n83	n43	33.5	4.79e-28	129
n127	n127	100.0	4.62e-257	890
n127	n126	31.0	6.43e-41	172
n132	n132	100.0	1.96e-227	792
n131	n131	100.0	1.22e-168	596
n128	n128	100.0	6.1e-210	733
n128	n129	34.2	3.64e-37	159
n130	n130	100.0	1.96e-169	599
n137	n137	100.0	6.37e-122	440
n134	n134	100.0	8.51e-201	703
n144	n144	100.0	1.5e-132	476
n144	n142	93.3	3.96e-125	451
n136	n136	100.0	6.08e-148	527
n126	n126	100.0	0	1287
n126	n127	31.0	9.43e-41	172
n133	n133	100.0	3.19e-189	664
n129	n129	100.0	2.9e-212	741
n129	n128	34.2	3.61e-37	159
n135	n135	100.0	4.09e-138	494
n151	n151	100.0	1.55e-126	456
n151	n143	98.3	5.5e-124	447
n151	n148	76.2	6.56e-93	344
n138	n138	100.0	6.33e-142	507
n88	n88	100.0	1.3e-159	566
n88	n69	56.6	5.78e-83	311
n88	n80	48.1	2.52e-70	269
n88	n22	51.9	4.29e-70	268
n88	n27	51.9	4.29e-70	268
n88	n29	47.7	5.61e-70	268
n88	n45	47.7	1.25e-69	267
n88	n14	47.7	1.25e-69	267
n88	n44	47.4	2.13e-69	266
n88	n46	47.4	2.13e-69	266
n88	n13	51.3	2.13e-69	266
n88	n25	47.4	2.13e-69	266
n88	n15	47.4	2.13e-69	266
n88	n31	50.9	3.63e-69	265
n88	n12	50.9	3.63e-69	265
n88	n11	50.6	1.06e-68	264
n88	n30	50.6	1.06e-68	264
n88	n23	47.0	5.25e-68	262
n88	n26	50.0	1.17e-67	260
n88	n8	50.0	1.53e-67	260
n88	n10	50.2	2.6e-67	259
n88	n16	48.7	7.58e-67	258
n88	n74	50.0	1.43e-65	253
n88	n70	46.2	3.18e-65	252
n88	n81	50.4	1.58e-64	250
n88	n4	49.3	1.75e-63	247
n88	n42	48.3	2.98e-63	246
n88	n64	49.2	1.48e-62	243
n88	n32	44.3	5.62e-62	242
n88	n34	48.8	1.64e-61	240
n88	n33	45.3	3.64e-61	239
n88	n62	48.1	1.38e-60	237
n88	n18	45.1	5.26e-60	235
n88	n6	46.6	6.87e-60	235
n88	n9	47.7	6.87e-60	235
n88	n53	44.9	1.3e-58	230
n88	n52	45.3	1.3e-58	230
n88	n24	44.2	4.17e-57	225
n88	n1	45.3	2.07e-56	223
n88	n87	44.1	2.7e-56	223
n88	n5	43.7	3.53e-56	222
n88	n2	44.6	6.65e-55	218
n88	n54	44.2	8.69e-55	218
n88	n72	42.9	2.53e-54	216
n88	n68	44.2	7.36e-54	215
n88	n86	45.7	2.14e-53	213
n88	n75	40.0	3.09e-52	209
n88	n66	42.2	4.04e-52	209
n88	n76	43.3	5.27e-52	208
n88	n36	44.9	6.89e-52	208
n88	n73	41.9	8.99e-52	208
n88	n77	42.1	3.42e-51	206
n88	n71	44.6	3.42e-51	206
n88	n19	41.6	3.42e-51	206
n88	n28	40.4	1.3e-50	204
n88	n61	43.3	2.21e-50	203
n88	n89	43.1	2.89e-50	203
n88	n51	43.7	8.42e-50	201
n88	n59	43.6	1.1e-49	201
n88	n41	42.1	5.46e-49	198
n88	n47	41.0	7.13e-49	198
n88	n21	41.0	7.13e-49	198
n88	n56	40.6	1.59e-48	197
n88	n57	40.2	4.62e-48	195
n88	n55	39.8	1.03e-47	194
n88	n83	35.7	5.66e-38	162
n145	n145	100.0	1.27e-125	453
n145	n144	57.3	3.77e-69	265
n145	n142	54.7	1.75e-66	256
n145	n141	57.3	3.65e-64	248
n145	n155	58.9	5.27e-63	245
n142	n142	100.0	7.96e-134	480
n142	n144	93.3	3.96e-125	451
n142	n141	64.5	9.55e-79	297
n142	n145	54.7	1.87e-66	256
n142	n155	54.3	1.43e-58	230
n146	n153	100.0	7.99e-117	423
n146	n146	100.0	7.99e-117	423
n146	n152	44.2	1.39e-36	157
n148	n148	100.0	1.71e-125	452
n148	n143	77.1	5.93e-94	347
n148	n151	76.2	6.56e-93	344
n148	n140	57.5	5.23e-66	255
n143	n143	100.0	2.64e-126	455
n143	n151	98.3	5.5e-124	447
n143	n148	77.1	5.93e-94	347
n143	n140	57.7	8.62e-69	264
n143	n149	49.2	1.17e-57	227
n143	n139	55.3	4.16e-55	218
n143	n154	45.9	4.92e-48	195
n143	n150	49.3	5.44e-47	191
n152	n152	100.0	4.48e-100	367
n152	n153	44.2	1.2e-36	157
n152	n146	44.2	1.2e-36	157
n153	n153	100.0	7.99e-117	423
n153	n146	100.0	7.99e-117	423
n153	n152	44.2	1.39e-36	157
n141	n141	100.0	2.34e-127	458
n141	n142	64.5	9.03e-79	297
n141	n144	61.6	1.44e-76	290
n141	n155	62.8	3.11e-71	272
n141	n145	57.3	3.68e-64	248
n140	n140	100.0	5.43e-124	447
n140	n151	57.7	6.52e-69	264
n140	n143	57.7	8.51e-69	264
n140	n148	57.5	5.16e-66	255
n140	n149	53.8	1.55e-62	243
n140	n139	62.4	6.53e-61	238
n140	n154	47.8	5.37e-47	191
n140	n150	46.2	9.81e-41	171
n139	n139	100.0	1.15e-106	389
n139	n149	62.7	2.05e-63	246
n139	n140	62.4	5.58e-61	238
n139	n151	55.8	1.2e-55	220
n139	n143	55.3	3.5e-55	218
n139	n148	54.0	9.54e-53	210
n139	n154	50.0	6.63e-46	188
n139	n150	50.3	1.53e-42	176
n155	n155	100.0	2.81e-125	451
n155	n141	62.8	3.06e-71	272
n155	n145	58.9	5.23e-63	245
n155	n144	54.8	4.58e-59	231
n155	n142	54.3	1.33e-58	230
n149	n149	100.0	5.29e-130	467
n149	n139	62.7	2.5e-63	246
n149	n140	53.8	1.62e-62	243
n149	n143	49.6	1.42e-58	230
n149	n151	49.2	5.4e-58	228
n149	n148	48.7	7.3e-55	218
n149	n154	43.7	1.8e-45	186
n149	n150	44.3	3.4e-44	182
n147	n147	100.0	1.79e-110	402
n147	n140	32.8	6.98e-22	108
n147	n154	32.7	1.19e-21	107
n147	n148	30.6	2.75e-18	96
n147	n149	30.9	1.04e-17	94
n167	n167	100.0	1.22e-165	586
n167	n166	99.6	6.05e-165	584
n150	n150	100.0	3.54e-117	424
n150	n154	51.9	1.28e-50	203
n150	n151	50.7	2.26e-47	193
n150	n143	49.3	5.04e-47	191
n150	n149	44.3	3.06e-44	182
n150	n148	47.1	8.89e-44	181
n150	n139	50.3	1.68e-42	176
n150	n140	46.2	9.2e-41	171
n160	n160	100.0	8.14e-142	507
n160	n157	63.1	3.26e-74	282
n160	n159	50.0	3.27e-58	229
n160	n158	40.6	3.19e-37	159
n160	n156	39.9	3.52e-36	156
n164	n164	100.0	0	1250
n164	n161	99.4	0	1241
n123	n123	100.0	0	1465
n123	n124	45.4	2.59e-159	566
n165	n165	100.0	0	1135
n165	n162	79.0	8.12e-246	853
n154	n154	100.0	1.88e-121	439
n154	n150	51.9	1.33e-50	203
n154	n143	45.9	4.73e-48	195
n154	n151	45.4	1.05e-47	194
n154	n140	47.8	5.23e-47	191
n154	n148	47.8	8.92e-47	191
n154	n139	50.0	7.55e-46	188
n154	n149	43.7	1.68e-45	186
n170	n170	100.0	6.13e-196	687
n166	n166	100.0	1.22e-165	586
n166	n167	99.6	6.05e-165	584
n159	n159	100.0	3.21e-247	857
n159	n157	56.0	2.72e-129	466
n159	n156	47.7	5.17e-104	382
n159	n158	41.3	2.18e-86	323
n159	n160	50.0	5.6e-58	229
n168	n168	100.0	4.48e-199	697
n171	n171	100.0	2.15e-229	798
n156	n156	100.0	5.9e-238	827
n156	n159	47.7	5.02e-104	382
n156	n158	47.1	7.54e-84	315
n156	n157	44.1	1.86e-82	310
n156	n160	39.9	5.85e-36	156
n158	n158	100.0	1.35e-234	815
n158	n159	41.3	2.1e-86	323
n158	n156	47.1	7.48e-84	315
n158	n157	39.9	3.37e-68	263
n158	n160	40.6	5.25e-37	159
n179	n179	100.0	2.67e-202	708
n179	n180	98.6	2.11e-199	698
n179	n178	97.2	1.98e-197	692
n169	n169	100.0	7.96e-168	593
n180	n180	100.0	1.56e-202	709
n180	n179	98.6	2.11e-199	698
n180	n178	95.8	1.57e-194	682
n157	n157	100.0	1.92e-244	848
n157	n159	56.0	2.68e-129	466
n157	n156	44.1	1.88e-82	310
n157	n160	63.1	5.48e-74	282
n157	n158	39.9	3.44e-68	263
n173	n173	100.0	1.36e-231	805
n162	n162	100.0	0	1165
n162	n165	79.0	8.2e-246	853
n162	n161	48.1	4.82e-121	439
n162	n164	48.1	2.39e-120	436
n162	n163	33.6	1.17e-42	178
n174	n174	100.0	2.1e-268	928
n172	n172	100.0	1.53e-241	839
n185	n185	100.0	3.25e-272	941
n185	n184	75.8	5.83e-213	744
n188	n188	100.0	5.05e-284	980
n188	n187	98.6	5.78e-280	966
n176	n176	100.0	9.21e-189	663
n176	n175	68.2	7.43e-122	441
n176	n180	59.2	3.35e-106	389
n176	n179	58.3	3.14e-104	382
n176	n178	58.9	6.99e-104	381
n176	n177	57.8	2.33e-99	366
n192	n192	100.0	3.25e-250	867
n192	n191	83.1	3.64e-209	731
n193	n193	100.0	4.92e-276	953
n193	n186	97.9	4.93e-268	927
n178	n178	100.0	5.94e-202	707
n178	n179	97.2	1.98e-197	692
n178	n180	95.8	1.57e-194	682
n178	n177	60.2	9.11e-110	401
n178	n176	58.9	7.47e-104	381
n178	n175	56.6	8.57e-92	341
n161	n161	100.0	0	1249
n161	n164	99.4	0	1241
n161	n165	59.9	7.46e-176	621
n161	n162	48.1	5.25e-121	439
n161	n163	67.9	8.44e-95	352
n161	n163	74.1	1.37e-28	132
n163	n163	100.0	8.76e-267	923
n163	n164	67.9	3.62e-95	352
n163	n161	67.9	6.17e-95	352
n163	n165	51.0	3.19e-67	260
n163	n162	33.6	9.34e-43	178
n163	n161	74.1	1e-28	132
n163	n164	74.1	1e-28	132
n163	n161	32.9	6.08e-26	122
n163	n164	32.9	6.08e-26	122
n177	n177	100.0	5.9e-191	670
n177	n180	60.2	7.89e-111	404
n177	n178	60.2	8.73e-110	401
n177	n179	59.6	2.54e-109	399
n177	n176	57.8	2.38e-99	366
n177	n175	50.3	2.03e-82	310
n175	n175	100.0	1.52e-194	682
n175	n176	68.2	7.7e-122	441
n175	n180	56.9	7.51e-93	344
n175	n178	56.6	8.3e-92	341
n175	n179	56.3	1.42e-91	340
n175	n177	50.3	2.05e-82	310
n199	n199	100.0	3.33e-132	475
n198	n198	100.0	5.94e-137	490
n201	n201	100.0	2e-307	1058
n200	n200	100.0	7.2e-203	710
n204	n204	100.0	0	1426
n204	n203	82.6	0	1208
n202	n202	100.0	8.97e-211	736
n203	n203	100.0	0	1418
n203	n204	82.6	0	1208
n203	n205	36.8	2.29e-101	374
n205	n205	100.0	0	1423
n205	n203	34.8	7.35e-92	342
n205	n204	33.2	7.11e-87	325
n197	n197	100.0	0	1121
n197	n189	32.7	3.07e-80	303
n197	n190	30.5	9.73e-18	96
n197	n181	32.0	2.32e-11	74
n207	n207	100.0	5.1e-231	804
n207	n206	63.5	1.17e-142	510
n207	n210	52.9	1.59e-115	420
n207	n208	50.1	1.49e-105	387
n206	n206	100.0	9.73e-241	836
n206	n207	63.5	1.22e-142	510
n206	n210	52.9	5e-120	435
n206	n208	51.8	1.61e-118	430
n206	n209	42.8	1.73e-88	330
n182	n182	100.0	7.33e-310	1066
n182	n181	35.0	9.28e-79	298
n182	n185	33.7	8.51e-32	142
n182	n184	34.8	1.11e-31	142
n182	n196	33.5	2.1e-30	138
n182	n190	36.9	4.23e-23	113
n182	n195	30.0	8.82e-21	106
n182	n192	30.2	1.27e-19	102
n182	n191	31.7	1.27e-19	102
n182	n193	31.1	4.1e-18	97
n182	n186	31.7	6.99e-18	96
n182	n194	34.1	2.25e-16	91
n191	n191	100.0	8.01e-249	863
n191	n192	83.1	3.64e-209	731
n191	n190	52.4	4e-115	419
n191	n195	34.4	5.85e-66	255
n191	n196	36.9	6.1e-39	166
n191	n185	33.8	7e-27	126
n191	n181	32.9	1.78e-22	111
n191	n182	31.7	1.08e-19	102
n184	n184	100.0	1.12e-272	942
n184	n185	75.8	5.83e-213	744
n184	n196	32.6	6.98e-57	225
n184	n183	31.2	3.47e-48	196
n184	n188	30.1	9.78e-43	178
n184	n193	30.1	6.79e-36	156
n184	n181	39.9	2.58e-35	154
n184	n187	34.5	4.12e-33	146
n184	n182	34.8	1.01e-31	142
n184	n191	33.5	1.33e-23	115
n184	n190	33.6	1.62e-21	108
n184	n189	33.1	1.05e-20	105
n210	n210	100.0	1.11e-236	822
n210	n208	68.6	2.89e-168	595
n210	n206	52.9	5e-120	435
n210	n207	52.9	1.66e-115	420
n211	n211	100.0	4.37e-109	398
n213	n213	100.0	2.46e-191	671
n181	n181	100.0	9.43e-305	1049
n181	n182	35.0	9.42e-79	298
n181	n196	34.6	5.78e-36	156
n181	n184	39.9	2.87e-35	154
n181	n185	35.4	1.13e-31	142
n181	n190	39.7	3.89e-24	117
n181	n191	32.9	2.13e-22	111
n181	n195	32.3	3.64e-22	110
n181	n192	38.5	1.17e-20	105
n181	n188	35.4	7.59e-20	102
n181	n193	34.4	2.21e-19	101
n181	n187	35.0	2.21e-19	101
n181	n186	34.1	6.42e-19	99
n181	n197	32.0	2.21e-11	74
n212	n212	100.0	2.86e-240	834
n208	n208	100.0	3.96e-234	814
n208	n210	68.6	2.89e-168	595
n208	n206	51.8	1.61e-118	430
n208	n207	50.1	1.56e-105	387
n208	n209	46.3	7.75e-105	384
n194	n194	100.0	3.83e-273	944
n194	n186	48.6	7.09e-110	401
n194	n193	48.2	7.84e-109	398
n194	n188	39.1	2.63e-80	303
n194	n187	39.2	1.88e-78	297
n194	n196	34.8	1.84e-49	201
n194	n190	30.3	8.57e-31	139
n190	n190	100.0	6.99e-253	876
n190	n192	52.7	7.27e-117	424
n190	n191	52.4	3.99e-115	419
n190	n195	43.7	7.66e-50	202
n190	n196	32.4	1.45e-40	171
n190	n188	30.2	1.96e-37	161
n190	n194	30.3	7.97e-31	139
n190	n183	30.3	2.32e-30	137
n190	n185	33.3	3.24e-24	117
n190	n181	39.7	3.24e-24	117
n190	n182	36.9	3.59e-23	113
n190	n186	32.6	6.12e-23	112
n190	n193	32.5	5.18e-22	109
n190	n184	33.6	1.51e-21	108
n190	n197	30.5	7.74e-18	96
n189	n189	100.0	0	1102
n189	n197	32.7	3.04e-80	303
n189	n192	31.7	9.94e-23	112
n189	n196	30.8	2.89e-22	111
n189	n184	33.1	1.21e-20	105
n189	n185	31.7	1.34e-19	102
n209	n209	100.0	1.08e-239	832
n209	n208	46.3	7.8e-105	384
n209	n210	45.7	5.06e-104	382
n209	n206	42.8	1.75e-88	330
n209	n207	40.2	3.64e-86	322
n186	n186	100.0	9.28e-275	949
n186	n193	97.9	4.93e-268	927
n186	n194	48.6	7.21e-110	401
n186	n188	39.5	9.83e-75	285
n186	n187	39.2	4.88e-74	282
n186	n196	31.0	2.7e-48	197
n186	n196	34.4	3.91e-31	140
n186	n190	32.6	6.69e-23	112
n186	n181	34.1	5.86e-19	99
n186	n182	31.7	6.48e-18	96
n187	n187	100.0	5.05e-284	980
n187	n188	98.6	5.78e-280	966
n187	n194	39.2	1.97e-78	297
n187	n186	39.2	5.02e-74	282
n187	n193	37.9	4.7e-72	276
n187	n196	35.3	3.16e-60	236
n187	n183	31.3	1.58e-43	181
n187	n185	33.3	3.89e-34	150
n187	n184	34.5	4.3e-33	146
n187	n181	35.0	2.07e-19	101
n183	n183	100.0	2.81e-279	964
n183	n196	31.8	7.64e-51	205
n183	n184	31.1	3.55e-48	196
n183	n187	31.3	1.54e-43	181
n183	n188	31.1	5.87e-43	179
n183	n192	30.3	1.45e-33	148
n183	n190	30.3	2.56e-30	137
n195	n195	100.0	3.33e-288	994
n195	n190	38.6	4.05e-68	263
n195	n192	35.5	3.43e-67	260
n195	n191	34.4	6.47e-66	255
n195	n196	37.3	5.71e-38	163
n195	n181	32.3	3.36e-22	110
n195	n182	30.0	8.28e-21	106
n196	n196	100.0	4.53e-282	973
n196	n188	35.5	2.1e-61	240
n196	n187	34.9	3.03e-60	236
n196	n184	32.6	6.98e-57	225
n196	n185	30.9	5.53e-54	216
n196	n183	31.8	7.47e-51	205
n196	n193	30.9	1.08e-49	201
n196	n194	34.8	1.84e-49	201
n196	n186	31.0	2.66e-48	197
n196	n192	31.5	2.49e-46	190
n196	n190	32.4	1.56e-40	171
n196	n191	36.9	6.56e-39	166
n196	n195	37.3	5.55e-38	163
n196	n181	34.6	5.2e-36	156
n196	n186	34.4	3.85e-31	140
n196	n182	33.5	1.91e-30	138
n196	n189	30.8	2.5e-22	111
