node_id	sequence_md5	accession	sequence_length	source	is_new	v1_component	cath	pazy_id	activity
m0001	004af9e9b29cb7a99eee6d96edfaabcd	ATH80290	280	delta	1			490	Direct
m0002	00855c73c087597a6c69fa2b114d731e	SAY37579.1	260	v1	0	1	3.40.50.1820		
m0003	009e600d3a7df316a22764026a76e2bc	WP_142197250.1	300	delta	1			242	Direct
m0004	010991495537828f0796c93512058d2e	MGYP000321434903	259	delta	1			456	Direct
m0005	01d9529bef2a8dc5220ebb00fe475a02	pazy:488	417	delta	1			488	Direct
m0006	02048bc3dc3b8c853e51fcc55038f6ac	KAH7127633	237	v1	0	2	3.40.50.1820		
m0007	024678fb7e5f5a204647fd2d1e393aab	Q3L8N0	407	v1	0	16	NA		
m0008	02f75a95130d2e82f95a52c3c3ce5166	MBX3621832.1	256	delta	1			416	Direct
m0009	03308d6d3b8991fc845ade7eef827bb2	ADM47605.1	263	delta	1			153	Direct
m0010	04eb6f62384740641a457083240d65be	WP_137976057.1	378	delta	1			288	Direct
m0011	05e2852aec6160df485b9ef7b4a357f6	pazy:255	495	delta	1			255	Direct
m0012	05ffac9a403c350718aa44cf6838cb7c	WP_129786244.1	257	delta	1			403	Direct
m0013	0600d8fd8a62760bde8393fb0fde0e0d	WP_091283529.1	463	delta	1			308	Direct
m0014	060b4337df0e619a5112b882a04d576a	WP_203790592.1	381	delta	1			421	Direct
m0015	067e281972e92f24fb345ef6c8870caa	APJ12152.1	215	v1	0	26	3.40.50.1820		
m0016	06d89e9f595b7abc6f662a4ea5fc3f77	WBR49957	439	v1	0	10	3.90.1300.10		
m0017	06ea0302cc54279d54aebaa45774cfe7	A0A3D1YDR8	311	delta	1			356	Direct
m0018	073907a632be32c5b92c8381c4de0c90	LC073705	679	v1	0	15	NA		
m0019	085add734f10d1917f9638347ab618d2	Q939Q9	380	v1	0	34	3.40.50.1820		
m0020	09e58f5e57cb68fac6cff0d6562a2a47	WP_229068674.1	269	delta	1			391	Direct
m0021	0ac767e72406f2fc0cf50fd9008e6f16	A0A291HVH1	385	v1	0	21	3.40.50.1820		
m0022	0b490a6d93d67b0ebb2d6cd3d80f9d9a	WKW63607	434	delta	1			495	Direct
m0023	0c554c0dd255de614d248db3118d89da	AAK28498.1	517	v1	0	10	3.90.1300.10		
m0024	0c75d9f81ae52914a609ec24d4c68ea2	SAY37587.1	257	v1	0	1	3.40.50.1820		
m0025	0ccba4d53ac83e5437ecd1027cfe4ab8	TAL40028	305	delta	1			362	Direct
m0026	0ce515d8f0c2a6b72722a127e726b8d7	AB302138; A4UZ12	283	v1	0	5	3.40.50.1820		
m0027	0d18f30b4edcfc88452a16d17d548865	GIG90696.1	414	delta	1			463	Direct
m0028	0d1c7296209804664d2da95c23eea089	P08684	503	delta	1			252	Indirect
m0029	0d26a77d2ffda03e4582e295927066c6	AAY92471.1	617	v1	0	4	3.40.50.1820		
m0030	0d51bfebc665db66f2d9c28959b141d3	WP_130464304.1	472	delta	1			277	Direct
m0031	0e841a3c1f59a0cfd7b1ac47b6e7b1bd	-	221	v1	0	2	3.40.50.1820		
m0032	0f43f7fe3f0c0042197df2508ee850e3	WP_086784246.1	418	delta	1			306	Direct
m0033	1090fc7df5cb6e4866fd00779c1d8e28	ANG60415.1	472	v1	0	10	3.90.1300.10		
m0034	10d87dbad4c4c7bfd7d5c331cef5b9ce	ADM47605.1	262	v1	0	1	3.40.50.1820		
m0035	10e219e71a25db666947cbd3afc63123	A0A1Z2SIQ1_VIBGA	298	v1	0	1	3.40.50.1820		
m0036	10f99a34d701d302d6cd789182b6508e	A0A7V9NEU5	359	delta	1			371	Direct
m0037	1101bda63c95a021aad8d9924dfba646	ALS54749.1	528	delta	1			117	Direct
m0038	11448cbf80389c1a758d8dfcba90907c	A0A1E1FNX8	215	v1	0	26	3.40.50.1820		
m0039	1197ee1b96f74dd16a31dad1ba334c46	WP_062195544.1	292	v1	0	1	3.40.50.1820		
m0040	1212a03ba2f4b036a1c2343983dd3223	WP_161104454.1	261	delta	1			392	Direct
m0041	12efbdad63de5275909365067113db41	UNZ81747	455	v1	0	43	3.40.710.10		
m0042	1361228bf3f1c19ea8214555076414a7	SHM40309.1	299	v1	0	1	3.40.50.1820		
m0043	14a5c3e1584a0ee2518f18810a7fed98	RLT92980.1	269	v1	0	1	3.40.50.1820		
m0044	15317ec096461afae2a6111e17b27633	Q0KBZ6	293	v1	0	33	3.40.50.1820		
m0045	1545cf731ea10ee62b256807199e37d8	RLU00646.1	312	v1	0	1	3.40.50.1820		
m0046	15704378d8be72d24d1d7e0cb736fd66	WP_233427406.1	269	delta	1			390	Direct
m0047	15938ddd57d7448aa110a9139193c91b	OK558825	307	v1	0	1	3.40.50.1820		
m0048	161e4dc2c4ef1e36fe625c65439a815b	CCH19814.1	465	delta	1			280	Direct
m0049	167f1e4e4481dfb27bd087d9b3902929	Q75UA4	238	v1	0	11	2.40.10.10		
m0050	17206b8f6868d0e95922b05f702e8318	UAC02078.1	251	delta	1			430	Direct
m0051	174ba911d73b1edc801c52651ec17efd	ODU60407.1	305	v1	0	1	3.40.50.1820		
m0052	17e8c9d10a612ebfb245fc18e2eb15e5	KAH7127633	238	delta	1			231	Direct
m0053	18de7a550936804f8be57fdf26a8e0e3	ABY67151.1	176	delta	1			70	Direct
m0054	192cd267e49e59f27a34994dcf480cc7	WP_252811421.1	375	delta	1			431	Direct
m0055	198d14bb37149debc526a3f90e777956	H6N162	407	v1	0	16	NA		
m0056	1a87c35a30c8f1e7850ccdeda75b8c76	WP_019633337.1	272	delta	1			465	Direct
m0057	1a888c781e8146e2cb4de6e41ef1b0a0	WP_018657411.1	248	delta	1			263	Direct
m0058	1b0d2c147b96bad033703fb124a50764	G9BY57	293	v1	0	1	3.40.50.1820		
m0059	1c1408702649674aa1c5742fc65fcbfa	WP_151597653.1	280	delta	1			385	Direct
m0060	1ce1c2d639e6de8f45c381626dab5dd9	pazy:453	409	delta	1			453	Direct
m0061	1dd270b564b3d69c3f8b6079eb3090a2	MBX2857432.1	244	delta	1			267	Direct
m0062	1e1f498fae0e6d56fb87a52a1fef96ff	WP_083947829.1	284	v1	0	1	3.40.50.1820		
m0063	1fd045e8b65176376e182facc216b772	OWT56952	335	delta	1			349	Direct
m0064	2004149e10ec5a7333662fb9eecbbd21	WP_242613666.1	288	delta	1			319	Direct
m0065	20f7abda67d907b1e03456185b9a7df8	SPF04022.1	287	delta	1			327	Direct
m0066	213f66a13d29726369cc62acb0ec8c5b	WP_131292212.1	287	delta	1			361	Direct
m0067	2252c92be8d93085884a749b69ed9027	WP_239125827.1	251	delta	1			443	Direct
m0068	228bd6d0bd6e93a1b69422e21d51b913	pazy:232	231	delta	1			232	Direct
m0069	228edba5269227f472a446139a646369	WP_108898647.1	249	v1	0	39	3.40.50.1820		
m0070	230edd7c68d8edcec84d53eabdb02ac1	WP_035284691	266	delta	1			383	Direct
m0071	2359f92c25a1f864a4aaecd22ac2d261	MBX3625601.1	263	delta	1			259	Direct
m0072	23af3c0ada6021e4452780933588e6da	YNPsite06_CeleraDRAFT_263770	613	v1	0	23	3.40.50.1820		
m0073	2510ccd8faea4efb0652cab75394adfa	WP_144126986.1	275	delta	1			286	Direct
m0074	25535d4836a01c7d3cc4bbeba3c18437	XCO66867	286	v1	0	1	3.40.50.1820		
m0075	255e2b78ca9f54fe397d3917c1c6cae9	A0A7I8E2Z4	216	v1	0	2	3.40.50.1820		
m0076	26070dcbf81f49c4725ced54380d1b96	WP_250563816.1	261	delta	1			479	Direct
m0077	263a6865371a5e0924e53280192fa035	WP_034767800.1	240	v1	0	36	3.40.50.1820		
m0078	263b6d9cf1f73ddee6c8d0410fdaf229	Q0KCI0	419	v1	0	3	3.40.50.1820		
m0079	276e886a482414366ccac7a0d4f550eb	MBJ7347705.1	259	delta	1			399	Direct
m0080	2798470a64d0e292e604a4ad45e938c2	KZY99137.1	263	delta	1			269	Direct
m0081	27b40925ec9dab01a97010da9157f232	MSS57807	319	delta	1			373	Direct
m0082	28d5d8007b05548a33cb23ddc8297921	MBO9569276.1	255	delta	1			462	Direct
m0083	2907a9f9131390b753aa9953740df710	pazy:487	204	delta	1			487	Direct
m0084	2952634441666dbdb22a48ce9cde12c5	CEE00769.1	266	v1	0	22	3.40.50.1820		
m0085	2a9215b62ae074282dc7ffcda6232192	YCL34723	293	delta	1			483	Direct
m0086	2aefc1d9f667923f2f590677c9bd72d3	YNP6_02150	565	v1	0	23	3.40.50.1820		
m0087	2b913d598a604cd64df1b67d929b5d6f	MGYP000532440779	307	delta	1			13	Direct
m0088	2b9fd2b29499ad2d285db6505328e11d	BAI99230	296	v1	0	1	3.40.50.1820		
m0089	2cb8429b4f066e923d4cdfee0c150e66	pazy:132	302	delta	1			132	Direct
m0090	2cd5f487f5114193eaf1c99806f6ef63	A0A031MKR8	302	v1	0	1	3.40.50.1820		
m0091	2da35d44369fc57fbab077687acd8caf	WP_091450391.1	281	delta	1			333	Direct
m0092	2ddc62c97241531aed04530538ae54d8	XDS72785.1	282	v1	0	1	3.40.50.1820		
m0093	2eb128f102cc13140badbff98397bead	WP_218920366.1	278	delta	1			256	Direct
m0094	2ed9ee8e5144960d9643ecf9b704cc6b	pazy:493	473	delta	1			493	Direct
m0095	2faa60f73ded9c502787ece47fca13f7	A0A060N399	227	v1	0	2	3.40.50.1820		
m0096	31564b91ecf89c422e16abc249221256	WP_110080872.1	316	delta	1			329	Direct
m0097	3195c72d9a6cc23e6a918505eb460744	WP_256510026.1	266	delta	1			457	Direct
m0098	31e8cee08e99636ef7d35f9f5457bb57	WP_085749238.1	279	v1	0	1	3.40.50.1820		
m0099	32320ea9636947aaaa29de601c9a9fa4	Q0K2G9	407	v1	0	3	3.40.50.1820		
m0100	325634c8b48334249f0532c897258e2e	WP_068824797.1	297	v1	0	1	3.40.50.1820		
m0101	336f0649eca9651f90fe2d208cd29559	-	485	v1	0	10	3.90.1300.10		
m0102	339540f3809d8ac98ee633f1da7247e9	AB739034	224	v1	0	2	3.40.50.1820		
m0103	342ff8b50fc233be7b68dc6cd032d5a7	KP347755.1	411	v1	0	18	TBDY		
m0104	345f201ff8d1e3e274fa0befed068849	WP_187224800.1	257	delta	1			386	Direct
m0105	34845c057c0fc493b1f6938327b2a52a	WP_170196788.1	376	delta	1			380	Direct
m0106	34c1852818547ac366dcf6bde03ccfd0	MPZ00478.1	256	delta	1			264	Direct
m0107	37caf8c38d262f6d271a5e7c422d4423	JGI20132J14458_10325381	257	v1	0	1	3.40.50.1820		
m0108	391373cb5db9b28c9daca5825c53c586	pazy:140	178	delta	1			140	Direct
m0109	39a7ac7133a69466be374ea3dab382e9	MCF0091346.1	416	delta	1			439	Direct
m0110	39f5ef8b2abbe007e623b9ceb5a0c815	U7UHN3	313	delta	1			379	Direct
m0111	3b00f12fd36416ff8790c3e56ebd219c	A0A7V5VEC1	312	delta	1			370	Direct
m0112	3b8571a2d62a99f31d344cab5662e8e5	WP_093954453.1	302	delta	1			312	Direct
m0113	3c24c71127138a8dac45afba8af40540	WP_116023875.1	254	delta	1			260	Direct
m0114	3ccbadd7e660120a138f6df238b1b9ae	P06873	384	v1	0	21	3.40.50.1820		
m0115	3cdb04dfc6e8e2e6816fbe523d088f25	KNX38636.1	303	delta	1			310	Direct
m0116	3d98c4ffc15561968b8fbb11d2ed071a	H6N4Z1	388	v1	0	16	NA		
m0117	3dcbffcfab5a9bf0b1856144dd30e5ef	WP_093411427.1	467	delta	1			303	Direct
m0118	3f5b7ed180255f20639a75548bb8ac56	WP_130401777.1	462	delta	1			301	Direct
m0119	41ec3fae20c0008c7ca666cd96974233	WP_107095481.1	310	v1	0	1	3.40.50.1820		
m0120	426c9c3680fe7091b7e6f1c7a0f7e7d3	Q7WXF6	245	v1	0	3	3.40.50.1820		
m0121	42aa40364f5684f1f255819ab69b7b92	A0A078MGG8	302	v1	0	1	3.40.50.1820		
m0122	4307017d78508de526bb8422be94a4c4	A4W93_05950	292	v1	0	1	3.40.50.1820		
m0123	43855fcf31b8ee18bc3c65f3b00f10cb	WP_104115406.1	296	delta	1			326	Direct
m0124	4396d62528f81dd793e1ad9a1339e777	EGD44994.1	259	delta	1			147	Direct
m0125	4413a75f4591f7557a156f377930d8c1	A0A2E3XQJ6	328	delta	1			350	Direct
m0126	443647f8fdd6aeb0fa7cd9fb8076c86d	A0A3D4HM79	314	delta	1			357	Direct
m0127	458e8b90a21baf7ebd97803a8ac2c21e	pazy:477	412	delta	1			477	Direct
m0128	45945d0ab5d678a18b781e0669cbb055	WP_109361459.1	402	delta	1			466	Direct
m0129	46578a460f23e13d1ebe0b0ebf887282	ADV92571	262	v1	0	1	3.40.50.1820		
m0130	46e18f09ca1ffe3e4eda0f6cae364c1e	A0A080NJE8	734	v1	0	28	3.40.50.1820		
m0131	46e4df7bb41b2ab3d8138860df25a8f0	WP_093412886.1	261	delta	1			151	Direct
m0132	476b1b64d6172e51befe003e4e5d70cb	BAU20375	386	delta	1			254	Direct
m0133	47a83e3990a0436b3cf05f20a51a8596	WP_150070118.1	261	delta	1			468	Direct
m0134	4862c74fdcd52e6437a16fe8f493fc97	R5FI29	302	delta	1			378	Direct
m0135	48ba5f056713b1c70f39bd5277e17500	A0A661XAJ6	315	delta	1			364	Direct
m0136	4988d0072931990a396b3d570551a7d2	MBO9532528.1	267	delta	1			261	Direct
m0137	4a0336bc720a4abac3701a6ac9778492	MBW4703769.1	420	delta	1			436	Direct
m0138	4a574ca3404dd23d7f43b897d52f7966	KPI12031.1	275	delta	1			142	Direct
m0139	4ae54f06384b9660b40e76e9a902f585	WBR49956	438	v1	0	10	3.90.1300.10		
m0140	4b02a9379189f4f3f4a6d2b07ad427c9	Q0JZG9	362	v1	0	31	3.40.50.1820		
m0141	4b50fcb2d78d50a7f5693abba7e356b1	W6R2Y2	201	v1	0	17	TBDX		
m0142	4b8f6674246c65fd5e727f3c5653b97c	pazy:228	271	delta	1			228	Direct
m0143	4be16a85172c726f7f8d6dbd2053955f	AII11221	348	v1	0	14	2.60.40.420		
m0144	4c93b29cd359ce02e9f06d853bb00619	WP_085690612	218	v1	0	38	3.40.50.1820		
m0145	4ce5f290ca4d5d58749e55ef4f739ea0	WP_111700265.1	436	delta	1			324	Direct
m0146	4d4f817cbca0966f4f40247e73036a6e	pazy:243	275	delta	1			243	Direct
m0147	4d6c690dd47d3941954de2c9d2abaf2f	E5BBQ2	319	v1	0	1	3.40.50.1820		
m0148	4dfca93c424da8986ee3fb484d868de2	GBD22443	293	v1	0	1	3.40.50.1820		
m0149	4e42b62ac9f3158a2a5a2b35e117d950	A0A0P0ZE81	239	v1	0	2	3.40.50.1820		
m0150	4eb20c9016001fd934311ea5fc36f89f	WP_143590710.1	272	delta	1			293	Direct
m0151	4f68c367317a6c09df48faffc017ad9e	WP_093412886.1	293	v1	0	1	3.40.50.1820		
m0152	512b62a8993ab9e45d25bcdfa650b798	A0A4P1LYH5	191	delta	1			494	Thomas
m0153	5353a76b2d62b148881304e276a3a0e0	P29600	269	v1	0	21	3.40.50.1820		
m0154	546363f6f7e62663a681aa0546a7c08c	WDT94189	296	delta	1			486	Direct
m0155	54c79fce7841fd9f7fcb988a58c8a786	WP_062195544.1	270	delta	1			148	Direct
m0156	54faf5bc264fec90658570714161a771	WP_265247586.1	375	delta	1			429	Direct
m0157	551946ddbe6046c13ca1a257eab4aeff	WP_267938240.1	405	delta	1			406	Direct
m0158	553239996e512830a1db6b67fb4aa1c7	7NEI_A/B; 7CUV_A; MBO2503201.1; SAY37592.1	259	v1	0	1	3.40.50.1820		
m0159	56cfdd56aa75ce0ccb483306ace4905e	GGR16917.1	397	delta	1			440	Direct
m0160	572db808330016b2e517a2e6db0d8477	UNZ81746	314	v1	0	23	3.40.50.1820		
m0161	5794398bf67cc8f02733bbe49ee5b5a7	WP_252275389.1	273	delta	1			434	Direct
m0162	586a335986f45e096f6ca073737678a5	A0A7W8QII1	344	v1	0	9	3.60.70.12		
m0163	592ca7c91c02c1d849ecccb2abd61b04	WP_203847453.1	242	delta	1			265	Direct
m0164	5a6512836ea29ab771cfdfefe8dd06d1	ACV09511	259	delta	1			381	Direct
m0165	5a6ca9ba6be2179ba6074343233d0a9b	WP_081971423.1	265	delta	1			302	Direct
m0166	5a880c3b46d61fb2b4fa713a243c511a	WP_010659881.1	352	v1	0	35	3.40.50.1820		
m0167	5ad88640a0909443935ffde6189148cd	WP_158852571.1	382	delta	1			413	Direct
m0168	5b6bcacc9716a844b6969cbeb5e49ef1	WP_082403176.1	455	delta	1			287	Direct
m0169	5c06f1259bc12791a4627d9b18c94185	AGT90042.1	483	v1	0	10	3.90.1300.10		
m0170	5c6047089b459f01b0f48bd717dcdfc0	WAT79796	213	delta	1			253	Direct
m0171	5c84500c673bc80c88548b8bab5b6f49	pazy:138	211	delta	1			138	Direct
m0172	5cee52f57ef4e114863f6926cabdca90	BEG79545	716	delta	1			249	Direct
m0173	5d5a068688da77ff57399d016ec7a637	MBT8227529.1	395	delta	1			387	Direct
m0174	5dae95b1ae471b5c1227bac36c1ec7a2	WP_086599340.1	402	delta	1			464	Direct
m0175	5e3a225d0c4dad34e74078ea45904b70	E9LVH7	262	v1	0	1	3.40.50.1820		
m0176	5e9df7f0c5b6442f1239982caf867978	7NEI	267	delta	1			37	Direct
m0177	5fa3e19ca90991487c80ed55e34da806	AAF66684.1	451	v1	0	4	3.40.50.1820		
m0178	6012a802711a9bb008ee0895a518a5a0	Q51871	433	v1	0	30	3.40.50.1820		
m0179	604018ae8af9058028c669f8ed8de020	A0A1F4JXW8	426	v1	0	1	3.40.50.1820		
m0180	604a7467661f309aee571ee1a3b32e3c	WP_184682765.1	273	delta	1			398	Direct
m0181	61096f3c3c59183340370910481286ed	ADV92526.1	265	delta	1			28	Direct
m0182	6139d7ee947801e1ffa5c9345c785900	AY026386	525	v1	0	10	3.90.1300.10		
m0183	61a4ab03c350b74dc8e27682811b973f	P94146	635	v1	0	30	3.40.50.1820		
m0184	61d801881a590b1495fd2352c700c042	WDT94064	352	delta	1			484	Direct
m0185	63f3bcdf9d4e41b30836917c8f069d43	UNZ81748	318	v1	0	23	3.40.50.1820		
m0186	6435b353e1e02d2f720bc95ef5cb13af	EGD44994.1	294	v1	0	1	3.40.50.1820		
m0187	643cdc8e6bf40238fb4a3568cc8eb4f8	-	472	v1	0	10	3.90.1300.10		
m0188	6479c4b689da748f2cb786f88522f290	A0A7C6SQZ1	318	delta	1			368	Direct
m0189	647a8a79005fc7f3a762d4b29e0328ad	XHH12375	339	delta	1			247	Direct
m0190	64afb4dfb438a3c53eb0b5acd62b58fa	WP_083947829	261	delta	1			154	Direct
m0191	6501b0257cf940e7d8aa9266fd92aaa1	GU116480	283	v1	0	22	3.40.50.1820		
m0192	659a58dc5abc0fd64c7c7e596bb56dd4	B0FY08	364	v1	0	12	2.40.10.10		
m0193	65c8b81cd9654afb64a9e720cf422064	WP_144022925.1	256	delta	1			447	Direct
m0194	65cee3e055016635a98ffb5607bc7ac7	WP_162908185.1	393	delta	1			144	Direct
m0195	66ecc46b29b845a7a916ce1874720817	WP_132413760.1	444	delta	1			285	Direct
m0196	675191dfc68739e49bbe92224e410269	TWG17167.1	412	delta	1			423	Direct
m0197	677a11fa0e32fbd01338ba6d30fc718b	WP_082414832.1	302	v1	0	1	3.40.50.1820		
m0198	67b4409cf7dfe74bbb08798733600bfc	MT664882	407	v1	0	16	NA		
m0199	688e3468b20f955579952d514c187611	WP_089021493.1	460	delta	1			314	Direct
m0200	690953c8ee380d8f7a711710318247ac	WP_145923095.1	487	delta	1			332	Direct
m0201	69bffdb070c4f59f57fb587d45e06c9c	pazy:136	264	delta	1			136	Direct
m0202	6b36ee7846daf9a5dd8cf184da779535	WP_239086781.1	251	delta	1			451	Direct
m0203	6b94d52b0435c23fcf2352a0b7fda352	WP_269740835.1	256	delta	1			438	Direct
m0204	6bfc5e52adfd5c1d647dbdd440a07380	WP_132386942.1	447	delta	1			282	Direct
m0205	6c187f4a3bb360a31c9e2b0b102191ae	WP_091317053.1	260	delta	1			448	Direct
m0206	6c8a21cf9b056c70de13236ba6a2c881	A0A6A7M915	342	delta	1			365	Direct
m0207	6c92a78329d5a05cad38caf62075d747	P19833	319	v1	0	1	3.40.50.1820		
m0208	6cfa5991a1358a2618da129bb29a2d1c	SUD16364.1	298	v1	0	1	3.40.50.1820		
m0209	6d23438286c1161ba0c5517a9eb36828	MGYP001121581011	392	delta	1			395	Direct
m0210	6def7fc8a6f81bb797445e688dbb615f	OPG10926.1	308	delta	1			322	Direct
m0211	6e59b2b22d0932610243c38a9455adb5	WP_141984372.1	413	delta	1			290	Direct
m0212	6eeb7b649b01121426a96ddee3c2c007	XHH12374	357	delta	1			246	Direct
m0213	6f59754c646b6771593cdb66b1cc732b	WP_045318561.1	424	delta	1			298	Direct
m0214	6f5b887d3833e9449f06aac8cfc2e5d6	YNPsite06_CeleraDRAFT_367810	495	v1	0	1	3.40.50.1820		
m0215	707b4a1056d9e4c0c63c7069d4846196	TDP67440	263	delta	1			382	Direct
m0216	709b1ef8284047eb5dad351e0fb5c87d	WP_203906211.1	257	delta	1			446	Direct
m0217	710f4592bfa0115da9f3500092b3518f	KU695573	307	v1	0	1	3.40.50.1820		
m0218	71d88f44c8ddca8715a62d0d30305df5	RLI42440.1	262	v1	0	1	3.40.50.1820		
m0219	7269cc72c4e11c63f64df5c2d937af35	WP_256510519.1	403	delta	1			473	Direct
m0220	7290711b3d888830a61b777dcd01df5d	E9LVI0_THEFU	262	v1	0	1	3.40.50.1820		
m0221	733c2c9763d7eca9809e1fd7f46990a1	GIU85367.1	244	delta	1			417	Direct
m0222	73f07a67f93f50ac08de42fd3f33928a	A0A351YZM4	328	delta	1			354	Direct
m0223	743cb076400a02360e0d5606258eac74	WP_307855560.1	261	delta	1			469	Direct
m0224	7452d6761b99d133be32ee4b17239cd1	Q6N9M9; RPA1511	295	v1	0	6	3.40.50.1820		
m0225	74be8125d4c4cf7b6b3c81829b9d4020	WP_229836555.1	251	delta	1			432	Direct
m0226	75970cca0aca8c2628e21abeff92d2b0	MGYP000271253724	420	delta	1			397	Direct
m0227	75b2b72259a73dea11dea49d5062379d	WP_220815207	298	delta	1			241	Direct
m0228	75bb9ab0210af3940fb95e2939ac10fe	pazy:237	301	delta	1			237	Direct
m0229	760d48b991f3789858295120e590915c	WP_010949597.1	347	delta	1			377	Direct
m0230	761f31759bb5d73ea55282d40c050c2e	H6WX58	262	v1	0	1	3.40.50.1820		
m0231	77a7b5a521e48effd1710f14533ed6a5	WP_132337032.1	443	delta	1			283	Direct
m0232	77b3eb7d458379633a6175152729a2e8	A4UZ13	283	v1	0	5	3.40.50.1820		
m0233	77bca54fb186cc66d3f509d6fb835b65	NYLA_FLASK	493	v1	0	10	3.90.1300.10		
m0234	783d312623e9a23ce795d29a255d97a8	WP_155388305.1	276	delta	1			291	Direct
m0235	788de8956c22b4613079ce26544dcdf2	WP_182904095.1	417	delta	1			414	Direct
m0236	78f18c1dd8a82d742a0cccc5a0e6a951	WP_082766707.1	343	delta	1			345	Direct
m0237	7a0b4f5fc6faf46b8f8e8de955097dbe	WP_129849678.1	316	delta	1			336	Direct
m0238	7acde97244b13e14de682a6f3f3def1e	YNP18_240440	258	v1	0	1	3.40.50.1820		
m0239	7b16607e5be9977938d6038ac1dd7c5e	WP_130342639	264	delta	1			384	Direct
m0240	7c4f3c2c61c18d9e4e47adb2e32a929a	MBN1171866.1	291	delta	1			461	Direct
m0241	7d43cc8143961b92bacba0d218fe7818	WDT94443	321	delta	1			485	Direct
m0242	7f7526ac0c7c4c8440ba6812322c88d5	WP_108898452.1	417	v1	0	25	3.40.50.1820		
m0243	8040f9a8c134be1d5c12c2eb7a63656a	WBC00352.1	401	delta	1			408	Direct
m0244	815c8cb8347c7ae5a0b5f9f5e645b5db	Q12559	545	v1	0	10	3.90.1300.10		
m0245	81a9df90765d3ca5a2dbd97ac8fe0e4f	AKJ87264	421	v1	0	24	3.40.50.1820		
m0246	81f568dbaa464c36246be059cfa19188	-	282	v1	0	1	3.40.50.1820		
m0247	821c28b3e158579536d0795e3661b21a	Q1EPR4	355	v1	0	9	3.60.70.12		
m0248	82ad083bac9eb6305fcf17a4e8351c35	MGYP001489421514	263	delta	1			393	Direct
m0249	82b7aa41d984234dbb69f23c5dfebbb9	-	222	v1	0	2	3.40.50.1820		
m0250	82b7c2b8fe6536c3c95f6f083c3a4609	pazy:230	228	delta	1			230	Direct
m0251	82d420ad8219d9469aeea11873ba7544	WP_084578793.1	337	delta	1			325	Direct
m0252	834aa2e01514df35f29d41f741f7f075	pazy:139	232	delta	1			139	Direct
m0253	837c8cc88d3bee11c34fe65c687d9dcb	A0A1Q3SHB0	328	delta	1			346	Direct
m0254	83d0a1b5946039d3d9f242317fa6fb04	WP_247684544.1	337	delta	1			437	Direct
m0255	8498b2d8f6b8bed93dff49ed65b14a6a	A0A1Y4BJH4	335	delta	1			348	Direct
m0256	84adddad34e99d2a499ea48da9b8e877	WP_051808300.1	277	delta	1			323	Direct
m0257	84ba28218df106867af936d87aba63b4	Q7X0P3	678	v1	0	15	NA		
m0258	850f0131dfb22d1ade350d5c551fb654	WP_239135698.1	251	delta	1			433	Direct
m0259	85933cc8711bcbd2db56860adfb2fd54	Chen, 2024	276	v1	0	22	3.40.50.1820		
m0260	86e8274d483618172b997d8cd41d9088	WP_131056699.1	426	delta	1			297	Direct
m0261	871ef0545eb8542ab53b599df2bff175	WP_101366623.1	468	delta	1			273	Direct
m0262	87336c7ec6e0ee245b625cc0709f3684	WP_093473685.1	277	delta	1			452	Direct
m0263	87aa35504c9b3d7a43c12213005621e0	MGYP001477358452	261	delta	1			454	Direct
m0264	87d890e381a7d683e581e77330a26d0d	WP_203777396.1	417	delta	1			418	Direct
m0265	88841de98bcd5eae5b30baba1632688f	pazy:471	377	delta	1			471	Direct
m0266	892cfb0a9cf2aa38806c0f7b6904fa1e	WP_221382552.1	404	delta	1			396	Direct
m0267	89a542779c863e59d7568848d38bc88c	KXS08985	366	delta	1			343	Direct
m0268	8a1e0dd9f3bc9ffc3fbc366fc7b3475e	MTK05241.1	414	delta	1			450	Direct
m0269	8a27f08047aeded2e90bf33e519d6d59	A0A840P940	332	v1	0	9	3.60.70.12		
m0270	8a8c23e1f5be053cf56566f33d5c2c4f	PSR30050	325	delta	1			351	Direct
m0271	8b5eda3b660f48ed8e0cf729119da83e	WP_139580723.1	417	delta	1			405	Direct
m0272	8b6e9ddd1da10e1d0d3c47e2aeaaba85	Q0K7T2	404	v1	0	3	3.40.50.1820		
m0273	8c1251b68a3542249bcb13a579295b5b	RLU00646.1	284	delta	1			141	Direct
m0274	8f128a4b842dd20ace17b9a042bec4c5	WP_233872418.1	268	delta	1			404	Direct
m0275	8f7ceab2fc48801f9eff4ec96dd6b2b3	WP_041847557.1	491	v1	0	23	3.40.50.1820		
m0276	8f9519fc6a65305fa5d478fdece2fc6f	XHH12378	364	delta	1			248	Direct
m0277	8fede4413e76abb354158b5bb05b5c6e	MBO4274871.1	432	delta	1			410	Direct
m0278	90fc02afd9329ba4e19b7248dd4fd834	WP_084261341.1	419	delta	1			428	Direct
m0279	91432115863bc23d05d003cd46c6aab1	WP_260422593.1	411	delta	1			470	Direct
m0280	925eaa1d8c145880ff409530b973e7fe	SAY37582.1	260	v1	0	1	3.40.50.1820		
m0281	9584eb11232d43e7df101608e2829102	WP_086849962.1	309	delta	1			304	Direct
m0282	95981aed79b153af6c6d1c44c404d164	WP_083950838.1	297	delta	1			295	Direct
m0283	95b8c354124ce6fc0e73869c1285b609	ACY95991.1	292	v1	0	1	3.40.50.1820		
m0284	95d1e9d1e5c89ada66637cb1f2c7e05e	MT664881	410	v1	0	16	NA		
m0285	95d3a22f0e3002d3ebc3f9cc29dfe4d8	WP_078844206.1	348	delta	1			307	Direct
m0286	9610434481ec16c88506a703693f96ab	YNPsite05_CeleraDRAFT_401410	380	v1	0	1	3.40.50.1820		
m0287	96d4ed83c932323134a598e554fe614f	MBT9528079.1	266	delta	1			449	Direct
m0288	970357e6455a991c27de46edeee96a39	AB302136; A4UZ10	431	v1	0	25	3.40.50.1820		
m0289	970def1724504687c8b99d6ee9228ba2	pazy:491	476	delta	1			491	Direct
m0290	9779282f44f5947a072f15c26945d21a	O82950	576	v1	0	29	3.40.50.1820		
m0291	9839579f8a961b10fa2885f150486b3b	WP_203812622.1	262	delta	1			444	Direct
m0292	98b7cab0bd87dc8928ce3d2268c12837	WP_170322449.1	313	delta	1			363	Direct
m0293	992cfc6b64e6310364f8c74e42685c9d	WP_104739856.1	253	delta	1			266	Direct
m0294	99422484855592d0e054aaafebbe5064	ADV92527.1	265	delta	1			29	Direct
m0295	9a2d32901525985492563aa339b79812	WP_068752972.1	300	delta	1			340	Direct
m0296	9b203af8e18663d4e3880d49e74753ac	WP_109639600.1	422	delta	1			305	Direct
m0297	9b298b3c2f83f12ed89a9e72c8094ea9	WP_211769896.1	248	delta	1			467	Direct
m0298	9b361d2c16557499693210de2a8a01b4	A0A0G3BI90_9BURK	298	v1	0	1	3.40.50.1820		
m0299	9b90c9e3ec99c954a957af14f8a6dbfa	PWX09261.1	325	delta	1			353	Direct
m0300	9bc4714d8e79f6fcfcad8aca634001ab	WP_092528534.1	299	delta	1			331	Direct
m0301	9bf0f78d8b20386eec1bbf1e0a8195ef	MBX3624429.1	266	delta	1			388	Direct
m0302	9c6726c69068e8abf43de5f7f465e825	MBA55398.1	303	delta	1			341	Direct
m0303	9c73b319cd96e0d7b064b5240e017dd4	WP_271190254.1	400	delta	1			435	Direct
m0304	9c7dbb673a1f18286b846d8354918b3d	A0A1S6Q8F9	681	v1	0	15	NA		
m0305	9d30a8d3a59a8932a82976151ee0fdf1	GxsBSedJan11_10251181	335	v1	0	35	3.40.50.1820		
m0306	9ddbfd65b32950166fd96c22ff7b9b51	A0A315R6Z8	302	delta	1			352	Direct
m0307	9eb91b2a266151fb2b7651650516e788	MBE65357.1	276	delta	1			268	Direct
m0308	9ef6d6d8b955dea01f2449a3d75e76c0	WP_167521412.1	423	delta	1			407	Direct
m0309	9ffafefd549320c21cd92af62f19d6eb	WP_246087895.1	286	delta	1			315	Direct
m0310	a0445e5a5b156ccfedc088c49acfd84a	JN129500.1	301	v1	0	1	3.40.50.1820		
m0311	a0550530145e06d4170e283fb389aa62	X0BTD8	230	v1	0	2	3.40.50.1820		
m0312	a07188a7bbb3e92357c73d9654c37734	WP_091553551.1	463	delta	1			271	Direct
m0313	a0904c35f59716a292ebfca5adfcbc0e	WP_013858543.1	254	v1	0	1	3.40.50.1820		
m0314	a1903a69f23f1f6796d526895436a50c	A0A7C3G8G6	288	delta	1			367	Direct
m0315	a219d0ace89ce6af7041b9728f1c8a30	GGO06455.1	256	delta	1			459	Direct
m0316	a231cf4880bedee499375b591f4c7cfc	AII11185	516	v1	0	14	2.60.40.420		
m0317	a2dfe48912d34dabd9ec983f2380b945	QEX94755.1	186	v1	0	2	3.40.50.1820		
m0318	a436d17bdfc2c17a51007a01c569dc7a	EIW29778.1	402	v1	0	25	3.40.50.1820		
m0319	a4cafac901140b6b19f1c384d078b5d5	AKZ20829.1	400	v1	0	25	3.40.50.1820		
m0320	a5e57aa9699b655bb23f42f50c4debb3	W0TJ64	304	v1	0	1	3.40.50.1820		
m0321	a61a3fb07d83f4a5310779cb672f166e	pazy:133	297	delta	1			133	Direct
m0322	a79509a510d90a50f6702955b1ad3b49	NYLA_PSES8	493	v1	0	10	3.90.1300.10		
m0323	a9b29f07bd0094fca8a133e9529ecaaa	SJZ42839.1	263	delta	1			149	Direct
m0324	a9bad1df9172c94be6b225bd32b6bd1d	BAB86909	304	v1	0	1	3.40.50.1820		
m0325	aa1b463709fa62d66034d00d46f2bb52	pazy:226	313	delta	1			226	Direct
m0326	aa2b99b06ee80b2a22d650e6f32f1c1e	WOR09923	257	v1	0	1	3.40.50.1820		
m0327	aaa9786d473a7eb02349e757ab50352c	SAY37584.1	257	v1	0	1	3.40.50.1820		
m0328	aac25498e57dfb00ed3f998d027dec28	WP_232326807.1	416	delta	1			411	Direct
m0329	aaede276fbd61767d03028e2d193d5a7	KQR39103	340	v1	0	9	3.60.70.12		
m0330	ab6b2d53513cc127c20db4ff15e7a322	Q0VLQ1	305	v1	0	32	3.40.50.1820		
m0331	adfd257d774083524a52123058ec51d1	WP_075975245.1	307	delta	1			339	Direct
m0332	aeed8c3ba91fa154ab6b5ac739527475	WP_203733135.1	259	delta	1			401	Direct
m0333	af084e52ba5d90f45e97ffb2726f857f	pazy:220	490	delta	1			220	Direct
m0334	afb025038508228d84d2fe8c130d5d14	WP_111881932	364	v1	0	1	3.40.50.1820		
m0335	b007b8710e413f8bd4c4e937274b9f60	pazy:489	299	delta	1			489	Direct
m0336	b0a8e9b48fc19dbd1d9345c5fc828e8c	WP_031525917.1	402	delta	1			415	Direct
m0337	b22bccd61057993ecd2ea241ac190b32	WP_068749367	326	delta	1			245	Direct
m0338	b3098fdcf4be1ef53a8636f87b4e409c	MGYP000221121644	425	delta	1			400	Direct
m0339	b316862d7118e4358cbe8bf6be6de118	ESK97883	203	v1	0	2	3.40.50.1820		
m0340	b413b66095d2f7ce85f02f9748d49cb5	OKK16161.1	425	delta	1			296	Direct
m0341	b48a5e7e77b3b427ca89ac65da361050	Q1EPR5	355	v1	0	9	3.60.70.12		
m0342	b54864a74306ac2595b71277aba6784c	WP_019629726.1	259	delta	1			258	Direct
m0343	b58a47b76cafd61a000f8498a34fd166	GIU85371.1	242	delta	1			478	Direct
m0344	b60f5228c9d11de0576f0da3088e22d6	XP_005707592.1	361	delta	1			376	Direct
m0345	b6f1885d482dc52936e39d224a8c33d1	WP_084434874.1	289	delta	1			275	Direct
m0346	b6f8363af9f6b89b71da887bdc4c3060	ACD16728.1	316	v1	0	19	TBDZ		
m0347	b7a63a9cee46bcf4fbdf5b30b67b812f	A0A7X7N2B0	364	delta	1			374	Direct
m0348	b880c59b972f820c425a72815d419380	WP_247056560.1	260	delta	1			442	Direct
m0349	b8d2efe3a6d76dcf58f691a374d528ed	ADH43200.1	489	v1	0	23	3.40.50.1820		
m0350	b9431762171b80707139661059a4d5f3	A0A2I2K6T5	295	v1	0	23	3.40.50.1820		
m0351	b96e3838fee9bee7a9d7d7d57eda9386	A0A1H6AD45	304	v1	0	1	3.40.50.1820		
m0352	bae1a3dbb09f76bbdf36d1a2dcf37269	NP_390179.1	286	delta	1			497	Direct
m0353	bc7a038f9383a1c9351ad53e8f89a243	MEC8523093.1	292	v1	0	1	3.40.50.1820		
m0354	bd809f78218b2481c1bf1b3a46c74053	WP_065917710.1	276	delta	1			300	Direct
m0355	bd90b02ae5726ceb4ec9f4431ba2ac16	WP_084400763.1	436	delta	1			317	Direct
m0356	be7dd8f21d1b03631b329ecc8c66318e	AGT96414.1	390	v1	0	8	3.40.710.10		
m0357	be8748feeb335dbb23ea57c0ca66828f	D1A9G5	289	v1	0	1	3.40.50.1820		
m0358	bfc457646ef92b3c1ed060f134602fba	A4UZ11	419	v1	0	25	3.40.50.1820		
m0359	c0173ba184ddb729e7ef9122ecff0145	RGD93181	270	v1	0	1	3.40.50.1820		
m0360	c02edb9924a7f5bcd356a4cb811dd674	AAF01331.1	567	v1	0	4	3.40.50.1820		
m0361	c05531f7c89f4efafc1f2537c89ad129	ARF18137.1	472	v1	0	10	3.90.1300.10		
m0362	c07da837b710b266f98b045916b5543a	B0FLR6	241	v1	0	11	2.40.10.10		
m0363	c119a9b5c297563dbef710cd0dfbaa94	P00780	379	v1	0	21	3.40.50.1820		
m0364	c1a1ed20efb294068bc8e1483c391d0c	MSQ87502.1	326	delta	1			262	Direct
m0365	c21fdb598a3887e2e8a5af55068ffec4	BAI44731	479	v1	0	10	3.90.1300.10		
m0366	c2610dc7556aacd9a00bede53a3a5ef9	AHG30919.1	414	v1	0	41	3.40.710.10		
m0367	c26ce8f78c963b927512520a74fa69c5	WP_239095870.1	414	delta	1			475	Direct
m0368	c27324980b1e2554620a4f3024f6c0aa	WP_253762837.1	257	delta	1			476	Direct
m0369	c2b79f0abebfe4dc6d9f623f33f10c1b	WP_173061649.1	412	delta	1			419	Direct
m0370	c2dc98ad498bf96179a52733ac69516e	P29599	269	v1	0	21	3.40.50.1820		
m0371	c38a15e286e531b02f655ce186f4c301	WP_099848711.1	444	delta	1			284	Direct
m0372	c3b10fec34299e75939e57d3458275fe	E8U721	315	v1	0	1	3.40.50.1820		
m0373	c48ea13e3b7c4343a47482e71c9b2abe	JzSedJan11_10004914	263	v1	0	1	3.40.50.1820		
m0374	c4c87c36c70a8f1b15d4f8d38155f609	ADK73612	302	v1	0	1	3.40.50.1820		
m0375	c51ea9e72ca4f046ba7b615cdd6e1bc0	-	273	v1	0	1	3.40.50.1820		
m0376	c5c958d03feed023c70aead575ffd575	LIPB_PSEA2	342	v1	0	7	3.40.50.1820		
m0377	c5df14884c3311c4b6216b9fc6bf19bd	WP_110567505.1	465	delta	1			274	Direct
m0378	c627badfbdd42acfa7664595a681b789	F7IX06	300	v1	0	1	3.40.50.1820		
m0379	c668c7d3de32419f72e69a9fac8c02c1	MBN2622270.1	287	delta	1			394	Direct
m0380	c7b8c2c370eec0414f50a51a98586820	A0A7C7DKE8	342	delta	1			369	Direct
m0381	c897c831328eb1f4873dd8d1413250f2	WP_085750434.1	267	delta	1			389	Direct
m0382	c8bc1042ff1125ab9e0ec9407540dd9d	WP_111214096.1	409	delta	1			420	Direct
m0383	c8c750beb2cf8648496febf32049a4c3	NP_999368.1	438	delta	1			498	Indirect
m0384	c96dbeb66cbc47f7911296f991cdfb8d	Q0JYJ1	365	v1	0	31	3.40.50.1820		
m0385	ca075b0d53cbfb1de3c6d2a744a2276c	RYL92504.1	325	delta	1			360	Direct
m0386	ca6b3dbe186dbb3d743897179c682c4d	WP_104613137.1	262	delta	1			152	Direct
m0387	cae1f0e206dd5d377dbfb013f72cd60c	AJ810119	301	v1	0	1	3.40.50.1820		
m0388	cb8aae798de32e627b62936dbc407aaf	WP_013736455.1	448	delta	1			292	Direct
m0389	cb8ee61f26429b3ce6a175e6f02222ef	AAY92474.2	561	v1	0	4	3.40.50.1820		
m0390	cbe6e6c036ad8643698609d6a197ff5d	Q83VDO	201	v1	0	26	3.40.50.1820		
m0391	ccec191e60e12d1782682af2211d9640	WP_185053500	471	v1	0	10	3.90.1300.10		
m0392	cd3efa9108622a39c229634066ce0292	AB102945.1; Q874E	239	v1	0	2	3.40.50.1820		
m0393	ceab4e67280304288ed18d91bdfbf2c8	WP_264933993.1	402	delta	1			455	Direct
m0394	cefc6b105a243397b6a039e186c6c27b	WP_141569747.1	331	delta	1			320	Direct
m0395	cf88b3e711edffd341ba052fb3365c25	E5BBQ3_THEFU	261	v1	0	1	3.40.50.1820		
m0396	d02f5b12eac4cea9368aa3bcd659890d	WP_149259982.1	279	delta	1			460	Direct
m0397	d03a36b0671215d716f1df2ade24268f	WP_118011433	259	v1	0	1	3.40.50.1820		
m0398	d09446e7bab13e062244cd0babc73a84	WP_073887759.1	415	delta	1			278	Direct
m0399	d0cd1d061b574c3e97321300be9b3c6e	WP_120326365.1	300	delta	1			328	Direct
m0400	d138e7aaa50d3949b0b782e315a961bb	pazy:135	242	delta	1			135	Direct
m0401	d15915c6f7276978d46895da64f6d2d1	GHJ08786.1	400	delta	1			427	Direct
m0402	d1aa8fa7800d986fee5acab07614bd0d	WAU86704.1	263	v1	0	1	3.40.50.1820		
m0403	d21eaeb08669338ca69c05150a157b00	pazy:222	472	delta	1			222	Direct
m0404	d2d63d5f8721e814ea2a657ecc8fe703	WP_082377728.1	469	delta	1			281	Direct
m0405	d357a79e14b6376e4d3557864252bfe8	JN129499.1	319	v1	0	1	3.40.50.1820		
m0406	d39f4e4eb5bc5b5de87a6807337446ec	B2NHN2	339	v1	0	27	3.40.50.1820		
m0407	d4376d2f4006abaa992a58c321df357d	WP_125191182.1	315	delta	1			289	Direct
m0408	d46d1c755303a13d2a19d9393a49d2f7	AAA33335.1	230	v1	0	2	3.40.50.1820		
m0409	d4f12571b09e84dba2647810ff586c0f	GFJ87714.1	380	delta	1			412	Direct
m0410	d5d535a4628f661aac624e4bf67a6739	WP_124822775.1	465	delta	1			272	Direct
m0411	d67ede223c06bbb9c7903735558b4123	AGT96415	314	v1	0	1	3.40.50.1820		
m0412	d78ca54fff3eddbc5a27aec8c337f94f	WP_058088494.1	279	v1	0	1	3.40.50.1820		
m0413	d887c31f2cd02dc21c2c52c61d02bd31	WP_103564314.1	298	delta	1			335	Direct
m0414	d8bf4c4b8965f1f5509d077b1db637c5	AB302140	338	v1	0	40	3.40.50.1820		
m0415	d8c880a8e19c3f44b32d639747b57222	WP_139584963.1	465	delta	1			294	Direct
m0416	d91b645ebea282e1c771123a7abe685f	WP_011209364.1	479	v1	0	10	3.90.1300.10		
m0417	da74b7409b4c0618cc66c7787e557585	AAD22743.1	617	v1	0	4	3.40.50.1820		
m0418	dab2da810add966a777bb8c243da293b	Q99174	230	v1	0	2	3.40.50.1820		
m0419	dab44b27181e9dfebdb31b8551df5e99	PWR09075.1	275	delta	1			445	Direct
m0420	db36fdeb64024c7cfb6039afa13f9865	WP_199199185.1	313	delta	1			441	Direct
m0421	dbb69c16a79774a1a51b4b80a8f1bd63	WP_083302694.1	463	delta	1			311	Direct
m0422	dcdd75a330b1680da8c69fade4d72aab	WP_132183354.1	454	delta	1			318	Direct
m0423	de1d1642d2c3124c7bbb56034d89a79d	WP_181548579.1	408	delta	1			426	Direct
m0424	de5188fe17cc9552eecfc6b69179e19d	ALS54749.1	520	v1	0	23	3.40.50.1820		
m0425	de58930843f53b731bc34d03f729488d	WP_090538641.1	304	v1	0	1	3.40.50.1820		
m0426	de7fd3cae353ad8fabd922f83140376c	AKJ87216	322	v1	0	23	3.40.50.1820		
m0427	dea4da8f4f93db0b2277eac7ec3e5196	WP_073391230.1	285	delta	1			344	Direct
m0428	df38ea060b5dad0dfc9a593e4dce333c	A0A0K8P6T7	290	v1	0	1	3.40.50.1820		
m0429	df52dbec1fe267fa047523cd0a70b307	pazy:137	240	delta	1			137	Direct
m0430	e007fda3da0579e8f4e1fb21983417d8	WP_218517662.1	392	delta	1			472	Direct
m0431	e0b91bc8063c1c7e94e918fcfd8cf2bc	A0A075B5G4	194	v1	0	2	3.40.50.1820		
m0432	e0d6a495a18daf26ce42662f54bf4783	WKW63608	408	delta	1			496	Direct
m0433	e0db2a4f62c16fd0850cb05f28dbe103	R4YKL9_OLEAN	310	v1	0	1	3.40.50.1820		
m0434	e125fba23d29946317aa25973b8c03cb	WP_104613137.1	301	v1	0	1	3.40.50.1820		
m0435	e29581cfb5c7b884636cacf399536a2b	MBF9135495.1	293	delta	1			422	Direct
m0436	e33e8b6636c423c0a7bb6aea68306978	A0A7W0NYQ1	292	delta	1			372	Direct
m0437	e422c7b9aabe1a23f75d15bd35cf71a6	BBP47208; XP_036664376	551	v1	0	10	3.90.1300.10		
m0438	e49911a7e5738e9056e9fb9c5a9aa7ae	BAA76305.1	548	v1	0	23	3.40.50.1820		
m0439	e4d76d3d7e6833a775f7b2770ac87c6b	A0A368EC02	304	delta	1			355	Direct
m0440	e517914dc89db0a2eedf86b6f66bf60c	WBR49958	439	v1	0	10	3.90.1300.10		
m0441	e5571e8fd143e90bd5db0ca52ce67226	DAC80635	284	v1	0	1	3.40.50.1820		
m0442	e58fe1dc5273be59865137941bcdaa35	CAA26616	392	delta	1			482	Thomas
m0443	e5a559b306f8a40b94d6844216b41307	WP_041846030.1	256	v1	0	37	3.40.50.1820		
m0444	e65e54bed8b506d0ddf1f5164bf29425	ADV92526.1	262	v1	0	1	3.40.50.1820		
m0445	e6c1800b97f5f0184a1dd73540deb95a	SAY37583.1	259	v1	0	1	3.40.50.1820		
m0446	e6cfd2897ec399a6f1d3ec1c6a98cdb7	WP_039353427	366	v1	0	1	3.40.50.1820		
m0447	e7456e8fab716e570d81b4e7665698f5	WP_075737041.1	304	delta	1			299	Direct
m0448	e7d1a404d6aeb48e1849f68fefcf018f	WP_067035690.1	423	delta	1			334	Direct
m0449	e8b2c742a4aaae248ea974667fac5dd6	pazy:236	287	delta	1			236	Direct
m0450	ea7a24d47eff2487f1491b3ad67cce64	A0A060N5H2	226	v1	0	2	3.40.50.1820		
m0451	ebab773a50031e4f18dfa532f93c9379	WP_088988822.1	465	delta	1			279	Direct
m0452	ebd22bc012fd6e181f43bc728b85dc79	NYLC_FLASK	355	v1	0	9	3.60.70.12		
m0453	ec1108b84e036f58c2b72e2c1fcd594e	WP_143447025.1	286	delta	1			480	Direct
m0454	ec4e4a83261a41221a4a81ead1dd3aec	WP_233604767.1	391	delta	1			474	Direct
m0455	ec89fcce3f831d4efa72c84c4ac889ee	NYLB_FLASK	392	v1	0	42	3.40.710.10		
m0456	ece8f45d57141ab0f29280d76fc2a9b7	WP_116813002.1	288	delta	1			313	Direct
m0457	ee0092b4288da1c69a59e16f2b702cdf	ACC95208.1	308	v1	0	1	3.40.50.1820		
m0458	ee6b0a11b080383c4383a93312d4003e	A0A3M1X2K7	322	delta	1			358	Direct
m0459	ee81132e0d2e864d7ce91cabcdfc1cf4	A0A432H965	326	delta	1			359	Direct
m0460	eeae01ba76427bc51c141cb43ccba7fd	WP_116180173.1	288	delta	1			276	Direct
m0461	ef08656ab980fbd8c17fe79b6060a681	WP_078759821.1	311	v1	0	1	3.40.50.1820		
m0462	ef0ce8fcf0fe89871330b7d41cec0e7b	WP_101893509.1	283	v1	0	1	3.40.50.1820		
m0463	ef202661c7e74e69a79dbd3c290e1b5b	A0A6I1QW75	325	delta	1			366	Direct
m0464	f00445f8b289d0164aff442192f24187	WP_103939557.1	292	delta	1			337	Direct
m0465	f02a200a7bde26eec9b9473d1e86184e	WP_260709492.1	421	delta	1			458	Direct
m0466	f0ef5b5426c1171b0f229df593d4d810	P20261	549	v1	0	23	3.40.50.1820		
m0467	f21de0ea2dcb603946ac9638d3076b59	AKZ20828.1	452	v1	0	25	3.40.50.1820		
m0468	f246639aef84a3e6be3c89eac9b2dfbf	WP_112669767.1	461	delta	1			309	Direct
m0469	f28662e663185e96fcb35bf385d01cdb	WP_281901711.1	374	delta	1			424	Direct
m0470	f3019f8a82e15ef9ac9ed61f6a611c97	Q0K4D5	412	v1	0	3	3.40.50.1820		
m0471	f5ac2c525370f659e6c1b4fc71e16ce1	SAY37589.1	257	v1	0	1	3.40.50.1820		
m0472	f6b49d102dee98cb0d7ac84f5fc0aa48	NUT34383.1	257	delta	1			402	Direct
m0473	f768e32a79d0b17b006886911c31b36d	WID88783.1	462	v1	0	23	3.40.50.1820		
m0474	f7e864f6573eccaba6017448237af700	P52956	213	v1	0	2	3.40.50.1820		
m0475	f85c8564f510148807a599ea6a5cf433	WP_123685830.1	289	delta	1			316	Direct
m0476	f972c4fe64b984d09a783a3fcdfb3199	Q0K9H3	718	v1	0	28	3.40.50.1820		
m0477	fa39650c565c98f3ecb4a044ca1378d2	WP_204038550.1	270	delta	1			425	Direct
m0478	faef74550d7446bbc4b0b019069c62c3	pazy:492	491	delta	1			492	Direct
m0479	faf6984f2f1464301a6db7313145d9f3	WP_014810472.1	334	delta	1			375	Direct
m0480	fb68a33e966a9f713281583d4f5d357b	WP_117215036.1	434	v1	0	1	3.40.50.1820		
m0481	fb6cb498ca713c8ff665a94eeaeab29f	WP_086668955.1	375	delta	1			330	Direct
m0482	fbb094dd3b7ab0d0ae269239dad611d5	WP_209642273.1	254	delta	1			257	Direct
m0483	fbbad91070ae99aa6eed1595044335d5	WP_124770494.1	329	delta	1			321	Direct
m0484	fcafc8f695c58e71718b19c1a7c315ba	N20M5AZM016	258	v1	0	20	3.40.50.1820		
m0485	fceeefb59ad5e778ca5e914e61d0c945	P00761	231	delta	1			251	Indirect
m0486	fd6fe4eecb575bbb51d49f121a523532	WP_217634878.1	294	delta	1			270	Direct
m0487	fe08eef9c8f87d7d57af2914ff906b14	OK558824	316	v1	0	1	3.40.50.1820		
m0488	fe1766a388c03c1e83be5dd8c749ba4b	L0EF70	508	v1	0	23	3.40.50.1820		
m0489	fe31253f406d9725da382e4a9e67d782	YNPsite06_CeleraDRAFT_160970	456	v1	0	1	3.40.50.1820		
m0490	fe354046ad936ac3305fe124cc0c4bcc	WP_125313231.1	309	delta	1			338	Direct
m0491	fe4aebb34e9061b3fa4cb2786b70e750	WP_210157342.1	398	delta	1			409	Direct
m0492	fea43b060eb31c4f0bf3beb4b1f9e521	WP_075885500.1	324	delta	1			347	Direct
