node_id	sequence_md5	accession	accession_all	enzyme_name	enzyme_name_all	organism	sequence_length	n_source_rows	v1_component	cath
m0001	004af9e9b29cb7a99eee6d96edfaabcd	ATH80290	ATH80290	HP	HP	Ectopseudomonas mendocina	280	1		
m0002	00855c73c087597a6c69fa2b114d731e	SAY37579.1	SAY37579.1	PHL-1	PHL-1	compost metagenome	260	1	1	3.40.50.1820
m0003	009e600d3a7df316a22764026a76e2bc	WP_142197250.1	WP_142197250.1	ScPETase	ScPETase	Streptomyces calvus	300	1		
m0004	01d9529bef2a8dc5220ebb00fe475a02			JW45_1534	JW45_1534		417	1		
m0005	02048bc3dc3b8c853e51fcc55038f6ac	KAH7127633	KAH7127633	DmC	DmC	Dactylonectria macrodidyma	237	1	2	3.40.50.1820
m0006	024678fb7e5f5a204647fd2d1e393aab	Q3L8N0.2	Q3L8N0.2	LCP_STRK3	LCP_STRK3	Streptomyces sp. K30	407	1	16	NA
m0007	04eb6f62384740641a457083240d65be	WP_137976057.1	WP_137976057.1	1821	1821	Streptomyces violaceusniger	378	1		
m0008	0600d8fd8a62760bde8393fb0fde0e0d	WP_091283529.1	WP_091283529.1	1591	1591	Micromonospora haikouensis	463	1		
m0009	067e281972e92f24fb345ef6c8870caa	APJ12152	APJ12152	LipMRD9	LipMRD9	Bacillus safensis	215	1	26	3.40.50.1820
m0010	06838ea54893acb0dae64a94f5fe912a			ReU	ReU		471	1		
m0011	06d89e9f595b7abc6f662a4ea5fc3f77	WBR49957.1	WBR49957.1	UMG-SP-2	UMG-SP-2	Metagenome	439	1	10	3.90.1300.10
m0012	06ea0302cc54279d54aebaa45774cfe7	A0A3D1YDR8	A0A3D1YDR8	Nyl37	Nyl37	Dehalococcoidia bacterium	311	1		
m0013	073907a632be32c5b92c8381c4de0c90	WP_085748997.1	WP_085748997.1	LatA	LatA	Piscinibacter gummiphilus	679	1	15	NA
m0014	073f8bc76f09e2183891c86f93e05b7d	MBO9569276.1	MBO9569276.1	TEP091	TEP091	Cellulomonas iranensis	284	1		
m0015	07624194bbcd6bf29fe626de86e9ca46	WP_150070118.1	WP_150070118.1	TEP105	TEP105	Saccharopolyspora hirsuta	295	1		
m0016	085add734f10d1917f9638347ab618d2	WP_132259156.1	WP_132259156.1	PhaZ7	PhaZ7	Paucimonas lemoignei	380	1	34	3.40.50.1820
m0017	0a552022c4776bbf93ebe23164db0cd0	MBW4703769.1	MBW4703769.1	ESM101	ESM101	Micromonospora sp. RL09-050-HVF-A	474	1		
m0018	0ac767e72406f2fc0cf50fd9008e6f16	ATG80622.1	ATG80622.1	LP175	LP175	Laceyella sacchari	385	1	21	3.40.50.1820
m0019	0b490a6d93d67b0ebb2d6cd3d80f9d9a	WKW63607.1	WKW63607.1	PET93	PET93	Maribacter dokdonensis	434	1		
m0020	0bed3021f541af53d7f9285ae8d85094	WP_144022925.1	WP_144022925.1	ESM160	ESM160	Asanoa hainanensis	296	1		
m0021	0c554c0dd255de614d248db3118d89da	AAK28498.1	AAK28498.1	AmdA	AmdA	Agrobacterium tumefaciens	517	1	10	3.90.1300.10
m0022	0c75d9f81ae52914a609ec24d4c68ea2	SAY37587	SAY37587	PHL-5	PHL-5	Compost metagenome	257	1	1	3.40.50.1820
m0023	0ccba4d53ac83e5437ecd1027cfe4ab8	TAL40028	TAL40028	Nyl50	Nyl50	Alphaproteobacteria bacterium	305	1		
m0024	0ce515d8f0c2a6b72722a127e726b8d7	BAF57212.1	BAF57212.1	PlaM7	PlaM7	PLA disk compost metagenome	283	1	5	3.40.50.1820
m0025	0d1c7296209804664d2da95c23eea089	P08684.4	P08684.4	CYP450	CYP450	Homo sapiens	503	1		
m0026	0d26a77d2ffda03e4582e295927066c6	WP_011061486.1	WP_011061486.1	PueA	PueA	Pseudomonas protegens	617	1	4	3.40.50.1820
m0027	0d51bfebc665db66f2d9c28959b141d3	WP_130464304.1	WP_130464304.1	1538	1538	Plantactinospora sp. B6F1	472	1		
m0028	0dd151000d71720a7a8996bf7fb3acbf	P80008.1	P80008.1	Arylacylamidase	Arylacylamidase	Nocardia globerula	28	1		
m0029	0e841a3c1f59a0cfd7b1ac47b6e7b1bd	WKA69984.1	WKA69984.1	CpCut1	CpCut1	Cladosporium sp.	221	1	2	3.40.50.1820
m0030	0f43f7fe3f0c0042197df2508ee850e3	WP_086784246.1	WP_086784246.1	1654	1654	Crossiella equi	418	1		
m0031	0ff17ebdb173018728d2219bcd5f4e38	AAA21974.1	AAA21974.1	PhaZAfa	PhaZAfa	Alcaligenes faecalis	488	1		
m0032	1090fc7df5cb6e4866fd00779c1d8e28	ANG60415	ANG60415	GatA	GatA;Urethanase	Lysinibacillus fusiformis	472	2	10	3.90.1300.10
m0033	10d87dbad4c4c7bfd7d5c331cef5b9ce	ADM47605.1	ADM47605.1	702	702	Thermobifida fusca	262	1	1	3.40.50.1820
m0034	10e219e71a25db666947cbd3afc63123	ASA57064.1	ASA57064.1	PET6	PET6	Vibrio gazogenes	298	1	1	3.40.50.1820
m0035	10f99a34d701d302d6cd789182b6508e	A0A7V9NEU5	A0A7V9NEU5	Nyl71	Nyl71	Acidobacteriota bacterium	359	1		
m0036	1101bda63c95a021aad8d9924dfba646	ALS54749.1	ALS54749.1	Chath_Est1	Chath_Est1	Hungatella hathewayi	528	1		
m0037	11448cbf80389c1a758d8dfcba90907c	BAV72205.1	BAV72205.1	PBATHBp	PBATHBp	Bacillus pumilus	215	1	26	3.40.50.1820
m0038	1197ee1b96f74dd16a31dad1ba334c46	WP_062195544.1	WP_062195544.1	CtPl	CtPl	Caldimonas taiwanensis	292	1	1	3.40.50.1820
m0039	12efbdad63de5275909365067113db41	UNZ81747.1	UNZ81747.1	IS11	IS11	Dehalococcoidia bacterium	455	1	43	3.40.710.10
m0040	1361228bf3f1c19ea8214555076414a7	SHM40309	SHM40309	CaPETase	CaPETase	Cryptosporangium aurantiacum	299	1	1	3.40.50.1820
m0041	149e83bf7e1c0307af6bc10d0662ef3b			GlacPETase	GlacPETase		282	1		
m0042	14a5c3e1584a0ee2518f18810a7fed98	RLT92980.1	RLT92980.1	409	409	Ketobacter sp.	269	1	1	3.40.50.1820
m0043	14c85d0adef7eb6df5a6ed35c4a73ba8	UFE15763.1	UFE15763.1	lcp2	lcp2		402	1		
m0044	15317ec096461afae2a6111e17b27633	WP_011615004.1	WP_011615004.1	PhaY2	PhaY2	Cupriavidus necator	293	1	33	3.40.50.1820
m0045	1545cf731ea10ee62b256807199e37d8	RLU00646.1	RLU00646.1	403	403	Ketobacter sp.	312	1	1	3.40.50.1820
m0046	15938ddd57d7448aa110a9139193c91b	UUT36764	UUT36764	PLE628	PLE628	Marinobacter sp.	307	1	1	3.40.50.1820
m0047	161e4dc2c4ef1e36fe625c65439a815b	CCH19814.1	CCH19814.1	1617	1617	Micromonospora lupini	465	1		
m0048	167f1e4e4481dfb27bd087d9b3902929	Q75UA4	Q75UA4	PLAase	PLAase	Amycolatopsis (Nocardia) sp. strain K104-1	238	1	11	2.40.10.10
m0049	174ba911d73b1edc801c52651ec17efd	ODU60407.1	ODU60407.1	406	406	Comamonadaceae bacterium	305	1	1	3.40.50.1820
m0050	17cf0142a842915adf56bd16d1f70336	WP_260709492.1	WP_260709492.1	TEP054	TEP054	Dactylosporangium aurantiacum	437	1		
m0051	1801d10ed570ce70933bdbe9f25a34b6	WP_239135698.1	WP_239135698.1	ESM093	ESM093	Dactylosporangium siamense	279	1		
m0052	1825599eda3fb3a78763126d00597799	5ZOA_A	5ZOA_A	TfH	TfH	Thermobifida fusca	261	1		
m0053	18de7a550936804f8be57fdf26a8e0e3	ABY67151.1	ABY67151.1	PLAase III	PLAase III	Amycolatopsis orientalis	176	1		
m0054	18f1178aa194bcd44f9de9bf8b6ef166	MPZ00478.1	MPZ00478.1	APET-25	APET-25	Actinophytocola sp.	285	1		
m0055	198d14bb37149debc526a3f90e777956	WP_006368739.1	WP_006368739.1	Lcp1VH2	Lcp1VH2	Gordonia polyisoprenivorans	407	1	16	NA
m0056	1b0d2c147b96bad033703fb124a50764	AEV21261.1	AEV21261.1	LCC	LCC		293	1	1	3.40.50.1820
m0057	1dac4ce79e11274c7297487b461232e1	NP_390179.1	NP_390179.1	BsMPPE	BsMPPE	Bacillus subtilis	259	1		
m0058	1e1f498fae0e6d56fb87a52a1fef96ff	WP_083947829	WP_083947829	711	711	Thermobifida cellulosilytica	284	1	1	3.40.50.1820
m0059	1fd045e8b65176376e182facc216b772	OWT56952	OWT56952	Nyl16	Nyl16	Candidimonas nitroreducens	335	1		
m0060	2053c1f056678cc0df8796d8990fb355	WP_111214096.1	WP_111214096.1	ESM059	ESM059	Micromonospora craterilacus	462	1		
m0061	20f7abda67d907b1e03456185b9a7df8	SPF04022.1	SPF04022.1	1392	1392	Streptomyces sp. MA5143a	287	1		
m0062	213f66a13d29726369cc62acb0ec8c5b	WP_131292212.1	WP_131292212.1	Nyl47	Nyl47	Kribbella sindirgiensis	287	1		
m0063	21529d199ac34be22c7967f66af4194b	GIG90696.1	GIG90696.1	TEP092	TEP092	Plantactinospora endophytica	472	1		
m0064	21b9ee3c2d064bd97bf205292edd4e77	WP_239125827.1	WP_239125827.1	ESM144	ESM144	Catellatospora bangladeshensis	288	1		
m0065	228bd6d0bd6e93a1b69422e21d51b913			RtC	RtC		231	1		
m0066	228edba5269227f472a446139a646369	WP_108898647	WP_108898647	Ces39_5	Ces39_5	Caldibacillus thermoamylovorans	249	1	39	3.40.50.1820
m0067	2510ccd8faea4efb0652cab75394adfa	WP_144126986.1	WP_144126986.1	1507	1507	Catellatospora sichuanensis	275	1		
m0068	25535d4836a01c7d3cc4bbeba3c18437	XCO66867.1	XCO66867.1	PurH	PurH	Aeromicrobium sp.	286	1	1	3.40.50.1820
m0069	255e2b78ca9f54fe397d3917c1c6cae9	BCL64964.1	BCL64964.1;UNZ22463.1	PBATHRF	PBATHRF;RCut	Rhodococcoides fascians	216	2	2	3.40.50.1820
m0070	263a6865371a5e0924e53280192fa035	WP_034767800	WP_034767800	Ces19_14	Ces19_14	Caldibacillus thermoamylovorans	240	1	36	3.40.50.1820
m0071	263b6d9cf1f73ddee6c8d0410fdaf229	WP_011614907.1	WP_011614907.1	PhaZ1	PhaZ1	Cupriavidus necator	419	1	3	3.40.50.1820
m0072	27b40925ec9dab01a97010da9157f232	MSS57807	MSS57807	Nyl73	Nyl73	Stecheria intestinalis	319	1		
m0073	287dd238ca5f47fa0362cba5d21edbc6			GatA250	GatA250		491	1		
m0074	2907a9f9131390b753aa9953740df710			JW44_1708	JW44_1708		204	1		
m0075	2952634441666dbdb22a48ce9cde12c5	WP_034768559.1	WP_034768559.1	Est8_89	Est8_89	Caldibacillus thermoamylovorans	266	1	22	3.40.50.1820
m0076	2a3c4f5280e7c5835b8e1428f7044fe3	WP_233872418.1	WP_233872418.1	DP090	DP090	Streptomyces sp. ST2-7A	314	1		
m0077	2a9215b62ae074282dc7ffcda6232192	YCL34723	YCL34723	DIEGO	DIEGO	uncultured bacterium	293	1		
m0078	2af6d737171357f18fd9f3cddedf6015	MBX2857432.1	MBX2857432.1	APET-28	APET-28	Cellvibrionaceae bacterium	275	1		
m0079	2b913d598a604cd64df1b67d929b5d6f	MGYP000532440779	MGYP000532440779	MG8	MG8	Oral metagenome	307	1		
m0080	2b9fd2b29499ad2d285db6505328e11d	BAI99230.2	BAI99230.2	Est1	Est1	Thermobifida alba	296	1	1	3.40.50.1820
m0081	2c71453465b0acb39d172983ac4a7387	WP_116023875.1	WP_116023875.1	APET-19	APET-19	Thermomonospora umbrina	279	1		
m0082	2cd5f487f5114193eaf1c99806f6ef63	WP_036989706.1	WP_036989706.1	PbauzCut	PbauzCut	Halopseudomonas bauzanensis	302	1	1	3.40.50.1820
m0083	2cdb0469feb77ba7e2d63ca3b108b137	WP_031525917.1	WP_031525917.1	ESM043	ESM043	Streptomyces sp. NRRL F-5123	426	1		
m0084	2d321d769e7c7464a135d954c2a9a866	WP_149259982.1	WP_149259982.1	TEP067	TEP067	Actinomadura sp. K4S16	309	1		
m0085	2da35d44369fc57fbab077687acd8caf	WP_091450391.1	WP_091450391.1	1228	1228	Actinokineospora iranica	281	1		
m0086	2ddc62c97241531aed04530538ae54d8	XDS72785.1	XDS72785.1	Sis	Sis	uncultured bacterium	282	1	1	3.40.50.1820
m0087	2faa60f73ded9c502787ece47fca13f7	BAN51852.1	BAN51852.1	PCLE	PCLE	Paraphoma sp. B47-9	227	1	2	3.40.50.1820
m0088	31564b91ecf89c422e16abc249221256	WP_110080872.1	WP_110080872.1	1424	1424	Actinokineospora spheciospongiae	316	1		
m0089	3159d0f519fd0565b7134f18713e8324	WP_085750434.1	WP_085750434.1	DP039	DP039	Piscinibacter gummiphilus	289	1		
m0090	316e87e4b339708fb285d715f460c8d2	UFE15762.1	UFE15762.1	lcp1	lcp1		406	1		
m0091	3195c72d9a6cc23e6a918505eb460744	WP_256510026.1	WP_256510026.1	TEP041	TEP041	Crossiella sp. SN42	266	1		
m0092	31e8cee08e99636ef7d35f9f5457bb57	WP_085749238	WP_085749238	RgCut-2	RgCut-2	Piscinibacter gummiphilus	279	1	1	3.40.50.1820
m0093	32320ea9636947aaaa29de601c9a9fa4	WP_011616952.1	WP_011616952.1	PhaZ5	PhaZ5	Cupriavidus necator	407	1	3	3.40.50.1820
m0094	325634c8b48334249f0532c897258e2e	WP_068824797.1	WP_068824797.1	jmPE14	jmPE14	Pseudomonas sp. JM16B3	297	1	1	3.40.50.1820
m0095	336f0649eca9651f90fe2d208cd29559	WP_293218050.1	WP_293218050.1	GatA-like	GatA-like	Parvibaculum sp.	485	1	10	3.90.1300.10
m0096	339540f3809d8ac98ee633f1da7247e9	XP_014659518.1	XP_014659518.1	PaE	PaE	Moesziomyces antarcticus	224	1	2	3.40.50.1820
m0097	342ff8b50fc233be7b68dc6cd032d5a7	AKJ87250	AKJ87250	MGS0084	MGS0084	Environmental metagenome	411	1	18	TBDY
m0098	34845c057c0fc493b1f6938327b2a52a	WP_170196788.1	WP_170196788.1	Nyl93	Nyl93	Gordonia asplenii	376	1		
m0099	3553b7c612834728bae59c60af19fbda	MGYP001477358452	MGYP001477358452	TEP014	TEP014	Bioreactor metagenome	300	1		
m0100	362632b30b43e3854087c699d608f0b1	MBX3625601.1	MBX3625601.1	APET-17	APET-17	Rhizobacter sp.	290	1		
m0101	36a989ab704be3f0d22479cc94524084	TDP67440	TDP67440	DP006	DP006	Actinokineospora alba	294	1		
m0102	38977381259c624bdcec8191c6717c7a	WP_204038550.1	WP_204038550.1	ESM065	ESM065	Micromonospora qiuiae	323	1		
m0103	39f5ef8b2abbe007e623b9ceb5a0c815	U7UHN3	U7UHN3	Nyl87	Nyl87	Peptoniphilus sp. BV3C26	313	1		
m0104	3a8b3b50918fa1553710b5c8d094771c	WP_187224800.1	WP_187224800.1	DP017	DP017	Actinokineospora xionganensis	283	1		
m0105	3b00f12fd36416ff8790c3e56ebd219c	A0A7V5VEC1	A0A7V5VEC1	Nyl68	Nyl68	Bacteroidota bacterium	312	1		
m0106	3b8571a2d62a99f31d344cab5662e8e5	WP_093954453.1	WP_093954453.1	1457	1457	Amycolatopsis vastitatis	302	1		
m0107	3ccbadd7e660120a138f6df238b1b9ae	CAA32820.1	CAA32820.1	Proteinase K	Proteinase K	Parengyodontium album	384	1	21	3.40.50.1820
m0108	3cdb04dfc6e8e2e6816fbe523d088f25	KNX38636.1	KNX38636.1	1240	1240	Luteipulveratus halotolerans	303	1		
m0109	3d98c4ffc15561968b8fbb11d2ed071a	AFA76036.1	AFA76036.1	Lcp2VH2	Lcp2VH2	Gordonia polyisoprenivorans	388	1	16	NA
m0110	3daf95d51a344e67e10dd0832d970bba	WP_037320891.1	WP_037320891.1	PLAase I	PLAase I	Amycolatopsis orientalis	245	1		
m0111	3dcbffcfab5a9bf0b1856144dd30e5ef	WP_093411427.1	WP_093411427.1	1545	1545	Micromonospora sediminimaris	467	1		
m0112	3ecb425bded1a0f79d8f0e0d110588f5	WP_109361459.1	WP_109361459.1	TEP102	TEP102	Streptomyces sp. V2	432	1		
m0113	3ed7551a77d0f6098185c1af7d8c8385	WP_093473685.1	WP_093473685.1	ESM186	ESM186	Halopseudomonas yangmingensis	303	1		
m0114	3f5b7ed180255f20639a75548bb8ac56	WP_130401777.1	WP_130401777.1	1637	1637	Micromonospora violae	462	1		
m0115	4101ed79233a5b5898733d86311407b2	WP_019633337.1	WP_019633337.1	TEP101	TEP101	Actinomadura atramentaria	301	1		
m0116	4128006510697cae616c99ca6fbb128c	WP_233427406.1	WP_233427406.1	DP040	DP040	Actinokineospora spheciospongiae	299	1		
m0117	42091824cdf4b41fc5df083621ce6549			307	307		186	1		
m0118	426c9c3680fe7091b7e6f1c7a0f7e7d3	AAP85930.1	AAP85930.1	PhaZ4	PhaZ4	Cupriavidus necator	245	1	3	3.40.50.1820
m0119	42aa40364f5684f1f255819ab69b7b92	WP_044499735.1	WP_044499735.1	PsCut	PsCut	Pseudomonas saudimassiliensis	302	1	1	3.40.50.1820
m0120	4307017d78508de526bb8422be94a4c4	WP_085749752.1	WP_085749752.1	RgPETase	RgPETase	Piscinibacter gummiphilus	292	1	1	3.40.50.1820
m0121	4372f68d441785c9d134905aed4aae6b	WP_211769896.1	WP_211769896.1	TEP103	TEP103	Kutzneria sp. CA-103260	293	1		
m0122	43855fcf31b8ee18bc3c65f3b00f10cb	WP_104115406.1	WP_104115406.1	401	401	Micromonospora chalcea	296	1		
m0123	440c2c28c74998f465ccf99910827774	UAC02078.1	UAC02078.1	ESM082	ESM082	Dactylosporangium vinaceum	269	1		
m0124	4413a75f4591f7557a156f377930d8c1	A0A2E3XQJ6	A0A2E3XQJ6	Nyl18	Nyl18	Halobacteriovoraceae bacterium	328	1		
m0125	443647f8fdd6aeb0fa7cd9fb8076c86d	A0A3D4HM79	A0A3D4HM79	Nyl39	Nyl39	Synergistaceae bacterium	314	1		
m0126	462d8720dba9f954496a198bf18ce71c	WP_378272130.1	WP_378272130.1	serineprotease	serineprotease	Actinomadura keratinilytica	386	1		
m0127	46578a460f23e13d1ebe0b0ebf887282	ADV92527.1	ADV92527.1	Thc_Cut2	Thc_Cut2	Thermobifida cellulosilytica	262	1	1	3.40.50.1820
m0128	46e18f09ca1ffe3e4eda0f6cae364c1e	WP_034398300.1	WP_034398300.1	PhaZCac	PhaZCac	Delftia acidovorans	734	1	28	3.40.50.1820
m0129	476b1b64d6172e51befe003e4e5d70cb	BAU20375	BAU20375	PAM	PAM	Actinomadura keratinilytica	386	1		
m0130	482a4e9fd90b37223b8f0f81a2d54eea	MBT9528079.1	MBT9528079.1	ESM169	ESM169	Rhizobacter sp.	299	1		
m0131	4862c74fdcd52e6437a16fe8f493fc97	R5FI29	R5FI29	Nyl85	Nyl85	Faecalibacterium sp. CAG:1138	302	1		
m0132	486620f02642fa1a8f78c36a2740b0ec	MGYP001121581011	MGYP001121581011	DP059	DP059	Compost metagenome	445	1		
m0133	48ba5f056713b1c70f39bd5277e17500	A0A661XAJ6	A0A661XAJ6	Nyl57	Nyl57	Candidatus Zhuqueibacterota bacterium	315	1		
m0134	499c56dadef662e14b044019d288f152	GHJ08786.1	GHJ08786.1	ESM070	ESM070	Micromonospora sp. AKA109	427	1		
m0135	4a8a820285b21e37bfae31e65489a8ab			102	102		305	1		
m0136	4ae54f06384b9660b40e76e9a902f585	WBR49956.1	WBR49956.1	UMG-SP-1	UMG-SP-1	Metagenome	438	1	10	3.90.1300.10
m0137	4b02a9379189f4f3f4a6d2b07ad427c9	WP_010811062.1	WP_010811062.1	PhaZd1	PhaZd1	Cupriavidus necator	362	1	31	3.40.50.1820
m0138	4b50fcb2d78d50a7f5693abba7e356b1	WP_003460012.1	WP_003460012.1	PpEst	PpEst	Ectopseudomonas oleovorans	201	1	17	TBDX
m0139	4b8623751837c39c9fe582aa5d675187	ACV09511	ACV09511	DP003	DP003	Jonesia denitrificans	319	1		
m0140	4b8f6674246c65fd5e727f3c5653b97c			jmPE14	jmPE14		271	1		
m0141	4be16a85172c726f7f8d6dbd2053955f	AII11221.1	AII11221.1	LMC031	LMC031	Rhodococcus opacus R7	348	1	14	2.60.40.420
m0142	4c8584c9364804042a9544a4f193e5dc	MBX3624429.1	MBX3624429.1	DP038	DP038	Rhizobacter sp.	288	1		
m0143	4c93b29cd359ce02e9f06d853bb00619	WP_085690612	WP_085690612	EstB	EstB	Pseudomonas sp. B10	218	1	38	3.40.50.1820
m0144	4ce5f290ca4d5d58749e55ef4f739ea0	WP_111700265.1	WP_111700265.1	1868	1868	Microbispora triticiradicis	436	1		
m0145	4d4f817cbca0966f4f40247e73036a6e			HGMP01	HGMP01		275	1		
m0146	4d6c690dd47d3941954de2c9d2abaf2f	E5BBQ2	E5BBQ2	TfCut_1; Cut-1.kw3	TfCut_1; Cut-1.kw3	Thermobifida fusca	319	1	1	3.40.50.1820
m0147	4dfca93c424da8986ee3fb484d868de2	GBD22443.1	GBD22443.1	BhrPETase	BhrPETase	bacterium HR29	293	1	1	3.40.50.1820
m0148	4e42b62ac9f3158a2a5a2b35e117d950	BAT32793.1	BAT32793.1	CfCLE	CfCLE	Saitozyma flava	239	1	2	3.40.50.1820
m0149	4eb20c9016001fd934311ea5fc36f89f	WP_143590710.1	WP_143590710.1	385	385	Thermoactinospora rubra	272	1		
m0150	4f68c367317a6c09df48faffc017ad9e	WP_093412886.1	WP_093412886.1	611	611	Saccharopolyspora flava	293	1	1	3.40.50.1820
m0151	4fc6ca50b7b51c5b7f98512adca3c679	WP_203790592.1	WP_203790592.1	ESM060	ESM060	Paractinoplanes rishiriensis	410	1		
m0152	512b62a8993ab9e45d25bcdfa650b798	7C2A_A	7C2A_A	E4	E4	Altericroceibacterium indicum	191	1		
m0153	51637a74ae9efe92560e94b5e2bc6178	UFE15760.1	UFE15760.1	Lcp1	Lcp1	Microtetraspora sp. AC03309	410	1		
m0154	52ac6083b4c7d6faf903f936007224d2	WP_209642273.1	WP_209642273.1	KbPETase	KbPETase	Kibdelosporangium banguiense	270	1		
m0155	5353a76b2d62b148881304e276a3a0e0	P29600	P29600	Subtilisin Savinase	Subtilisin Savinase	Lederbergia lenta	269	1	21	3.40.50.1820
m0156	546363f6f7e62663a681aa0546a7c08c	WDT94189	WDT94189	TA29	TA29	Thermoleophilum album	296	1		
m0157	551946ddbe6046c13ca1a257eab4aeff	WP_267938240.1	WP_267938240.1	ESM006	ESM006	Saccharothrix sp. S26	405	1		
m0158	553239996e512830a1db6b67fb4aa1c7	7NEI	7NEI	PHL-7; PES-H1; PES-H2	PHL-7; PES-H1; PES-H2	Thermoanaerobacter sp.	259	1	1	3.40.50.1820
m0159	55c56bf6f40cb5a2497253d78cfe7803	WP_212846608.1	WP_212846608.1	TEP181	TEP181	Actinoplanes ianthinogenes	421	1		
m0160	56793a483b6506d4f822ce4dab41cbcb	NUT34383.1	NUT34383.1	DP084	DP084	Hamadaea sp.	285	1		
m0161	572db808330016b2e517a2e6db0d8477	UNZ81746.1	UNZ81746.1	IS10	IS10	Chloroflexi bacterium enrichment culture	314	1	23	3.40.50.1820
m0162	574237800be392daa0a6c80748375073	WP_229068674.1	WP_229068674.1	DP043	DP043	Actinoplanes sp. DH11	312	1		
m0163	5803ed5f151b9467fa2e8894554b330e	MGYP001489421514	MGYP001489421514	DP056	DP056	Compost metagenome	303	1		
m0164	586a335986f45e096f6ca073737678a5	WP_312893488.1	WP_312893488.1	Nc-NylC	Nc-NylC	Nocardiopsis composta	344	1	9	3.60.70.12
m0165	5a6ca9ba6be2179ba6074343233d0a9b	WP_081971423.1	WP_081971423.1	1463	1463	Dactylosporangium aurantiacum	265	1		
m0166	5a880c3b46d61fb2b4fa713a243c511a	QPA27412.1	QPA27412.1	PD3	PD3	Brucella anthropi	352	1	35	3.40.50.1820
m0167	5b3f01f3bbd1d34e9bcd72527c959781	WP_158643351.1	WP_158643351.1	412	412	Ketobacter alkanivorans	311	1		
m0168	5b6bcacc9716a844b6969cbeb5e49ef1	WP_082403176.1	WP_082403176.1	1491	1491	Saccharothrix sp. NRRL B-16348	455	1		
m0169	5c06f1259bc12791a4627d9b18c94185	AGT90042.1	AGT90042.1	Amidase	Amidase	Rhodococcus erythropolis	483	1	10	3.90.1300.10
m0170	5c6047089b459f01b0f48bd717dcdfc0	WAT79796.1	WAT79796.1	TGL	TGL	Bacillus safensis	213	1		
m0171	5cee52f57ef4e114863f6926cabdca90	BEG79545	BEG79545	PA4-degrading enzyme	PA4-degrading enzyme	Pseudoalteromonas sp.	716	1		
m0172	5e3a225d0c4dad34e74078ea45904b70	ADV92525.1	ADV92525.1	Tha_Cut1	Tha_Cut1	Thermobifida alba	262	1	1	3.40.50.1820
m0173	5e9df7f0c5b6442f1239982caf867978	7NEI	7NEI	PHL-7	PHL-7	Compost metagenome	267	1		
m0174	5fa3e19ca90991487c80ed55e34da806	AAF66684.1	AAF66684.1	EsterasePulA	EsterasePulA	Pseudomonas fluorescens	451	1	4	3.40.50.1820
m0175	6012a802711a9bb008ee0895a518a5a0	AAA65705.1	AAA65705.1	PhaZ5	PhaZ5	Paucimonas lemoignei	433	1	30	3.40.50.1820
m0176	604018ae8af9058028c669f8ed8de020	OGB27210	OGB27210	BurPL	BurPL	Burkholderiales bacterium	426	1	1	3.40.50.1820
m0177	6139d7ee947801e1ffa5c9345c785900	AAK11724.1	AAK11724.1	Amidase	Amidase	Rhodococcus erythropolis	525	1	10	3.90.1300.10
m0178	61a4ab03c350b74dc8e27682811b973f	P94146	P94146	PhaZAfa	PhaZAfa	Alcaligenes faecalis	635	1	30	3.40.50.1820
m0179	61d801881a590b1495fd2352c700c042	WDT94064	WDT94064	TA21	TA21	Thermoleophilum album	352	1		
m0180	62f7546aebcb1a559748d086de6571e6	WP_260422593.1	WP_260422593.1	TEP111	TEP111	Micromonospora carbonacea	424	1		
m0181	63f3bcdf9d4e41b30836917c8f069d43	UNZ81748.1	UNZ81748.1	IS12	IS12	Chloroflexi bacterium enrichment culture	318	1	23	3.40.50.1820
m0182	6435b353e1e02d2f720bc95ef5cb13af	EGD44994.1	EGD44994.1	503	503	Nocardioidaceae bacterium	294	1	1	3.40.50.1820
m0183	643cdc8e6bf40238fb4a3568cc8eb4f8	WP_348608127.1	WP_348608127.1	ReU-like	ReU-like	Rhodococcus equi TB-60	472	1	10	3.90.1300.10
m0184	6479c4b689da748f2cb786f88522f290	A0A7C6SQZ1	A0A7C6SQZ1	Nyl65	Nyl65	Clostridiales bacterium	318	1		
m0185	647a8a79005fc7f3a762d4b29e0328ad	XHH12375	XHH12375	NylC2	NylC2	Microbacterium oxydans	339	1		
m0186	6501b0257cf940e7d8aa9266fd92aaa1	ACY56506.1	ACY56506.1	Amidase	Amidase	Microbacterium hydrocarbonoxydans	283	1	22	3.40.50.1820
m0187	659a58dc5abc0fd64c7c7e596bb56dd4	WP_044849715.1	WP_044849715.1	PLase3	PLase3	Amycolatopsis (Nocardia) orientalis	364	1	12	2.40.10.10
m0188	66ecc46b29b845a7a916ce1874720817	WP_132413760.1	WP_132413760.1	1468	1468	Kribbella albertanoniae	444	1		
m0189	677a11fa0e32fbd01338ba6d30fc718b	KPI12031.1	KPI12031.1	405	405	Actinobacteria bacterium OK074	302	1	1	3.40.50.1820
m0190	67b4409cf7dfe74bbb08798733600bfc	WP_254586337.1	WP_254586337.1	Lcp2	Lcp2	Streptomyces sp. AC04842	407	1	16	NA
m0191	688e3468b20f955579952d514c187611	WP_089021493.1	WP_089021493.1	1641	1641	Micromonospora coriariae	460	1		
m0192	68c96339ea5e9153dffdfbe8f9906985	WP_139580723.1	WP_139580723.1	DP092	DP092	Microbispora catharanthi	450	1		
m0193	68f440a1f49336f2bc51060f5c2e99f1	MBO9532528.1	MBO9532528.1	APET-20	APET-20	Solirubrobacteraceae bacterium	293	1		
m0194	690953c8ee380d8f7a711710318247ac	WP_145923095.1	WP_145923095.1	1635	1635	Micromonospora sp. HM134	487	1		
m0195	6b1009cf128e698e040b3329caa14ce2	WP_229836555.1	WP_229836555.1	ESM090	ESM090	Dactylosporangium sucinum	285	1		
m0196	6bfc5e52adfd5c1d647dbdd440a07380	WP_132386942.1	WP_132386942.1	1489	1489	Micromonospora sp. KC723	447	1		
m0197	6c8a21cf9b056c70de13236ba6a2c881	A0A6A7M915	A0A6A7M915	Nyl58	Nyl58	Rhodospirillales bacterium	342	1		
m0198	6c92a78329d5a05cad38caf62075d747	P19833.1	P19833.1	Mors1	Mors1	Moraxella sp. TA144	319	1	1	3.40.50.1820
m0199	6c94e122d721e790088493d35c7c03a9	WP_203733135.1	WP_203733135.1	DP082	DP082	Paractinoplanes durhamensis	295	1		
m0200	6cfa5991a1358a2618da129bb29a2d1c	SUD16364	SUD16364	PaCut	PaCut	Aquipseudomonas alcaligenes	298	1	1	3.40.50.1820
m0201	6def7fc8a6f81bb797445e688dbb615f	OPG10926.1	OPG10926.1	169	169	Microbispora sp. GKU 823	308	1		
m0202	6e59b2b22d0932610243c38a9455adb5	WP_141984372.1	WP_141984372.1	1482	1482	Saccharothrix saharensis	413	1		
m0203	6e80f2f31cbe7bc9184caed2bea23776	WP_239086781.1	WP_239086781.1	ESM177	ESM177	Catellatospora methionotrophica	290	1		
m0204	6eeb7b649b01121426a96ddee3c2c007	XHH12374	XHH12374	NylC1	NylC1	Leucobacter chromiiresistens	357	1		
m0205	6f59754c646b6771593cdb66b1cc732b	WP_045318561.1	WP_045318561.1	1678	1678	Lentzea aerocolonigenes	424	1		
m0206	701849adbc66ce54e28ad407951aee3b	WP_252811421.1	WP_252811421.1	ESM084	ESM084;TEP114	Actinoallomurus spadix	424	2		
m0207	70461e4ccc8f072afc5757915d4ab26f	WP_162908185.1	WP_162908185.1	407	407	Allorhizocola rhizosphaerae	436	1		
m0208	706fff86ca9f67473863ad795f5707fc	WP_252275389.1	WP_252275389.1	ESM096	ESM096	Pseudomonas subflava	296	1		
m0209	710f4592bfa0115da9f3500092b3518f	WP_022964382.1	WP_022964382.1	PpelaLip	PpelaLip	Halopseudomonas pelagia	307	1	1	3.40.50.1820
m0210	71d88f44c8ddca8715a62d0d30305df5	RLI42440.1	RLI42440.1	PET46	PET46	Candidatus Bathyarchaeota archaeon	262	1	1	3.40.50.1820
m0211	7269cc72c4e11c63f64df5c2d937af35	WP_256510519.1	WP_256510519.1	TEP164	TEP164	Crossiella sp. SN42	403	1		
m0212	7290711b3d888830a61b777dcd01df5d	ADV92528.1	ADV92528.1	TfH42_Cut1	TfH42_Cut1	Thermobifida fusca	262	1	1	3.40.50.1820
m0213	73f07a67f93f50ac08de42fd3f33928a	A0A351YZM4	A0A351YZM4	Nyl32	Nyl32	Treponema sp.	328	1		
m0214	7452d6761b99d133be32ee4b17239cd1	WP_011157072.1	WP_011157072.1	RPA1511	RPA1511	Rhodopseudomonas palustris	295	1	6	3.40.50.1820
m0215	74f45b9b297fc969ba3fd070bdedc403	MBT8227529.1	MBT8227529.1	DP021	DP021	Dactylosporangium sp.	451	1		
m0216	75970cca0aca8c2628e21abeff92d2b0	MGYP000271253724	MGYP000271253724	DP068	DP068	Marine metagenome	420	1		
m0217	75b2b72259a73dea11dea49d5062379d	WP_220815207	WP_220815207	PpPETase	PpPETase	Pseudomonas paralcaligenes	298	1		
m0218	75bb9ab0210af3940fb95e2939ac10fe			dsPETase05	dsPETase05		301	1		
m0219	760d48b991f3789858295120e590915c	WP_010949597.1	WP_010949597.1	Nyl84	Nyl84	Mycobacterium avium subsp. paratuberculosis	347	1		
m0220	761f31759bb5d73ea55282d40c050c2e	AFA45122.1	AFA45122.1	Thh_Est	Thh_Est	Thermobifida halotolerans	262	1	1	3.40.50.1820
m0221	77a7b5a521e48effd1710f14533ed6a5	WP_132337032.1	WP_132337032.1	1521	1521	Micromonospora sp. KC213	443	1		
m0222	77b3eb7d458379633a6175152729a2e8	BAF57213.1	BAF57213.1	PlaM8 depolymerase	PlaM8 depolymerase	Metagenome	283	1	5	3.40.50.1820
m0223	77bca54fb186cc66d3f509d6fb835b65	WP_012476897.1	WP_012476897.1	NylA	NylA	Paenarthrobacter ureafaciens	493	1	10	3.90.1300.10
m0224	783d312623e9a23ce795d29a255d97a8	WP_155388305.1	WP_155388305.1	1522	1522	Catellatospora paridis	276	1		
m0225	78f18c1dd8a82d742a0cccc5a0e6a951	WP_082766707.1	WP_082766707.1	Nyl11	Nyl11	Ferrimonas marina	343	1		
m0226	790629d20f9a499b3cf518e1e7000b71	MBX3621832.1	MBX3621832.1	ESM045	ESM045	Rhizobacter sp.	280	1		
m0227	79c49015e4218f7c3a46046c08b8030d	WP_035284691	WP_035284691	DP007	DP007	Actinokineospora spheciospongiae	297	1		
m0228	7a0b4f5fc6faf46b8f8e8de955097dbe	WP_129849678.1	WP_129849678.1	191	191	Streptomyces sp. SCA2-2	316	1		
m0229	7ad7db832510d64d62b4e29db40fa372	WP_184682765.1	WP_184682765.1	DP078	DP078	Pseudomonas fluvialis	298	1		
m0230	7cf1ce68095952a5cc8abd5bbcfd1ff7	WP_182904095.1	WP_182904095.1	ESM038	ESM038	Microbispora sp. H10830	450	1		
m0231	7d1184184e0086123cd94070ab861eb2	BAD07474.1	BAD07474.1	Nepenthesin-1	Nepenthesin-1	Nepenthes distillatoria	437	1		
m0232	7d398f96d8a77630de8a9da0c6635b29	WP_281901711.1	WP_281901711.1	ESM064	ESM064	Phytohabitans aurantiacus	401	1		
m0233	7d43cc8143961b92bacba0d218fe7818	WDT94443	WDT94443	TA26	TA26	Thermoleophilum album	321	1		
m0234	7e5680dfd06abf1e4f5a432453eb246d	WP_151597653.1	WP_151597653.1	DP016	DP016	Actinomadura physcomitrii	310	1		
m0235	7f597bfa435ab3ad4d01391067fcea07	WP_232326807.1	WP_232326807.1	ESM026	ESM026	Microbispora sp. ATCC PTA-5024	435	1		
m0236	7f7526ac0c7c4c8440ba6812322c88d5	WP_108898452	WP_108898452	Lip4_120	Lip4_120	Caldibacillus thermoamylovorans	417	1	25	3.40.50.1820
m0237	815c8cb8347c7ae5a0b5f9f5e645b5db	Q12559.2	Q12559.2	PURase	PURase	Aspergillus oryzae	545	1	10	3.90.1300.10
m0238	81a9df90765d3ca5a2dbd97ac8fe0e4f	AKJ87264	AKJ87264	MGS0156	MGS0156	Environmental metagenome	421	1	24	3.40.50.1820
m0239	81f568dbaa464c36246be059cfa19188	WNY00484.1	WNY00484.1	GlacPETase	GlacPETase	Pseudomonas sp.	282	1	1	3.40.50.1820
m0240	821c28b3e158579536d0795e3661b21a	BAE95770.1	BAE95770.1	NylCK	NylCK	Kocuria sp. KY2	355	1	9	3.60.70.12
m0241	829800eec935d841bf6bcc8772be89b2	NP_999368.1	NP_999368.1	porcine pancreatic lipase	porcine pancreatic lipase	Sus scrofa	112	1		
m0242	82b7aa41d984234dbb69f23c5dfebbb9	XAQ58225	XAQ58225	BaCut1	BaCut1	Blastobotrys sp. G-9	222	1	2	3.40.50.1820
m0243	82b7c2b8fe6536c3c95f6f083c3a4609			TaC	TaC		228	1		
m0244	82d420ad8219d9469aeea11873ba7544	WP_084578793.1	WP_084578793.1	1718	1718	Kutzneria sp. 744	337	1		
m0245	83679359d645f51f2cc5de9332d999c2	WP_221382552.1	WP_221382552.1	DP061	DP061	Paractinoplanes polyasparticus	457	1		
m0246	837c8cc88d3bee11c34fe65c687d9dcb	A0A1Q3SHB0	A0A1Q3SHB0	Nyl12	Nyl12	Gammaproteobacteria bacterium 39-13	328	1		
m0247	83bbf155ce587843c5c2b69af972c135			101	101		310	1		
m0248	83d0a1b5946039d3d9f242317fa6fb04	WP_247684544.1	WP_247684544.1	ESM121	ESM121	Micromonospora sp. D93	337	1		
m0249	848290309a9cbec4776951ce54a69af3	WZH92451.1	WZH92451.1	aryl acylamidase	aryl acylamidase	Nocardia farcinica	479	1		
m0250	8498b2d8f6b8bed93dff49ed65b14a6a	A0A1Y4BJH4	A0A1Y4BJH4	Nyl14	Nyl14	Olsenella sp. An290	335	1		
m0251	84adddad34e99d2a499ea48da9b8e877	WP_051808300.1	WP_051808300.1	1638	1638	Actinoplanes subtropicus	277	1		
m0252	84ba28218df106867af936d87aba63b4	AAP41848.1	AAP41848.1	RoxA	RoxA	Steroidobacter cummioxidans	678	1	15	NA
m0253	85933cc8711bcbd2db56860adfb2fd54	WP_013956815.1	WP_013956815.1	phaZ-like	phaZ-like	Cuprivadus necator ATC17699	276	1	22	3.40.50.1820
m0254	8665fb3ab4a93730539cbcef27fe971c	MBN1171866.1	MBN1171866.1	TEP083	TEP083	Micromonosporaceae bacterium	325	1		
m0255	86e8274d483618172b997d8cd41d9088	WP_131056699.1	WP_131056699.1	1519	1519	Verrucosispora sp. SN26_14.1	426	1		
m0256	871ef0545eb8542ab53b599df2bff175	WP_101366623.1	WP_101366623.1	1625	1625	Plantactinospora sp. CNZ320	468	1		
m0257	87d890e381a7d683e581e77330a26d0d	WP_203777396.1	WP_203777396.1	ESM052	ESM052	Paractinoplanes deccanensis	417	1		
m0258	88c057e08abd5cd2d38525a4b182df17			305	305		240	1		
m0259	88d5d5ad4f13b7f9976990ed82e5489d	WKW63608.1	WKW63608.1	PET94	PET94	Arenibacter palladensis	433	1		
m0260	89a542779c863e59d7568848d38bc88c	KXS08985	KXS08985	Nyl04	Nyl04	Gonapodya prolifera	366	1		
m0261	8a27f08047aeded2e90bf33e519d6d59	A0A840P940	A0A840P940	Tt-NylC	Tt-NylC	Thermocatellispora tengchongensis	332	1	9	3.60.70.12
m0262	8a8c23e1f5be053cf56566f33d5c2c4f	PSR30050	PSR30050	Nyl25	Nyl25	Sulfobacillus benefaciens	325	1		
m0263	8b6e9ddd1da10e1d0d3c47e2aeaaba85	WP_010813770.1	WP_010813770.1	PhaZ2	PhaZ2	Cupriavidus necator	404	1	3	3.40.50.1820
m0264	8b71424d34732e291dc5137e65650b20			pQR3144	pQR3144		478	1		
m0265	8c0f8f5d213b7906c63a5fb5aa82b750	TWG17167.1	TWG17167.1	ESM062	ESM062	Micromonospora taraxaci	465	1		
m0266	8f7ceab2fc48801f9eff4ec96dd6b2b3	WP_041847557	WP_041847557	Est18_23	Est18_23	Caldibacillus thermoamylovorans	491	1	23	3.40.50.1820
m0267	8f9519fc6a65305fa5d478fdece2fc6f	XHH12378	XHH12378	NylC5	NylC5	Gordonia sp. (in: high G+C Gram-positive bacteria)	364	1		
m0268	8fede4413e76abb354158b5bb05b5c6e	MBO4274871.1	MBO4274871.1	ESM024	ESM024	Microbispora triticiradicis	432	1		
m0269	908216a2c74668c66d426a981d0e781f	GGR16917.1	GGR16917.1	ESM136	ESM136	Actinoplanes ianthinogenes	431	1		
m0270	919d07e2ff9f6934831419a4fee7cec4	WP_239095870.1	WP_239095870.1	TEP168	TEP168	Micromonospora lutea	449	1		
m0271	91fdd1b5e2e32c2e3842e6b87058f3ad	WP_218920366.1	WP_218920366.1	APET-5	APET-5	Lentzea guizhouensis	298	1		
m0272	925eaa1d8c145880ff409530b973e7fe	SAY37582.1	SAY37582.1	PHL-2	PHL-2	compost metagenome	260	1	1	3.40.50.1820
m0273	93b32d1591ea6472ac216d086e5cbcd0	WP_247056560.1	WP_247056560.1	ESM140	ESM140	Amycolatopsis sp. WQ 127309	308	1		
m0274	93d3e56e0fbe62971eaa3408dd5c2753	WP_130342639	WP_130342639	DP008	DP008	Herbihabitans rhizosphaerae	297	1		
m0275	93e9e12285afdbc5032f261307327236	MBN2622270.1	MBN2622270.1	DP057	DP057	Acidimicrobiales bacterium	322	1		
m0276	9584eb11232d43e7df101608e2829102	WP_086849962.1	WP_086849962.1	554	554	Amycolatopsis kentuckyensis	309	1		
m0277	95981aed79b153af6c6d1c44c404d164	WP_083950838.1	WP_083950838.1	917	917	Actinomadura bacterium	297	1		
m0278	95b8c354124ce6fc0e73869c1285b609	WP_012850775.1	WP_012850775.1	Tcur0390	Tcur0390	Thermomonospora curvata	292	1	1	3.40.50.1820
m0279	95d1e9d1e5c89ada66637cb1f2c7e05e	WP_189902969.1	WP_189902969.1	Lcp1	Lcp1	Streptomyces sp. AC04842	410	1	16	NA
m0280	95d3a22f0e3002d3ebc3f9cc29dfe4d8	WP_078844206.1	WP_078844206.1	1555	1555	Streptomyces achromogenes	348	1		
m0281	96377f7c445eeaa275813b1b600057b4	WP_218517662.1	WP_218517662.1	TEP163	TEP163	Streptomyces sp. TRM70350	418	1		
m0282	970357e6455a991c27de46edeee96a39	BAF57210.1	BAF57210.1	PlaM4	PlaM4	PLA disk compost metagenome	431	1	25	3.40.50.1820
m0283	972624f6791ef0c42c0591d2122951f9			GatA	GatA		489	1		
m0284	9779282f44f5947a072f15c26945d21a	BAA32541.1	BAA32541.1	PhaZpst	PhaZpst	Stutzerimonas stutzeri	576	1	29	3.40.50.1820
m0285	98b7cab0bd87dc8928ce3d2268c12837	WP_170322449.1	WP_170322449.1	Nyl54	Nyl54	Acrocarpospora macrocephala	313	1		
m0286	9a2d32901525985492563aa339b79812	WP_068752972.1	WP_068752972.1	PC6	PC6	Thermobifida cellulosilytica	300	1		
m0287	9a39f26de8397ad8e82c7ddd5ffb0a75	RZL02950.1	RZL02950.1	1395	1395	Herbihabitans rhizosphaerae	295	1		
m0288	9b203af8e18663d4e3880d49e74753ac	WP_109639600.1	WP_109639600.1	1573	1573	Lentzea atacamensis	422	1		
m0289	9b361d2c16557499693210de2a8a01b4	WP_047194864.1	WP_047194864.1	PET12	PET12	Caldimonas brevitalea	298	1	1	3.40.50.1820
m0290	9b90c9e3ec99c954a957af14f8a6dbfa	PWX09261.1	PWX09261.1	Nyl30	Nyl30	Clostridium perfringens	325	1		
m0291	9bc4714d8e79f6fcfcad8aca634001ab	WP_092528534.1	WP_092528534.1	282	282	Amycolatopsis arida	299	1		
m0292	9be600f74fc6650fed502d1de7647551	GFJ87714.1	GFJ87714.1	ESM033	ESM033	Phytohabitans rumicis	402	1		
m0293	9c6726c69068e8abf43de5f7f465e825	MBA55398.1	MBA55398.1	PC8	PC8	Pseudomonadales bacterium	303	1		
m0294	9c7dbb673a1f18286b846d8354918b3d	AQV11968.1	AQV11968.1	RoxB	RoxB	Steroidobacter cummioxidans	681	1	15	NA
m0295	9ddbfd65b32950166fd96c22ff7b9b51	A0A315R6Z8	A0A315R6Z8	Nyl29	Nyl29	Halanaerobium sp.	302	1		
m0296	9ffafefd549320c21cd92af62f19d6eb	TQL66274.1	TQL66274.1	1309	1309	Nocardioides albertanoniae	286	1		
m0297	a0445e5a5b156ccfedc088c49acfd84a	AET05799.1	AET05799.1;CAH17553.1;WP_011291330.1	BTA-1	BTA-1;Cut2;Tfu_0883	Thermobifida fusca	301	3	1	3.40.50.1820
m0298	a0550530145e06d4170e283fb389aa62	EXK81749	EXK81749	FoCut5a	FoCut5a	Fusarium oxysporum	230	1	2	3.40.50.1820
m0299	a07188a7bbb3e92357c73d9654c37734	WP_091553551.1	WP_091553551.1	1628	1628	Micromonospora pattaloongensis	463	1		
m0300	a0904c35f59716a292ebfca5adfcbc0e	WP_013858543.1	WP_013858543.1	HG-4	HG-4	Heyndrickxia coagulans	254	1	1	3.40.50.1820
m0301	a1903a69f23f1f6796d526895436a50c	A0A7C3G8G6	A0A7C3G8G6	Nyl63	Nyl63	Oceanithermus sp.	288	1		
m0302	a231cf4880bedee499375b591f4c7cfc	AII11185.1	AII11185.1	LMC021	LMC021	Rhodococcus opacus R7	516	1	14	2.60.40.420
m0303	a2dfe48912d34dabd9ec983f2380b945	QEX94755.1	QEX94755.1	Sub1	Sub1	Streptomyces scabiei	186	1	2	3.40.50.1820
m0304	a2f79a79ff4db5f56ded2690d708f4c9	WBC00352.1	WBC00352.1	ESM012	ESM012	Solwaraspora sp. WMMA2059	415	1		
m0305	a436d17bdfc2c17a51007a01c569dc7a	EIW29778.1	EIW29778.1	PFL1	PFL1	Pelosinus fermentans	402	1	25	3.40.50.1820
m0306	a4c818ade03b8dd4ac34b64a7842f3ec	AAR25849.1	AAR25849.1	LCP_STRK3	LCP_STRK3	Streptomyces sp. K30	397	1		
m0307	a4cafac901140b6b19f1c384d078b5d5	AKZ20829.1	AKZ20829.1	Cbotu_EstB	Cbotu_EstB	Clostridium botulinum	400	1	25	3.40.50.1820
m0308	a5e57aa9699b655bb23f42f50c4debb3	WP_015787089.1	WP_015787089.1	Cut190	Cut190	Saccharomonospora viridis	304	1	1	3.40.50.1820
m0309	a6c3596d69125ab458261514e4f2d0ce			pQR3139	pQR3139		482	1		
m0310	a79509a510d90a50f6702955b1ad3b49	AAA25908.1	AAA25908.1	P-nylA	P-nylA	Pseudomonas sp. NK87	493	1	10	3.90.1300.10
m0311	a9bad1df9172c94be6b225bd32b6bd1d	BAB86909	BAB86909	AdCut	AdCut;PbsA	Acidovorax delafieldii	304	2	1	3.40.50.1820
m0312	aa1b463709fa62d66034d00d46f2bb52	WP_008690040.1	WP_008690040.1	HG-5	HG-5	Longicatena bacterium	313	1		
m0313	aa2b99b06ee80b2a22d650e6f32f1c1e	WOR09923.1	WOR09923.1	SIBER-1	SIBER-1	Microbispora sp.	257	1	1	3.40.50.1820
m0314	aa2bdf8b95c633e11b920c991aa91e25			301	301		219	1		
m0315	aa5e991d0a1e69991b26163c98de8ec8	PWR09075.1	PWR09075.1	ESM157	ESM157	Micromonospora acroterricola	292	1		
m0316	aaa184289d853bcf736eda85066f3e23			214	214		248	1		
m0317	aaa9786d473a7eb02349e757ab50352c	SAY37584.1	SAY37584.1	PHL-4	PHL-4	Compost metagenome	257	1	1	3.40.50.1820
m0318	aaede276fbd61767d03028e2d193d5a7	KQR39103	KQR39103	M-NylC	M-NylC	Microbacterium sp.	340	1	9	3.60.70.12
m0319	ab6b2d53513cc127c20db4ff15e7a322	WP_011589723.1	WP_011589723.1	ABO2449	ABO2449	Alcanivorax borkumensis	305	1	32	3.40.50.1820
m0320	ad715d0e7253b705ad67dbe9a037f418			pQR3141	pQR3141		496	1		
m0321	adfd257d774083524a52123058ec51d1	WP_075975245.1	WP_075975245.1	PC5	PC5	Actinokineospora bangkokensis	307	1		
m0322	ae6cbacf6d3d769dff0a3b8f7cedca64	CAA34684	CAA34684	CRL	CRL	Diutina rugosa	538	1		
m0323	aea6a56696f03519f9e6511f50cff512	MBJ7347705.1	MBJ7347705.1	DP080	DP080	Thermoleophilaceae bacterium	292	1		
m0324	afb025038508228d84d2fe8c130d5d14	WP_111881932.1	WP_111881932.1	PET27	PET27	Aequorivita sp. CIP111184	364	1	1	3.40.50.1820
m0325	b007b8710e413f8bd4c4e937274b9f60			GuaPA	GuaPA		299	1		
m0326	b22bccd61057993ecd2ea241ac190b32	WP_068749367	WP_068749367	TvgC	TvgC	Thermovenabulum gondwanense	326	1		
m0327	b2964719fb8ec22dc054cd79f0d5be48	WP_086599340.1	WP_086599340.1	TEP097	TEP097	Streptomyces swartbergensis	455	1		
m0328	b2ce4b3f3cb218404c049bd6ca3c3fef	WP_018657411.1	WP_018657411.1	APET-24	APET-24	Actinomadura flavalba	287	1		
m0329	b3098fdcf4be1ef53a8636f87b4e409c	MGYP000221121644	MGYP000221121644	DP081	DP081	Marine metagenome	425	1		
m0330	b316862d7118e4358cbe8bf6be6de118	ESK97883.1	ESK97883.1	MRCUT1	MRCUT1	Moniliophthora roreri	203	1	2	3.40.50.1820
m0331	b3403aecb7ec20ee0e5b0e79cac01b17	WP_158852571.1	WP_158852571.1	ESM035	ESM035	Saccharothrix deserti	398	1		
m0332	b413b66095d2f7ce85f02f9748d49cb5	OKK16161.1	OKK16161.1	1537	1537	Streptomyces sp. CB00455	425	1		
m0333	b48a5e7e77b3b427ca89ac65da361050	BAE95769.2	BAE95769.2	NylCA	NylCA	Agromyces sp. KY5R	355	1	9	3.60.70.12
m0334	b4e16b9dec1e241cf86cedf832d14404	WP_173061649.1	WP_173061649.1	ESM058	ESM058	Phytohabitans houttuyneae	447	1		
m0335	b58a47b76cafd61a000f8498a34fd166	GIU85371.1	GIU85371.1	TEP189	TEP189	Acidimicrobiales bacterium	242	1		
m0336	b60f5228c9d11de0576f0da3088e22d6	XP_005707592.1	XP_005707592.1	Nyl83	Nyl83	Galdieria sulphuraria	361	1		
m0337	b6f1885d482dc52936e39d224a8c33d1	WP_084434874.1	WP_084434874.1	1663	1663	Kibdelosporangium aridum	289	1		
m0338	b6f8363af9f6b89b71da887bdc4c3060	WP_012433325.1	WP_012433325.1	Amidase	Amidase	Paraburkholderia phytofirmans	316	1	19	TBDZ
m0339	b7a63a9cee46bcf4fbdf5b30b67b812f	A0A7X7N2B0	A0A7X7N2B0	Nyl74	Nyl74	Coriobacteriaceae bacterium	364	1		
m0340	b80b1227f73f4dd4ff1fd9546d415275	MBE65357.1	MBE65357.1	APET-29	APET-29	Gammaproteobacteria bacterium	305	1		
m0341	b8d2efe3a6d76dcf58f691a374d528ed	ADH43200.1	ADH43200.1	BsEstB	BsEstB	Bacillus subtilis	489	1	23	3.40.50.1820
m0342	b9431762171b80707139661059a4d5f3	SIP63154.1	SIP63154.1	CE_Ubrb	CE_Ubrb		295	1	23	3.40.50.1820
m0343	b96e3838fee9bee7a9d7d7d57eda9386	WP_088276085.1	WP_088276085.1	PE-H	PE-H	Halopseudomonas aestusnigri	304	1	1	3.40.50.1820
m0344	bb60668c33aefeacbb320f1a972407e4	ABP86951	ABP86951	PmC	PmC	Ectopseudomonas mendocina	280	1		
m0345	bc7a038f9383a1c9351ad53e8f89a243	MEC8523093	MEC8523093	dsPETase06	dsPETase06	Pseudomonadota bacterium	292	1	1	3.40.50.1820
m0346	bd809f78218b2481c1bf1b3a46c74053	WP_065917710.1	WP_065917710.1	1169	1169	Lentzea guizhouensis	276	1		
m0347	bd90b02ae5726ceb4ec9f4431ba2ac16	WP_084400763.1	WP_084400763.1	1506	1506	Lentzea albidocapillata	436	1		
m0348	bdd9d6d45144ac9284029bc832a33641	WP_307855560.1	WP_307855560.1	TEP109	TEP109	Kibdelosporangium banguiense	307	1		
m0349	bdf8d7a37e7c86332298115201631ed5	WP_265247586.1	WP_265247586.1	ESM081	ESM081	Micromonospora sp. CPCC 205371	402	1		
m0350	be7dd8f21d1b03631b329ecc8c66318e	AGT96414.1	AGT96414.1	MGS0105	MGS0105	Marine metagenome	390	1	8	3.40.710.10
m0351	be8748feeb335dbb23ea57c0ca66828f	WP_012851645.1	WP_012851645.1	Tcur_1278	Tcur_1278	Thermomonospora curvata	289	1	1	3.40.50.1820
m0352	bfc457646ef92b3c1ed060f134602fba	BAF57211.1	BAF57211.1	PlaM5 depolymerase	PlaM5 depolymerase	Metagenome	419	1	25	3.40.50.1820
m0353	c0173ba184ddb729e7ef9122ecff0145	RGD93181.1	RGD93181.1	HG-3	HG-3	Clostridiales bacterium AM23-16LB	270	1	1	3.40.50.1820
m0354	c02edb9924a7f5bcd356a4cb811dd674	AAF01331.1	AAF01331.1	LipasePueB	LipasePueB	Pseudomonas chlororaphis	567	1	4	3.40.50.1820
m0355	c05531f7c89f4efafc1f2537c89ad129	ARF18137.1	ARF18137.1	Amidase	Amidase	Sporosarcina ureae	472	1	10	3.90.1300.10
m0356	c07da837b710b266f98b045916b5543a	ABY53108.1	ABY53108.1	PLAase II	PLAase II	Amycolatopsis orientalis	241	1	11	2.40.10.10
m0357	c08f82b42046b09e9b8187331726a4f0	UFE15764.1	UFE15764.1	lcp3	lcp3		399	1		
m0358	c0d2eecc958484c772145471290f41e4	WP_129786244.1	WP_129786244.1	DP089	DP089	Promicromonospora panici	287	1		
m0359	c119a9b5c297563dbef710cd0dfbaa94	P00780.2	P00780.2	Subtilisin; subC	Subtilisin; subC	Lederbergia (Bacillus) licheniformis	379	1	21	3.40.50.1820
m0360	c14a617c964156f1d3d4b9dedd1535b4	KPI31299.1	KPI31299.1	607-Nsp	607-Nsp	Actinobacteria bacterium OV320	306	1		
m0361	c1a1ed20efb294068bc8e1483c391d0c	MSQ87502.1	MSQ87502.1	APET-23	APET-23	Alphaproteobacteria bacterium	326	1		
m0362	c21fdb598a3887e2e8a5af55068ffec4	BAI44731	BAI44731	OoH	OoH	Rhodococcus sp. Oct1	479	1	10	3.90.1300.10
m0363	c2610dc7556aacd9a00bede53a3a5ef9	AHG30919.1	AHG30919.1	MGS0010	MGS0010	Marine metagenome	414	1	41	3.40.710.10
m0364	c2dc98ad498bf96179a52733ac69516e	P29599	P29599	Subtilisin BL	Subtilisin BL	Lederbergia lenta	269	1	21	3.40.50.1820
m0365	c38a15e286e531b02f655ce186f4c301	WP_099848711.1	WP_099848711.1	1525	1525	Verrucosispora sp. CNZ293	444	1		
m0366	c3b10fec34299e75939e57d3458275fe	ADV66860.1	ADV66860.1	PET1	PET1	Deinococcus maricopensis	315	1	1	3.40.50.1820
m0367	c481f69d5a5519d8ed15b1c1254b764d	CAB56500	CAB56500	Subtilisin SubC	Subtilisin SubC	Bacillus licheniformis	379	1		
m0368	c4c87c36c70a8f1b15d4f8d38155f609	ADK73612.1	ADK73612.1	PpCutA	PpCutA	Ectopseudomonas oleovorans	302	1	1	3.40.50.1820
m0369	c51ea9e72ca4f046ba7b615cdd6e1bc0			jmPE13	jmPE13		273	1	1	3.40.50.1820
m0370	c5c958d03feed023c70aead575ffd575	CAA83122.1	CAA83122.1	CalB	CalB	Moesziomyces antarcticus	342	1	7	3.40.50.1820
m0371	c5df14884c3311c4b6216b9fc6bf19bd	WP_110567505.1	WP_110567505.1	1603	1603	Micromonospora arborensis	465	1		
m0372	c627badfbdd42acfa7664595a681b789	BAK48590.1	BAK48590.1	Est119	Est119	Thermobifida alba	300	1	1	3.40.50.1820
m0373	c7b8c2c370eec0414f50a51a98586820	A0A7C7DKE8	A0A7C7DKE8	Nyl66	Nyl66	Candidatus Fermentithermobacillaceae bacterium	342	1		
m0374	c87e1883782cb8f461fcd4586e8cd500	WP_253762837.1	WP_253762837.1	TEP178	TEP178	Hamadaea flava	287	1		
m0375	c941981ddefbf835b8fb921890d009e0	WP_210157342.1	WP_210157342.1	ESM021	ESM021	Microbispora oryzae	452	1		
m0376	c96dbeb66cbc47f7911296f991cdfb8d	WP_011617846.1	WP_011617846.1	PhaZ Sa	PhaZ Sa	Cupriavidus necator	365	1	31	3.40.50.1820
m0377	c9ffb681928784046345a8ec3ee7f48b	WP_271190254.1	WP_271190254.1	ESM097	ESM097	Dactylosporangium matsuzakiense	417	1		
m0378	ca075b0d53cbfb1de3c6d2a744a2276c	RYL92504.1	RYL92504.1	Nyl45	Nyl45	Sporolactobacillus sp. THM7-4	325	1		
m0379	cae1f0e206dd5d377dbfb013f72cd60c	CAH17554.1	CAH17554.1	BTA-2	BTA-2	Thermobifida fusca	301	1	1	3.40.50.1820
m0380	cb8aae798de32e627b62936dbc407aaf	WP_013736455.1	WP_013736455.1	1546	1546	Micromonospora sp. (multispecies)	448	1		
m0381	cb8ee61f26429b3ce6a175e6f02222ef	WP_011061489.1	WP_011061489.1	PueB	PueB	Pseudomonas protegens	561	1	4	3.40.50.1820
m0382	cbddcdc003933ffe8ee63f00b7c12abf	WP_203906211.1	WP_203906211.1	ESM159	ESM159	Rhizocola hellebori	301	1		
m0383	cbe6e6c036ad8643698609d6a197ff5d	BAC67195.1	BAC67195.1	PLaA	PLaA	Paenibacillus amylolyticus	201	1	26	3.40.50.1820
m0384	ccec191e60e12d1782682af2211d9640	WP_185053500	WP_185053500	TtA	TtA	Thermocatellispora tengchongensis	471	1	10	3.90.1300.10
m0385	cd3efa9108622a39c229634066ce0292	BAC67242.1	BAC67242.1	Cutinase	Cutinase	Cryptococcus sp. S-2	239	1	2	3.40.50.1820
m0386	cefc6b105a243397b6a039e186c6c27b	WP_141569747.1	WP_141569747.1	1478	1478	Streptomyces ipomoeae	331	1		
m0387	cf88b3e711edffd341ba052fb3365c25	CBY05530	CBY05530	TfCut_2	TfCut_2	Thermobifida fusca	261	1	1	3.40.50.1820
m0388	d03a36b0671215d716f1df2ade24268f	WP_118011433.1	WP_118011433.1	HG-2	HG-2	Holdemanella biformis	259	1	1	3.40.50.1820
m0389	d09446e7bab13e062244cd0babc73a84	WP_073887759.1	WP_073887759.1	1465	1465	Saccharothrix sp. CB00851	415	1		
m0390	d0cd1d061b574c3e97321300be9b3c6e	WP_120326365.1	WP_120326365.1	486	486	Micromonospora globbae	300	1		
m0391	d1aa8fa7800d986fee5acab07614bd0d	WAU86704	WAU86704	PET40	PET40	Amycolatopsis bacterium	263	1	1	3.40.50.1820
m0392	d2d63d5f8721e814ea2a657ecc8fe703	WP_082377728.1	WP_082377728.1	1534	1534	Micromonospora sp. NRRL B-16802	469	1		
m0393	d357a79e14b6376e4d3557864252bfe8	AAZ54920.1	AAZ54920.1;AET05798.1	Cut1	Cut1;Tfu_0882	Thermobifida fusca	319	2	1	3.40.50.1820
m0394	d39f4e4eb5bc5b5de87a6807337446ec	BAG32152.1	BAG32152.1	PHB depolymerase	PHB depolymerase	Talaromyces funiculosus	339	1	27	3.40.50.1820
m0395	d3daf5d62100e8ce832f8dde87008494	GIU85367.1	GIU85367.1	ESM050	ESM050	Acidimicrobiales bacterium	276	1		
m0396	d4376d2f4006abaa992a58c321df357d	WP_125191182.1	WP_125191182.1	1477	1477	Streptomyces sp. RP5T	315	1		
m0397	d45af0ae492f2a5ff717aac22e783527	WP_250563816.1	WP_250563816.1	TEP194	TEP194	Sphaerisporangium fuscum	277	1		
m0398	d46d1c755303a13d2a19d9393a49d2f7	AAA33335.1	AAA33335.1	FsC	FsC	Fusarium solani	230	1	2	3.40.50.1820
m0399	d5a5677d777e4a427d908bb7cedd98df	WP_264933993.1	WP_264933993.1	TEP024	TEP024	Streptomyces sp. A012304	455	1		
m0400	d5d535a4628f661aac624e4bf67a6739	WP_124822775.1	WP_124822775.1	1611	1611	Micromonospora ureilytica	465	1		
m0401	d5df0a16c2eaa48e8fab4f9997684475	WP_269740835.1	WP_269740835.1	ESM128	ESM128	Verrucosispora sp. WMMA2121	299	1		
m0402	d67ede223c06bbb9c7903735558b4123	AGT96415.1	AGT96415.1	MGS0109	MGS0109	Marine metagenome	314	1	1	3.40.50.1820
m0403	d6bebd05cc2bbecb20e2248f69ec70d0			204	204		250	1		
m0404	d78ca54fff3eddbc5a27aec8c337f94f			ApLip-Ec	ApLip-Ec		279	1	1	3.40.50.1820
m0405	d79cf5b4d590dd725f813e9a110c9f14	MCF0091346.1	MCF0091346.1	ESM130	ESM130	Micromonospora sp. MH99	469	1		
m0406	d887c31f2cd02dc21c2c52c61d02bd31	WP_103564314.1	WP_103564314.1	1340	1340	Actinomadura rubteroloni	298	1		
m0407	d8bf4c4b8965f1f5509d077b1db637c5	BAF57214.1	BAF57214.1	PlaM9	PlaM9	PLA disk compost metagenome	338	1	40	3.40.50.1820
m0408	d8c880a8e19c3f44b32d639747b57222	WP_139584963.1	WP_139584963.1	1642	1642	Micromonospora orduensis	465	1		
m0409	d91b645ebea282e1c771123a7abe685f	WP_011209364.1	WP_011209364.1	Arylacylamidase	Arylacylamidase	Nocardia farcinica	479	1	10	3.90.1300.10
m0410	da74b7409b4c0618cc66c7787e557585	AAD22743.1	AAD22743.1	LipasePueA	LipasePueA	Pseudomonas chlororaphis	617	1	4	3.40.50.1820
m0411	dab2da810add966a777bb8c243da293b	Q99174	Q99174	FSC	FSC	Fusarium solani	230	1	2	3.40.50.1820
m0412	dbb69c16a79774a1a51b4b80a8f1bd63	WP_083302694.1	WP_083302694.1	1594	1594	Micromonospora carbonacea	463	1		
m0413	dcdd75a330b1680da8c69fade4d72aab	WP_132183354.1	WP_132183354.1	1493	1493	Micromonospora sp. KC606	454	1		
m0414	dd4887803543f9fc859e835391eb4af2	WP_107095481.1	WP_107095481.1	607	607	Actinobacteria bacterium OV320	271	1		
m0415	dd7528addd91f972769d7e42c16b53cd	AAA33742.1	AAA33742.1	MnP	MnP		378	1		
m0416	de5188fe17cc9552eecfc6b69179e19d	ALS54749.1	ALS54749.1	Chath_Est1	Chath_Est1	Clostridium hathewayi DSM-13479	520	1	23	3.40.50.1820
m0417	de58930843f53b731bc34d03f729488d	WP_090538641	WP_090538641	Hfor_PE-H	Hfor_PE-H	Halopseudomonas formosensis	304	1	1	3.40.50.1820
m0418	de7fd3cae353ad8fabd922f83140376c	AKJ87216	AKJ87216	GEN0105	GEN0105	Environmental metagenome	322	1	23	3.40.50.1820
m0419	dea4da8f4f93db0b2277eac7ec3e5196	WP_073391230.1	WP_073391230.1	Nyl10	Nyl10	Jatrophihabitans endophyticus	285	1		
m0420	df38ea060b5dad0dfc9a593e4dce333c	WP_054022242.1	WP_054022242.1	ISPETase	ISPETase	Piscinibacter sakaiensis	290	1	1	3.40.50.1820
m0421	e0b91bc8063c1c7e94e918fcfd8cf2bc	A0A075B5G4	A0A075B5G4	HiC	HiC	Mycothermus thermophilus	194	1	2	3.40.50.1820
m0422	e0db2a4f62c16fd0850cb05f28dbe103	CCK74972.1	CCK74972.1	PET5	PET5	Oleispira antarctica	310	1	1	3.40.50.1820
m0423	e125fba23d29946317aa25973b8c03cb	WP_104613137.1	WP_104613137.1	701	701	Thermobifida fusca	301	1	1	3.40.50.1820
m0424	e1a1ea6ee428462b281b661258d4bb19	WP_104739856.1	WP_104739856.1	APET-27	APET-27	Halopseudomonas oceani	288	1		
m0425	e33e8b6636c423c0a7bb6aea68306978	A0A7W0NYQ1	A0A7W0NYQ1	Nyl72	Nyl72	Acidimicrobiia bacterium	292	1		
m0426	e422c7b9aabe1a23f75d15bd35cf71a6	BBP47208.1	BBP47208.1	CPUTNase	CPUTNase	Candida parapsilosis	551	1	10	3.90.1300.10
m0427	e44d2abc0169b043201fff28f40feeb9	KZY99137.1	KZY99137.1	APET-32	APET-32	Oleibacter sp. HI0075	292	1		
m0428	e49911a7e5738e9056e9fb9c5a9aa7ae	BAA76305.1	BAA76305.1	PudA	PudA	Delftia acidovorans	548	1	23	3.40.50.1820
m0429	e4d76d3d7e6833a775f7b2770ac87c6b	A0A368EC02	A0A368EC02	Nyl34	Nyl34	SAR116 cluster bacterium	304	1		
m0430	e517914dc89db0a2eedf86b6f66bf60c	WBR49958.1	WBR49958.1	UMG-SP-3	UMG-SP-3	Metagenome	439	1	10	3.90.1300.10
m0431	e525d1329e534ccfe83308865ef3fa06	MTK05241.1	MTK05241.1	ESM173	ESM173	Micromonospora sp. CP22	449	1		
m0432	e5571e8fd143e90bd5db0ca52ce67226	DAC80635.1	DAC80635.1	SM14est	SM14est	Streptomyces sp. SM14	284	1	1	3.40.50.1820
m0433	e56db99e4a0ff79df4c68a9972670396	WP_019629726.1	WP_019629726.1	APET-15	APET-15	Actinomadura atramentaria	285	1		
m0434	e58fe1dc5273be59865137941bcdaa35	CAA26616.1	CAA26616.1	NylB'	NylB'	Paenarthrobacter ureafaciens	392	1		
m0435	e5a559b306f8a40b94d6844216b41307	WP_041846030	WP_041846030	Est11_32	Est11_32	Caldibacillus thermoamylovorans	256	1	37	3.40.50.1820
m0436	e65e54bed8b506d0ddf1f5164bf29425	ADV92526.1	ADV92526.1	Thc_Cut1	Thc_Cut1	Thermobifida cellulosilytica	262	1	1	3.40.50.1820
m0437	e6c1800b97f5f0184a1dd73540deb95a	SAY37583.1	SAY37583.1	PHL-3	PHL-3	Compost metagenome	259	1	1	3.40.50.1820
m0438	e6c65f28982cd50933de3173d5a6959d	WP_161104454.1	WP_161104454.1	DP054	DP054	Actinomadura rayongensis	295	1		
m0439	e6cfd2897ec399a6f1d3ec1c6a98cdb7	WP_039353427.1	WP_039353427.1	PET30	PET30	Kaistella jeonii	366	1	1	3.40.50.1820
m0440	e7456e8fab716e570d81b4e7665698f5	WP_075737041.1	WP_075737041.1	1496	1496	Streptomyces acidiscabies	304	1		
m0441	e7d1a404d6aeb48e1849f68fefcf018f	WP_067035690.1	WP_067035690.1	1876	1876	Streptomyces dysideae	423	1		
m0442	e8b2c742a4aaae248ea974667fac5dd6			dsPETase01	dsPETase01		287	1		
m0443	e9d33ca1cec72c417998b92e1bde3263	UFE15761.1	UFE15761.1	Lcp2	Lcp2	Microtetraspora sp. AC03309	409	1		
m0444	ea7a24d47eff2487f1491b3ad67cce64	BAN42606.1	BAN42606.1	CmCut	CmCut	Filobasidium magnum	226	1	2	3.40.50.1820
m0445	eaea73ed1586531b0f860ec8e714f64e	BAA19791.1	BAA19791.1	PhaZcac	PhaZcac		494	1		
m0446	eb083b03c764314dd374fe8c25f98488			211	211		272	1		
m0447	eba0373101b5f637e985de667b0b86e7	GGO06455.1	GGO06455.1	TEP061	TEP061	Microbispora rosea subsp. aerata	296	1		
m0448	ebab773a50031e4f18dfa532f93c9379	WP_088988822.1	WP_088988822.1	1621	1621	Micromonospora chokoriensis	465	1		
m0449	ebd22bc012fd6e181f43bc728b85dc79	WP_012476895.1	WP_012476895.1	NylC	NylC	Paenarthrobacter ureafaciens	355	1	9	3.60.70.12
m0450	ec1108b84e036f58c2b72e2c1fcd594e	WP_143447025.1	WP_143447025.1	KaPETase	KaPETase	Kibdelosporangium aridum	286	1		
m0451	ec89fcce3f831d4efa72c84c4ac889ee	CAA24927.1	CAA24927.1	NylB	NylB	Paenarthrobacter ureafaciens	392	1	42	3.40.710.10
m0452	ece8f45d57141ab0f29280d76fc2a9b7	WP_116813002.1	WP_116813002.1	247	247	Steroidobacter cummioxidans	288	1		
m0453	ee0092b4288da1c69a59e16f2b702cdf	ACC95208.1	ACC95208.1	PET2	PET2	Metagenome-derived with  no obvious affiliation	308	1	1	3.40.50.1820
m0454	ee65196da3cdd70d808c0f9ce2241ace	WP_091317053.1	WP_091317053.1	ESM167	ESM167	Amycolatopsis tolypomycina	309	1		
m0455	ee6b0a11b080383c4383a93312d4003e	A0A3M1X2K7	A0A3M1X2K7	Nyl40	Nyl40	Deltaproteobacteria bacterium	322	1		
m0456	ee81132e0d2e864d7ce91cabcdfc1cf4	A0A432H965	A0A432H965	Nyl44	Nyl44	Deltaproteobacteria bacterium	326	1		
m0457	eeae01ba76427bc51c141cb43ccba7fd	WP_116180173.1	WP_116180173.1	Kubu-P	Kubu-P	Kutzneria buriramensis	288	1		
m0458	ef08656ab980fbd8c17fe79b6060a681	SJZ42839.1	SJZ42839.1	606	606	Marinactinospora thermotolerans	311	1	1	3.40.50.1820
m0459	ef202661c7e74e69a79dbd3c290e1b5b	A0A6I1QW75	A0A6I1QW75	Nyl60	Nyl60	Dehalococcoidia bacterium	325	1		
m0460	f00445f8b289d0164aff442192f24187	WP_103939557.1	WP_103939557.1	PC3	PC3	Thermomonospora echinospora	292	1		
m0461	f0c7dd480618fe5d7346e71180cd108d	WP_164449727.1	WP_164449727.1	TEP010	TEP010	Verrucosispora sioxanthis	432	1		
m0462	f0ef5b5426c1171b0f229df593d4d810	P20261.3	P20261.3	Lip1; Lip5	Lip1; Lip5	Diutina (Candida) rugosa	549	1	23	3.40.50.1820
m0463	f21de0ea2dcb603946ac9638d3076b59	AKZ20828.1	AKZ20828.1	Cbotu_EstA	Cbotu_EstA	Clostridium botulinum	452	1	25	3.40.50.1820
m0464	f2230dff660f44612d863d5256b21d66	WP_084261341.1	WP_084261341.1	ESM080	ESM080	Micromonospora rifamycinica	473	1		
m0465	f246639aef84a3e6be3c89eac9b2dfbf	WP_112669767.1	WP_112669767.1	1620	1620	Micromonospora saelicesensis	461	1		
m0466	f2a58e1db1245fbca5aba50020c17682	WP_203812622.1	WP_203812622.1	ESM156	ESM156	Paractinoplanes tereljensis	293	1		
m0467	f2e235a71b5ce3ac861bb6b70e9c8fef	MBF9135495.1	MBF9135495.1	ESM061	ESM061	Plantactinospora alkalitolerans	346	1		
m0468	f3019f8a82e15ef9ac9ed61f6a611c97	WP_011616504.1	WP_011616504.1	PhaZ3	PhaZ3	Cupriavidus necator	412	1	3	3.40.50.1820
m0469	f382d762cf0b0bafd3934f5417accc62	WP_203847453.1	WP_203847453.1	APET-26	APET-26	Dactylosporangium siamense	268	1		
m0470	f50fd2a3843ce155233b360ab9cded21	WP_167521412.1	WP_167521412.1	ESM010	ESM010	Microbispora sp. (multispecies)	475	1		
m0471	f5ac2c525370f659e6c1b4fc71e16ce1	SAY37589	SAY37589	PHL-6	PHL-6	Compost metagenome	257	1	1	3.40.50.1820
m0472	f768e32a79d0b17b006886911c31b36d	WID88783	WID88783	Dkca1	Dkca1	Dietzia kunjamensis	462	1	23	3.40.50.1820
m0473	f78eb617d08e5260c3365650f70fcad8	WP_233604767.1	WP_233604767.1	TEP165	TEP165	Micromonospora sp. HM5-17	442	1		
m0474	f7e864f6573eccaba6017448237af700	XP_001817153.1	XP_001817153.1	CutL1	CutL1	Aspergillus oryzae	213	1	2	3.40.50.1820
m0475	f85c8564f510148807a599ea6a5cf433	WP_123685830.1	WP_123685830.1	414	414	Amycolatopsis bacterium	289	1		
m0476	f972c4fe64b984d09a783a3fcdfb3199	WP_011615575.1	WP_011615575.1	PhaY1(PhaZ2)	PhaY1(PhaZ2)	Cupriavidus necator	718	1	28	3.40.50.1820
m0477	faf6984f2f1464301a6db7313145d9f3	WP_014810472.1	WP_014810472.1	Nyl82	Nyl82	Desulfomonile tiedjei	334	1		
m0478	fb2204e84d7a9a86df947cd20e179223	WP_199199185.1	WP_199199185.1	ESM139	ESM139	Amycolatopsis sp. CA-128772	339	1		
m0479	fb6cb498ca713c8ff665a94eeaeab29f	WP_086668955.1	WP_086668955.1	1475	1475	Lentzea kentuckyensis	375	1		
m0480	fbbad91070ae99aa6eed1595044335d5	WP_124770494.1	WP_124770494.1	1571	1571	Micromonospora inaquosa	329	1		
m0481	fbdf1fd8bb136bc1f27b76dfedecd095	WP_181548579.1	WP_181548579.1	ESM069	ESM069	Micromonospora saelicesensis	443	1		
m0482	fcafc8f695c58e71718b19c1a7c315ba	2FX5	2FX5	PE-H; B7O88_11480	PE-H; B7O88_11480	Halopseudomonas aestusnigri VGXO14	258	1	20	3.40.50.1820
m0483	fceeefb59ad5e778ca5e914e61d0c945	P00761.1	P00761.1	Trypsin	Trypsin	Sus scrofa	231	1		
m0484	fd6fe4eecb575bbb51d49f121a523532	SDZ16714.1	SDZ16714.1	Mipa-P	Mipa-P	Micromonospora pattaloongensis	294	1		
m0485	fe0739cd12d95ca737e594fe187ece7d			202	202		388	1		
m0486	fe08eef9c8f87d7d57af2914ff906b14	UUT36763	UUT36763	PLE629	PLE629	Marinobacter sp.	316	1	1	3.40.50.1820
m0487	fe1766a388c03c1e83be5dd8c749ba4b	WP_015255658	WP_015255658	Tcca	Tcca	Thermobacillus composti	508	1	23	3.40.50.1820
m0488	fe354046ad936ac3305fe124cc0c4bcc	WP_125313231.1	WP_125313231.1	PC4	PC4	Amycolatopsis eburnea	309	1		
m0489	fea43b060eb31c4f0bf3beb4b1f9e521	WP_075885500.1	WP_075885500.1	Nyl13	Nyl13	Faecalibaculum rodentium	324	1		
