component_id,size_rank,canonical_accession,n_members,n_with_v1_overlay,v1_component_spread,cath_folds,member_accessions
C001,1,2FX5,286,75,1;20;35,3.40.50.1820,2FX5;5ZOA_A;7NEI;7NEI;AAZ54920.1;ABP86951;ACC95208.1;ACV09511;ADK73612.1;ADM47605.1;ADV66860.1;ADV92525.1;ADV92526.1;ADV92527.1;ADV92528.1;AET05799.1;AEV21261.1;AFA45122.1;AGT96415.1;ASA57064.1;ATH80290;BAB86909;BAI99230.2;BAK48590.1;CAH17554.1;CBY05530;CCH19814.1;CCK74972.1;DAC80635.1;E5BBQ2;EGD44994.1;GBD22443.1;GFJ87714.1;GGO06455.1;GGR16917.1;GHJ08786.1;GIG90696.1;GIU85367.1;GIU85371.1;KNX38636.1;KPI12031.1;KPI31299.1;KZY99137.1;MBA55398.1;MBE65357.1;MBF9135495.1;MBJ7347705.1;MBN1171866.1;MBN2622270.1;MBO4274871.1;MBO9532528.1;MBO9569276.1;MBT8227529.1;MBT9528079.1;MBW4703769.1;MBX2857432.1;MBX3621832.1;MBX3624429.1;MBX3625601.1;MCF0091346.1;MEC8523093;MGYP000221121644;MGYP000271253724;MGYP000532440779;MGYP001121581011;MGYP001477358452;MGYP001489421514;MPZ00478.1;MSQ87502.1;MTK05241.1;NUT34383.1;ODU60407.1;OGB27210;OKK16161.1;OPG10926.1;P19833.1;PWR09075.1;QPA27412.1;RGD93181.1;RLI42440.1;RLT92980.1;RLU00646.1;RZL02950.1;SAY37579.1;SAY37582.1;SAY37583.1;SAY37584.1;SAY37587;SAY37589;SDZ16714.1;SHM40309;SJZ42839.1;SPF04022.1;SUD16364;TDP67440;TQL66274.1;TWG17167.1;UAC02078.1;UUT36763;UUT36764;WAU86704;WBC00352.1;WKW63607.1;WKW63608.1;WNY00484.1;WOR09923.1;WP_008690040.1;WP_012850775.1;WP_012851645.1;WP_013736455.1;WP_013858543.1;WP_015787089.1;WP_018657411.1;WP_019629726.1;WP_019633337.1;WP_022964382.1;WP_031525917.1;WP_035284691;WP_036989706.1;WP_039353427.1;WP_044499735.1;WP_045318561.1;WP_047194864.1;WP_051808300.1;WP_054022242.1;WP_062195544.1;WP_065917710.1;WP_067035690.1;WP_068752972.1;WP_068824797.1;WP_073887759.1;WP_075737041.1;WP_075975245.1;WP_078844206.1;WP_081971423.1;WP_082377728.1;WP_082403176.1;WP_083302694.1;WP_083947829;WP_083950838.1;WP_084261341.1;WP_084400763.1;WP_084434874.1;WP_084578793.1;WP_085749238;WP_085749752.1;WP_085750434.1;WP_086599340.1;WP_086668955.1;WP_086784246.1;WP_086849962.1;WP_088276085.1;WP_088988822.1;WP_089021493.1;WP_090538641;WP_091283529.1;WP_091317053.1;WP_091450391.1;WP_091553551.1;WP_092528534.1;WP_093411427.1;WP_093412886.1;WP_093473685.1;WP_093954453.1;WP_099848711.1;WP_101366623.1;WP_103564314.1;WP_103939557.1;WP_104115406.1;WP_104613137.1;WP_104739856.1;WP_107095481.1;WP_109361459.1;WP_109639600.1;WP_110080872.1;WP_110567505.1;WP_111214096.1;WP_111700265.1;WP_111881932.1;WP_112669767.1;WP_116023875.1;WP_116180173.1;WP_116813002.1;WP_118011433.1;WP_120326365.1;WP_123685830.1;WP_124770494.1;WP_124822775.1;WP_125191182.1;WP_125313231.1;WP_129786244.1;WP_129849678.1;WP_130342639;WP_130401777.1;WP_130464304.1;WP_131056699.1;WP_132183354.1;WP_132337032.1;WP_132386942.1;WP_132413760.1;WP_137976057.1;WP_139580723.1;WP_139584963.1;WP_141569747.1;WP_141984372.1;WP_142197250.1;WP_143447025.1;WP_143590710.1;WP_144022925.1;WP_144126986.1;WP_145923095.1;WP_149259982.1;WP_150070118.1;WP_151597653.1;WP_155388305.1;WP_158643351.1;WP_158852571.1;WP_161104454.1;WP_162908185.1;WP_164449727.1;WP_167521412.1;WP_173061649.1;WP_181548579.1;WP_182904095.1;WP_184682765.1;WP_187224800.1;WP_199199185.1;WP_203733135.1;WP_203777396.1;WP_203790592.1;WP_203812622.1;WP_203847453.1;WP_203906211.1;WP_204038550.1;WP_209642273.1;WP_210157342.1;WP_211769896.1;WP_212846608.1;WP_218517662.1;WP_218920366.1;WP_220815207;WP_221382552.1;WP_229068674.1;WP_229836555.1;WP_232326807.1;WP_233427406.1;WP_233604767.1;WP_233872418.1;WP_239086781.1;WP_239095870.1;WP_239125827.1;WP_239135698.1;WP_247056560.1;WP_247684544.1;WP_250563816.1;WP_252275389.1;WP_252811421.1;WP_253762837.1;WP_256510026.1;WP_256510519.1;WP_260422593.1;WP_260709492.1;WP_264933993.1;WP_265247586.1;WP_267938240.1;WP_269740835.1;WP_271190254.1;WP_281901711.1;WP_307855560.1;XCO66867.1;XDS72785.1;YCL34723;202;204;211;214;301;305;307;ApLip-Ec;GlacPETase;HGMP01;dsPETase01;dsPETase05;jmPE13;jmPE14
C004,2,A0A1Q3SHB0,48,6,9,3.60.70.12,A0A1Q3SHB0;A0A1Y4BJH4;A0A2E3XQJ6;A0A315R6Z8;A0A351YZM4;A0A368EC02;A0A3D1YDR8;A0A3D4HM79;A0A3M1X2K7;A0A432H965;A0A661XAJ6;A0A6A7M915;A0A6I1QW75;A0A7C3G8G6;A0A7C6SQZ1;A0A7C7DKE8;A0A7V5VEC1;A0A7V9NEU5;A0A7W0NYQ1;A0A7X7N2B0;A0A840P940;BAE95769.2;BAE95770.1;KQR39103;KXS08985;MSS57807;OWT56952;PSR30050;PWX09261.1;R5FI29;RYL92504.1;TAL40028;U7UHN3;WP_010949597.1;WP_012476895.1;WP_014810472.1;WP_068749367;WP_073391230.1;WP_075885500.1;WP_082766707.1;WP_131292212.1;WP_170196788.1;WP_170322449.1;WP_312893488.1;XHH12374;XHH12375;XHH12378;XP_005707592.1
C006,3,AAA25908.1,25,17,10,3.90.1300.10,AAA25908.1;AAK11724.1;AAK28498.1;AGT90042.1;ANG60415;ARF18137.1;BAI44731;BBP47208.1;P80008.1;Q12559.2;WBR49956.1;WBR49957.1;WBR49958.1;WP_011209364.1;WP_012476897.1;WP_185053500;WP_293218050.1;WP_348608127.1;WZH92451.1;GatA;GatA250;ReU;pQR3139;pQR3141;pQR3144
C003,4,A0A075B5G4,18,16,2,3.40.50.1820,A0A075B5G4;AAA33335.1;BAC67242.1;BAN42606.1;BAN51852.1;BAT32793.1;BCL64964.1;ESK97883.1;EXK81749;KAH7127633;Q99174;QEX94755.1;WKA69984.1;XAQ58225;XP_001817153.1;XP_014659518.1;RtC;TaC
C015,5,ADH43200.1,16,11,23,3.40.50.1820,ADH43200.1;AKJ87216;ALS54749.1;ALS54749.1;BAA76305.1;CAA34684;P20261.3;SIP63154.1;UNZ81746.1;UNZ81748.1;WDT94064;WID88783;WP_015255658;WP_041847557;101;102
C011,6,AAR25849.1,11,5,16,NA,AAR25849.1;AFA76036.1;Q3L8N0.2;UFE15760.1;UFE15761.1;UFE15762.1;UFE15763.1;UFE15764.1;WP_006368739.1;WP_189902969.1;WP_254586337.1
C023,7,ATG80622.1,8,5,21,3.40.50.1820,ATG80622.1;BAU20375;CAA32820.1;CAB56500;P00780.2;P29599;P29600;WP_378272130.1
C021,8,AKZ20828.1,7,6,25,3.40.50.1820,AKZ20828.1;AKZ20829.1;BAF57210.1;BAF57211.1;EIW29778.1;WP_108898452;JW45_1534
C005,9,AAA21974.1,5,3,27;30,3.40.50.1820,AAA21974.1;AAA65705.1;BAA19791.1;BAG32152.1;P94146
C008,10,AAD22743.1,5,5,4,3.40.50.1820,AAD22743.1;AAF01331.1;AAF66684.1;WP_011061486.1;WP_011061489.1
C010,11,AAP85930.1,5,5,3,3.40.50.1820,AAP85930.1;WP_010813770.1;WP_011614907.1;WP_011616504.1;WP_011616952.1
C022,12,APJ12152,5,3,26,3.40.50.1820,APJ12152;BAC67195.1;BAV72205.1;WAT79796.1;JW44_1708
C012,13,ABY53108.1,4,2,11,2.40.10.10,ABY53108.1;P00761.1;Q75UA4;WP_037320891.1
C014,14,ACY56506.1,4,3,22,3.40.50.1820,ACY56506.1;WDT94443;WP_013956815.1;WP_034768559.1
C009,15,AAP41848.1,3,3,15,NA,AAP41848.1;AQV11968.1;WP_085748997.1
C002,16,7C2A_A,2,1,17,TBDX,7C2A_A;WP_003460012.1
C013,17,ABY67151.1,2,1,12,2.40.10.10,ABY67151.1;WP_044849715.1
C018,18,AII11185.1,2,2,14,2.60.40.420,AII11185.1;AII11221.1
C026,19,BAF57212.1,2,2,5,3.40.50.1820,BAF57212.1;BAF57213.1
C029,20,CAA24927.1,2,1,42,3.40.710.10,CAA24927.1;CAA26616.1
C035,21,WDT94189,2,1,32,3.40.50.1820,WDT94189;WP_011589723.1
C036,22,WP_010811062.1,2,2,31,3.40.50.1820,WP_010811062.1;WP_011617846.1
C039,23,WP_011615575.1,2,2,28,3.40.50.1820,WP_011615575.1;WP_034398300.1
C007,24,AAA33742.1,1,0,,,AAA33742.1
C016,25,AGT96414.1,1,1,8,3.40.710.10,AGT96414.1
C017,26,AHG30919.1,1,1,41,3.40.710.10,AHG30919.1
C019,27,AKJ87250,1,1,18,TBDY,AKJ87250
C020,28,AKJ87264,1,1,24,3.40.50.1820,AKJ87264
C024,29,BAA32541.1,1,1,29,3.40.50.1820,BAA32541.1
C025,30,BAD07474.1,1,0,,,BAD07474.1
C027,31,BAF57214.1,1,1,40,3.40.50.1820,BAF57214.1
C028,32,BEG79545,1,0,,,BEG79545
C030,33,CAA83122.1,1,1,7,3.40.50.1820,CAA83122.1
C031,34,NP_390179.1,1,0,,,NP_390179.1
C032,35,NP_999368.1,1,0,,,NP_999368.1
C033,36,P08684.4,1,0,,,P08684.4
C034,37,UNZ81747.1,1,1,43,3.40.710.10,UNZ81747.1
C037,38,WP_011157072.1,1,1,6,3.40.50.1820,WP_011157072.1
C038,39,WP_011615004.1,1,1,33,3.40.50.1820,WP_011615004.1
C040,40,WP_012433325.1,1,1,19,TBDZ,WP_012433325.1
C041,41,WP_034767800,1,1,36,3.40.50.1820,WP_034767800
C042,42,WP_041846030,1,1,37,3.40.50.1820,WP_041846030
C043,43,WP_085690612,1,1,38,3.40.50.1820,WP_085690612
C044,44,WP_108898647,1,1,39,3.40.50.1820,WP_108898647
C045,45,WP_132259156.1,1,1,34,3.40.50.1820,WP_132259156.1
C046,46,GuaPA,1,0,,,GuaPA
