n6	n6	100.0	-1	0
n6	n5	78.6	-1	0
n6	n64	67.3	-1	0
n4	n4	100.0	-1	0
n4	n1	73.1	-1	0
n4	n47	71.9	-1	0
n4	n21	71.9	-1	0
n11	n30	100.0	-1	0
n11	n11	100.0	-1	0
n11	n46	99.6	-1	0
n11	n44	99.6	-1	0
n11	n15	99.6	-1	0
n11	n26	99.2	-1	0
n11	n10	98.5	-1	0
n11	n8	98.5	-1	0
n11	n13	97.7	-1	0
n11	n80	96.9	-1	0
n11	n29	93.9	-1	0
n11	n31	93.1	-1	0
n11	n12	93.1	-1	0
n11	n45	92.7	-1	0
n11	n14	92.7	-1	0
n11	n25	92.0	-1	0
n13	n13	100.0	-1	0
n13	n80	99.2	-1	0
n13	n26	98.5	-1	0
n13	n30	97.7	-1	0
n13	n11	97.7	-1	0
n13	n46	97.3	-1	0
n13	n44	97.3	-1	0
n13	n15	97.3	-1	0
n13	n8	96.9	-1	0
n13	n10	96.2	-1	0
n13	n29	96.2	-1	0
n13	n31	94.7	-1	0
n13	n12	94.7	-1	0
n13	n45	94.3	-1	0
n13	n25	94.3	-1	0
n13	n14	94.3	-1	0
n10	n10	100.0	-1	0
n10	n30	98.5	-1	0
n10	n11	98.5	-1	0
n10	n46	98.1	-1	0
n10	n44	98.1	-1	0
n10	n15	98.1	-1	0
n10	n26	97.7	-1	0
n10	n8	96.9	-1	0
n10	n13	96.2	-1	0
n10	n80	95.8	-1	0
n10	n29	92.7	-1	0
n10	n31	91.6	-1	0
n10	n12	91.6	-1	0
n10	n45	91.2	-1	0
n10	n14	91.2	-1	0
n10	n25	90.8	-1	0
n15	n46	100.0	-1	0
n15	n44	100.0	-1	0
n15	n15	100.0	-1	0
n15	n11	99.6	-1	0
n15	n30	99.6	-1	0
n15	n26	99.2	-1	0
n15	n8	98.9	-1	0
n15	n10	98.1	-1	0
n15	n80	97.7	-1	0
n15	n13	97.3	-1	0
n15	n29	95.0	-1	0
n15	n45	93.0	-1	0
n15	n14	93.0	-1	0
n15	n12	92.7	-1	0
n15	n31	92.7	-1	0
n15	n25	92.7	-1	0
n18	n18	100.0	-1	0
n18	n4	65.0	-1	0
n18	n42	63.4	-1	0
n18	n1	62.8	-1	0
n18	n47	61.9	-1	0
n18	n21	61.9	-1	0
n18	n41	52.5	-1	0
n18	n74	51.9	-1	0
n12	n31	100.0	-1	0
n12	n12	100.0	-1	0
n12	n45	99.6	-1	0
n12	n14	99.6	-1	0
n12	n25	98.9	-1	0
n12	n29	96.9	-1	0
n12	n13	94.7	-1	0
n12	n80	93.9	-1	0
n12	n30	93.1	-1	0
n12	n11	93.1	-1	0
n12	n26	93.1	-1	0
n12	n46	92.7	-1	0
n12	n44	92.7	-1	0
n12	n15	92.7	-1	0
n12	n8	92.4	-1	0
n12	n10	91.6	-1	0
n12	n27	85.5	-1	0
n12	n22	85.5	-1	0
n12	n23	85.5	-1	0
n14	n45	100.0	-1	0
n14	n14	100.0	-1	0
n14	n12	99.6	-1	0
n14	n31	99.6	-1	0
n14	n25	99.0	-1	0
n14	n29	96.6	-1	0
n14	n13	94.3	-1	0
n14	n80	94.0	-1	0
n14	n26	93.1	-1	0
n14	n46	93.0	-1	0
n14	n15	93.0	-1	0
n14	n44	93.0	-1	0
n14	n8	92.7	-1	0
n14	n30	92.7	-1	0
n14	n11	92.7	-1	0
n14	n10	91.2	-1	0
n14	n23	84.4	-1	0
n21	n47	100.0	-1	0
n21	n21	100.0	-1	0
n21	n1	73.7	-1	0
n21	n4	71.9	-1	0
n21	n75	59.4	-1	0
n21	n42	54.5	-1	0
n19	n19	100.0	-1	0
n19	n7	74.4	-1	0
n19	n68	73.4	-1	0
n19	n66	73.0	-1	0
n19	n77	73.0	-1	0
n19	n76	72.7	-1	0
n19	n61	67.4	-1	0
n19	n60	66.8	-1	0
n19	n89	60.1	-1	0
n23	n23	100.0	-1	0
n23	n27	92.7	-1	0
n23	n22	92.7	-1	0
n23	n12	85.5	-1	0
n23	n31	85.5	-1	0
n23	n14	84.4	-1	0
n23	n45	84.4	-1	0
n23	n25	83.7	-1	0
n23	n11	82.1	-1	0
n23	n8	82.1	-1	0
n23	n15	81.1	-1	0
n23	n13	80.9	-1	0
n16	n16	100.0	-1	0
n16	n23	77.9	-1	0
n16	n27	77.5	-1	0
n16	n22	77.5	-1	0
n16	n12	76.7	-1	0
n16	n31	76.7	-1	0
n16	n14	76.3	-1	0
n16	n45	76.3	-1	0
n16	n29	75.6	-1	0
n16	n25	75.6	-1	0
n16	n13	75.2	-1	0
n16	n11	75.2	-1	0
n16	n30	75.2	-1	0
n16	n46	74.8	-1	0
n16	n15	74.8	-1	0
n16	n44	74.8	-1	0
n16	n26	74.7	-1	0
n16	n80	74.4	-1	0
n16	n74	74.4	-1	0
n16	n8	74.0	-1	0
n16	n10	73.7	-1	0
n16	n52	68.6	-1	0
n16	n62	68.2	-1	0
n16	n53	68.2	-1	0
n16	n2	67.8	-1	0
n16	n72	67.4	-1	0
n16	n64	65.1	-1	0
n22	n27	100.0	-1	0
n22	n22	100.0	-1	0
n22	n23	92.7	-1	0
n22	n12	85.5	-1	0
n22	n31	85.5	-1	0
n22	n11	82.8	-1	0
n22	n8	82.8	-1	0
n22	n14	82.4	-1	0
n22	n45	82.4	-1	0
n22	n13	82.1	-1	0
n22	n25	81.7	-1	0
n22	n10	81.3	-1	0
n22	n15	80.4	-1	0
n22	n16	77.5	-1	0
n25	n25	100.0	-1	0
n25	n45	99.0	-1	0
n25	n14	99.0	-1	0
n25	n31	98.9	-1	0
n25	n12	98.9	-1	0
n25	n29	97.7	-1	0
n25	n80	95.0	-1	0
n25	n13	94.3	-1	0
n25	n26	93.1	-1	0
n25	n46	92.7	-1	0
n25	n15	92.7	-1	0
n25	n44	92.7	-1	0
n25	n8	92.0	-1	0
n25	n30	92.0	-1	0
n25	n11	92.0	-1	0
n25	n10	90.8	-1	0
n25	n23	83.7	-1	0
n25	n22	81.7	-1	0
n26	n26	100.0	-1	0
n26	n44	99.2	-1	0
n26	n46	99.2	-1	0
n26	n30	99.2	-1	0
n26	n11	99.2	-1	0
n26	n15	99.2	-1	0
n26	n8	98.9	-1	0
n26	n13	98.5	-1	0
n26	n80	98.1	-1	0
n26	n10	97.7	-1	0
n26	n29	95.0	-1	0
n26	n31	93.1	-1	0
n26	n45	93.1	-1	0
n26	n25	93.1	-1	0
n26	n12	93.1	-1	0
n26	n14	93.1	-1	0
n26	n22	83.1	-1	0
n27	n27	100.0	-1	0
n27	n22	100.0	-1	0
n27	n23	92.7	-1	0
n27	n12	85.5	-1	0
n27	n31	85.5	-1	0
n27	n11	82.8	-1	0
n27	n8	82.8	-1	0
n27	n14	82.4	-1	0
n27	n45	82.4	-1	0
n27	n13	82.1	-1	0
n27	n25	81.7	-1	0
n27	n10	81.3	-1	0
n27	n15	80.4	-1	0
n27	n16	77.5	-1	0
n30	n30	100.0	-1	0
n30	n11	100.0	-1	0
n30	n46	99.6	-1	0
n30	n44	99.6	-1	0
n30	n15	99.6	-1	0
n30	n26	99.2	-1	0
n30	n10	98.5	-1	0
n30	n8	98.5	-1	0
n30	n13	97.7	-1	0
n30	n80	96.9	-1	0
n30	n29	93.9	-1	0
n30	n31	93.1	-1	0
n30	n12	93.1	-1	0
n30	n45	92.7	-1	0
n30	n14	92.7	-1	0
n30	n25	92.0	-1	0
n34	n34	100.0	-1	0
n34	n33	92.2	-1	0
n29	n29	100.0	-1	0
n29	n25	97.7	-1	0
n29	n80	97.3	-1	0
n29	n12	96.9	-1	0
n29	n31	96.9	-1	0
n29	n45	96.6	-1	0
n29	n14	96.6	-1	0
n29	n13	96.2	-1	0
n29	n26	95.0	-1	0
n29	n15	95.0	-1	0
n29	n44	95.0	-1	0
n29	n46	95.0	-1	0
n29	n8	93.9	-1	0
n29	n30	93.9	-1	0
n29	n11	93.9	-1	0
n29	n10	92.7	-1	0
n35	n35	100.0	-1	0
n35	n3	95.1	-1	0
n31	n31	100.0	-1	0
n31	n12	100.0	-1	0
n31	n45	99.6	-1	0
n31	n14	99.6	-1	0
n31	n25	98.9	-1	0
n31	n29	96.9	-1	0
n31	n13	94.7	-1	0
n31	n80	93.9	-1	0
n31	n30	93.1	-1	0
n31	n11	93.1	-1	0
n31	n26	93.1	-1	0
n31	n46	92.7	-1	0
n31	n44	92.7	-1	0
n31	n15	92.7	-1	0
n31	n8	92.4	-1	0
n31	n10	91.6	-1	0
n31	n27	85.5	-1	0
n31	n22	85.5	-1	0
n31	n23	85.5	-1	0
n8	n8	100.0	-1	0
n8	n46	98.9	-1	0
n8	n44	98.9	-1	0
n8	n15	98.9	-1	0
n8	n26	98.9	-1	0
n8	n30	98.5	-1	0
n8	n11	98.5	-1	0
n8	n80	96.9	-1	0
n8	n10	96.9	-1	0
n8	n13	96.9	-1	0
n8	n29	93.9	-1	0
n8	n45	92.7	-1	0
n8	n14	92.7	-1	0
n8	n31	92.4	-1	0
n8	n12	92.4	-1	0
n8	n25	92.0	-1	0
n8	n27	82.8	-1	0
n8	n22	82.8	-1	0
n8	n23	82.1	-1	0
n8	n74	78.6	-1	0
n8	n16	74.0	-1	0
n8	n52	67.0	-1	0
n8	n53	67.0	-1	0
n8	n24	64.4	-1	0
n8	n64	64.4	-1	0
n8	n54	63.6	-1	0
n8	n2	63.6	-1	0
n8	n81	63.3	-1	0
n8	n62	62.5	-1	0
n8	n5	61.0	-1	0
n8	n6	61.0	-1	0
n8	n72	60.6	-1	0
n8	n78	60.0	-1	0
n8	n9	59.5	-1	0
n8	n69	58.7	-1	0
n8	n87	58.6	-1	0
n8	n33	56.9	-1	0
n8	n34	56.5	-1	0
n8	n57	54.9	-1	0
n8	n56	54.2	-1	0
n8	n58	54.0	-1	0
n8	n73	53.0	-1	0
n39	n39	100.0	-1	0
n39	n37	32.6	-1	0
n39	n49	32.3	-1	0
n9	n9	100.0	-1	0
n9	n64	66.9	-1	0
n9	n62	64.5	-1	0
n9	n53	62.7	-1	0
n9	n2	61.9	-1	0
n9	n54	61.5	-1	0
n9	n26	59.7	-1	0
n9	n52	59.6	-1	0
n9	n11	59.5	-1	0
n9	n8	59.5	-1	0
n9	n30	59.5	-1	0
n9	n81	59.4	-1	0
n9	n12	59.1	-1	0
n9	n31	59.1	-1	0
n9	n56	58.8	-1	0
n9	n16	58.7	-1	0
n9	n13	58.7	-1	0
n9	n10	58.3	-1	0
n9	n57	57.7	-1	0
n9	n55	57.3	-1	0
n9	n6	56.8	-1	0
n9	n87	56.0	-1	0
n9	n74	55.9	-1	0
n9	n78	55.9	-1	0
n9	n27	55.0	-1	0
n9	n22	55.0	-1	0
n9	n23	54.1	-1	0
n9	n44	54.0	-1	0
n9	n15	54.0	-1	0
n9	n46	54.0	-1	0
n9	n25	53.7	-1	0
n9	n73	53.5	-1	0
n9	n80	53.4	-1	0
n9	n45	53.0	-1	0
n9	n14	53.0	-1	0
n9	n29	52.8	-1	0
n9	n72	52.4	-1	0
n9	n34	51.6	-1	0
n9	n24	51.6	-1	0
n9	n28	50.2	-1	0
n9	n32	48.8	-1	0
n9	n83	45.9	-1	0
n9	n47	43.3	-1	0
n9	n21	43.3	-1	0
n24	n24	100.0	-1	0
n24	n53	75.6	-1	0
n24	n52	75.2	-1	0
n24	n16	68.6	-1	0
n24	n31	65.5	-1	0
n24	n12	65.5	-1	0
n24	n26	65.4	-1	0
n24	n64	65.3	-1	0
n24	n54	65.1	-1	0
n24	n2	65.1	-1	0
n24	n62	65.0	-1	0
n24	n11	64.8	-1	0
n24	n30	64.8	-1	0
n24	n8	64.4	-1	0
n24	n13	64.4	-1	0
n24	n10	63.3	-1	0
n24	n81	60.5	-1	0
n24	n72	60.3	-1	0
n24	n29	60.1	-1	0
n24	n25	60.1	-1	0
n24	n15	59.7	-1	0
n24	n44	59.7	-1	0
n24	n46	59.7	-1	0
n24	n45	59.6	-1	0
n24	n14	59.6	-1	0
n24	n74	59.4	-1	0
n24	n80	59.1	-1	0
n24	n78	58.3	-1	0
n24	n5	58.2	-1	0
n24	n22	57.9	-1	0
n24	n27	57.9	-1	0
n24	n6	57.5	-1	0
n24	n23	57.2	-1	0
n24	n57	57.1	-1	0
n24	n56	57.1	-1	0
n24	n55	56.7	-1	0
n24	n87	54.6	-1	0
n24	n73	53.0	-1	0
n28	n28	100.0	-1	0
n28	n87	62.0	-1	0
n28	n62	58.5	-1	0
n28	n16	58.2	-1	0
n28	n52	57.5	-1	0
n28	n54	56.4	-1	0
n28	n72	55.6	-1	0
n28	n2	55.6	-1	0
n28	n53	55.6	-1	0
n28	n26	55.4	-1	0
n28	n81	55.3	-1	0
n28	n8	55.2	-1	0
n28	n13	55.2	-1	0
n28	n11	55.2	-1	0
n28	n31	55.2	-1	0
n28	n12	55.2	-1	0
n28	n30	55.2	-1	0
n28	n64	55.1	-1	0
n28	n10	54.0	-1	0
n28	n56	53.3	-1	0
n28	n46	53.1	-1	0
n28	n44	53.1	-1	0
n28	n29	53.1	-1	0
n28	n80	53.1	-1	0
n28	n15	53.1	-1	0
n28	n22	52.4	-1	0
n28	n27	52.4	-1	0
n28	n6	52.1	-1	0
n28	n14	52.1	-1	0
n28	n25	52.1	-1	0
n28	n45	52.1	-1	0
n28	n74	51.4	-1	0
n28	n23	50.7	-1	0
n28	n9	50.2	-1	0
n28	n78	50.0	-1	0
n28	n24	49.1	-1	0
n28	n32	46.9	-1	0
n28	n73	46.7	-1	0
n28	n33	46.2	-1	0
n28	n83	39.8	-1	0
n17	n17	100.0	-1	0
n17	n169	21.4	-1	0
n17	n87	20.3	-1	0
n17	n8	20.2	-1	0
n17	n62	20.0	-1	0
n17	n11	19.9	-1	0
n17	n30	19.9	-1	0
n17	n26	19.5	-1	0
n17	n10	19.5	-1	0
n17	n6	19.3	-1	0
n17	n13	19.1	-1	0
n17	n46	18.6	-1	0
n17	n44	18.6	-1	0
n17	n15	18.6	-1	0
n17	n12	18.6	-1	0
n17	n31	18.6	-1	0
n17	n9	18.2	-1	0
n17	n130	17.7	-1	0
n17	n45	17.5	-1	0
n17	n14	17.5	-1	0
n17	n202	17.4	-1	0
n17	n176	17.3	-1	0
n17	n25	17.1	-1	0
n17	n69	16.9	-1	0
n17	n29	16.8	-1	0
n17	n80	16.7	-1	0
n17	n179	16.6	-1	0
n17	n178	16.6	-1	0
n17	n180	16.3	-1	0
n17	n23	16.0	-1	0
n17	n184	16.0	-1	0
n17	n117	15.5	-1	0
n17	n22	15.5	-1	0
n17	n27	15.5	-1	0
n17	n113	14.9	-1	0
n17	n177	14.9	-1	0
n17	n207	14.9	-1	0
n17	n116	14.8	-1	0
n17	n189	14.3	-1	0
n17	n115	13.9	-1	0
n17	n175	13.5	-1	0
n17	n92	13.1	-1	0
n36	n36	100.0	-1	0
n36	n51	60.1	-1	0
n36	n86	59.7	-1	0
n36	n60	56.7	-1	0
n36	n71	56.5	-1	0
n36	n68	56.2	-1	0
n36	n89	55.6	-1	0
n36	n61	55.5	-1	0
n36	n66	55.1	-1	0
n36	n7	54.6	-1	0
n36	n76	54.2	-1	0
n36	n77	54.2	-1	0
n36	n59	53.4	-1	0
n36	n42	52.8	-1	0
n36	n19	52.7	-1	0
n36	n20	51.1	-1	0
n36	n4	50.0	-1	0
n36	n18	48.7	-1	0
n36	n21	48.2	-1	0
n36	n47	48.2	-1	0
n36	n1	47.9	-1	0
n36	n6	46.0	-1	0
n36	n41	44.0	-1	0
n36	n43	39.1	-1	0
n33	n33	100.0	-1	0
n33	n34	92.2	-1	0
n33	n62	58.1	-1	0
n33	n16	58.0	-1	0
n33	n5	57.1	-1	0
n33	n8	56.9	-1	0
n33	n53	56.9	-1	0
n33	n64	56.8	-1	0
n33	n10	56.7	-1	0
n33	n30	56.5	-1	0
n33	n11	56.5	-1	0
n33	n26	56.3	-1	0
n33	n13	55.7	-1	0
n33	n31	55.3	-1	0
n33	n12	55.3	-1	0
n33	n6	55.3	-1	0
n33	n27	54.7	-1	0
n33	n22	54.7	-1	0
n33	n23	54.3	-1	0
n33	n74	53.3	-1	0
n33	n72	52.7	-1	0
n33	n14	51.8	-1	0
n33	n45	51.8	-1	0
n33	n46	51.5	-1	0
n33	n15	51.5	-1	0
n33	n44	51.5	-1	0
n33	n25	51.5	-1	0
n33	n80	50.8	-1	0
n33	n29	50.8	-1	0
n33	n69	50.7	-1	0
n33	n78	49.5	-1	0
n33	n70	47.2	-1	0
n33	n18	45.6	-1	0
n37	n37	100.0	-1	0
n37	n49	66.2	-1	0
n37	n85	33.0	-1	0
n37	n39	32.6	-1	0
n37	n35	27.6	-1	0
n37	n3	26.8	-1	0
n37	n135	25.4	-1	0
n37	n84	24.9	-1	0
n37	n136	23.0	-1	0
n37	n138	22.9	-1	0
n37	n33	21.9	-1	0
n37	n133	19.9	-1	0
n37	n89	18.9	-1	0
n37	n97	18.9	-1	0
n37	n169	18.7	-1	0
n37	n51	18.4	-1	0
n37	n178	18.1	-1	0
n37	n61	17.7	-1	0
n37	n179	17.3	-1	0
n37	n42	17.2	-1	0
n37	n180	17.0	-1	0
n37	n150	16.7	-1	0
n37	n200	16.6	-1	0
n37	n67	16.4	-1	0
n37	n166	16.2	-1	0
n37	n167	16.2	-1	0
n37	n160	15.9	-1	0
n37	n109	15.1	-1	0
n42	n42	100.0	-1	0
n42	n18	63.4	-1	0
n42	n4	60.9	-1	0
n42	n1	56.4	-1	0
n42	n41	56.1	-1	0
n42	n21	54.5	-1	0
n42	n47	54.5	-1	0
n42	n36	52.8	-1	0
n42	n68	51.9	-1	0
n42	n89	51.7	-1	0
n42	n66	50.6	-1	0
n42	n51	49.5	-1	0
n44	n46	100.0	-1	0
n44	n44	100.0	-1	0
n44	n15	100.0	-1	0
n44	n11	99.6	-1	0
n44	n30	99.6	-1	0
n44	n26	99.2	-1	0
n44	n8	98.9	-1	0
n44	n10	98.1	-1	0
n44	n80	97.7	-1	0
n44	n13	97.3	-1	0
n44	n29	95.0	-1	0
n44	n45	93.0	-1	0
n44	n14	93.0	-1	0
n44	n12	92.7	-1	0
n44	n31	92.7	-1	0
n44	n25	92.7	-1	0
n2	n2	100.0	-1	0
n2	n54	98.5	-1	0
n2	n53	69.2	-1	0
n2	n62	68.5	-1	0
n2	n52	68.5	-1	0
n2	n16	67.8	-1	0
n2	n81	66.9	-1	0
n2	n78	65.9	-1	0
n2	n24	65.1	-1	0
n2	n11	64.4	-1	0
n2	n30	64.4	-1	0
n2	n13	64.4	-1	0
n2	n26	64.3	-1	0
n2	n6	64.2	-1	0
n2	n72	64.1	-1	0
n2	n22	64.0	-1	0
n2	n29	64.0	-1	0
n2	n44	64.0	-1	0
n2	n15	64.0	-1	0
n2	n46	64.0	-1	0
n2	n27	64.0	-1	0
n2	n80	64.0	-1	0
n2	n12	63.6	-1	0
n2	n31	63.6	-1	0
n2	n8	63.6	-1	0
n2	n45	63.3	-1	0
n2	n25	63.3	-1	0
n2	n10	63.3	-1	0
n2	n14	63.3	-1	0
n2	n56	63.1	-1	0
n2	n57	63.1	-1	0
n2	n23	62.5	-1	0
n2	n55	62.3	-1	0
n2	n87	62.2	-1	0
n2	n9	61.9	-1	0
n2	n5	61.8	-1	0
n2	n64	61.5	-1	0
n2	n74	60.6	-1	0
n2	n73	59.6	-1	0
n2	n28	55.6	-1	0
n2	n33	54.0	-1	0
n2	n34	52.1	-1	0
n2	n83	51.9	-1	0
n2	n58	51.5	-1	0
n2	n32	51.3	-1	0
n2	n18	50.7	-1	0
n2	n69	49.2	-1	0
n2	n42	48.9	-1	0
n2	n4	48.5	-1	0
n2	n47	48.3	-1	0
n2	n21	48.3	-1	0
n2	n76	47.8	-1	0
n2	n68	47.6	-1	0
n2	n7	47.2	-1	0
n2	n1	47.2	-1	0
n2	n70	46.9	-1	0
n2	n66	46.8	-1	0
n2	n51	45.9	-1	0
n2	n19	45.8	-1	0
n2	n36	45.8	-1	0
n2	n41	45.7	-1	0
n2	n61	45.2	-1	0
n2	n77	45.2	-1	0
n2	n75	44.7	-1	0
n2	n20	44.1	-1	0
n2	n88	43.8	-1	0
n2	n60	43.4	-1	0
n2	n86	43.3	-1	0
n2	n59	43.3	-1	0
n2	n89	41.2	-1	0
n2	n71	41.1	-1	0
n2	n43	39.0	-1	0
n2	n67	29.7	-1	0
n2	n82	29.6	-1	0
n2	n63	26.5	-1	0
n2	n38	22.3	-1	0
n3	n3	100.0	-1	0
n3	n35	95.1	-1	0
n3	n37	26.8	-1	0
n3	n85	25.6	-1	0
n3	n49	25.2	-1	0
n3	n5	20.7	-1	0
n3	n54	20.5	-1	0
n3	n109	20.5	-1	0
n3	n107	20.5	-1	0
n3	n137	20.3	-1	0
n3	n130	19.4	-1	0
n3	n87	19.4	-1	0
n3	n2	19.3	-1	0
n3	n134	18.4	-1	0
n3	n204	18.4	-1	0
n3	n81	18.3	-1	0
n3	n67	18.1	-1	0
n3	n32	17.9	-1	0
n3	n108	17.7	-1	0
n3	n129	17.6	-1	0
n3	n6	17.6	-1	0
n3	n99	17.3	-1	0
n3	n78	17.3	-1	0
n3	n103	17.1	-1	0
n3	n94	16.7	-1	0
n3	n111	16.7	-1	0
n3	n181	16.7	-1	0
n3	n157	16.4	-1	0
n3	n95	16.4	-1	0
n3	n70	16.2	-1	0
n3	n69	16.1	-1	0
n3	n205	15.7	-1	0
n3	n207	15.3	-1	0
n3	n92	14.9	-1	0
n3	n125	14.7	-1	0
n3	n144	13.0	-1	0
n3	n172	13.0	-1	0
n49	n49	100.0	-1	0
n49	n37	66.2	-1	0
n46	n46	100.0	-1	0
n46	n44	100.0	-1	0
n46	n15	100.0	-1	0
n46	n11	99.6	-1	0
n46	n30	99.6	-1	0
n46	n26	99.2	-1	0
n46	n8	98.9	-1	0
n46	n10	98.1	-1	0
n46	n80	97.7	-1	0
n46	n13	97.3	-1	0
n46	n29	95.0	-1	0
n46	n45	93.0	-1	0
n46	n14	93.0	-1	0
n46	n12	92.7	-1	0
n46	n31	92.7	-1	0
n46	n25	92.7	-1	0
n20	n20	100.0	-1	0
n20	n51	60.6	-1	0
n20	n86	58.5	-1	0
n20	n71	56.0	-1	0
n20	n59	55.3	-1	0
n20	n7	52.7	-1	0
n20	n68	51.3	-1	0
n20	n36	51.1	-1	0
n20	n66	50.7	-1	0
n20	n77	50.5	-1	0
n20	n89	50.0	-1	0
n20	n61	49.8	-1	0
n20	n76	49.3	-1	0
n20	n19	48.9	-1	0
n20	n75	48.8	-1	0
n20	n26	48.7	-1	0
n20	n60	48.6	-1	0
n20	n30	48.5	-1	0
n20	n11	48.5	-1	0
n20	n10	48.1	-1	0
n20	n8	48.1	-1	0
n20	n13	48.1	-1	0
n20	n18	48.0	-1	0
n20	n12	47.4	-1	0
n20	n31	47.4	-1	0
n20	n47	47.3	-1	0
n20	n21	47.3	-1	0
n20	n4	47.2	-1	0
n20	n1	46.8	-1	0
n20	n62	45.6	-1	0
n20	n16	45.6	-1	0
n20	n42	45.0	-1	0
n20	n22	44.7	-1	0
n20	n27	44.7	-1	0
n20	n44	44.3	-1	0
n20	n46	44.3	-1	0
n20	n15	44.3	-1	0
n20	n29	44.3	-1	0
n20	n74	44.3	-1	0
n20	n64	44.2	-1	0
n20	n80	44.0	-1	0
n20	n25	43.7	-1	0
n20	n23	43.7	-1	0
n20	n45	43.3	-1	0
n20	n14	43.3	-1	0
n20	n70	43.3	-1	0
n20	n43	42.3	-1	0
n20	n81	42.2	-1	0
n20	n41	41.6	-1	0
n20	n5	41.2	-1	0
n20	n69	40.5	-1	0
n20	n78	40.3	-1	0
n20	n33	40.0	-1	0
n20	n87	39.0	-1	0
n47	n47	100.0	-1	0
n47	n21	100.0	-1	0
n47	n1	73.7	-1	0
n47	n4	71.9	-1	0
n47	n75	59.4	-1	0
n47	n42	54.5	-1	0
n53	n53	100.0	-1	0
n53	n52	91.2	-1	0
n45	n45	100.0	-1	0
n45	n14	100.0	-1	0
n45	n12	99.6	-1	0
n45	n31	99.6	-1	0
n45	n25	99.0	-1	0
n45	n29	96.6	-1	0
n45	n13	94.3	-1	0
n45	n80	94.0	-1	0
n45	n26	93.1	-1	0
n45	n46	93.0	-1	0
n45	n15	93.0	-1	0
n45	n44	93.0	-1	0
n45	n8	92.7	-1	0
n45	n30	92.7	-1	0
n45	n11	92.7	-1	0
n45	n10	91.2	-1	0
n45	n23	84.4	-1	0
n32	n32	100.0	-1	0
n32	n64	57.1	-1	0
n32	n62	54.0	-1	0
n32	n52	53.8	-1	0
n32	n72	53.2	-1	0
n32	n6	53.1	-1	0
n32	n74	52.9	-1	0
n32	n16	52.3	-1	0
n32	n54	51.7	-1	0
n32	n53	51.5	-1	0
n32	n2	51.3	-1	0
n32	n87	51.0	-1	0
n32	n22	50.8	-1	0
n32	n27	50.8	-1	0
n32	n30	50.4	-1	0
n32	n11	50.4	-1	0
n32	n8	50.4	-1	0
n32	n26	50.2	-1	0
n32	n31	49.6	-1	0
n32	n12	49.6	-1	0
n32	n13	49.6	-1	0
n32	n10	49.2	-1	0
n32	n81	49.0	-1	0
n32	n9	48.8	-1	0
n32	n23	48.8	-1	0
n32	n44	48.5	-1	0
n32	n46	48.5	-1	0
n32	n15	48.5	-1	0
n32	n24	48.2	-1	0
n32	n14	48.2	-1	0
n32	n45	48.2	-1	0
n32	n80	47.8	-1	0
n32	n25	47.8	-1	0
n32	n29	47.8	-1	0
n32	n73	47.5	-1	0
n32	n33	47.3	-1	0
n32	n78	47.1	-1	0
n32	n28	46.9	-1	0
n32	n68	44.3	-1	0
n32	n66	43.9	-1	0
n32	n77	43.8	-1	0
n32	n86	43.3	-1	0
n32	n7	42.9	-1	0
n32	n69	41.6	-1	0
n32	n51	40.8	-1	0
n54	n54	100.0	-1	0
n54	n2	98.5	-1	0
n56	n56	100.0	-1	0
n56	n57	98.4	-1	0
n56	n55	97.7	-1	0
n57	n57	100.0	-1	0
n57	n56	98.4	-1	0
n57	n55	98.4	-1	0
n43	n43	100.0	-1	0
n43	n86	47.9	-1	0
n43	n59	44.2	-1	0
n43	n71	43.2	-1	0
n43	n51	43.2	-1	0
n43	n20	42.3	-1	0
n43	n36	39.1	-1	0
n43	n89	38.5	-1	0
n43	n18	38.4	-1	0
n43	n4	38.3	-1	0
n43	n1	38.2	-1	0
n43	n41	37.5	-1	0
n43	n42	37.0	-1	0
n41	n41	100.0	-1	0
n41	n42	56.1	-1	0
n41	n18	52.5	-1	0
n41	n4	50.2	-1	0
n41	n62	49.8	-1	0
n41	n51	48.4	-1	0
n41	n11	47.6	-1	0
n41	n30	47.6	-1	0
n41	n26	47.4	-1	0
n41	n8	47.3	-1	0
n41	n10	46.9	-1	0
n41	n89	45.9	-1	0
n41	n74	45.6	-1	0
n41	n46	44.6	-1	0
n41	n15	44.6	-1	0
n41	n44	44.6	-1	0
n41	n36	44.0	-1	0
n41	n23	43.9	-1	0
n41	n22	43.8	-1	0
n41	n27	43.8	-1	0
n41	n6	43.5	-1	0
n41	n20	41.6	-1	0
n41	n19	41.6	-1	0
n7	n7	100.0	-1	0
n7	n68	88.4	-1	0
n7	n77	85.9	-1	0
n7	n66	85.8	-1	0
n7	n76	75.6	-1	0
n7	n19	74.4	-1	0
n7	n61	66.4	-1	0
n7	n60	64.6	-1	0
n7	n89	60.5	-1	0
n7	n86	57.5	-1	0
n7	n51	56.0	-1	0
n7	n36	54.6	-1	0
n7	n71	53.5	-1	0
n7	n59	52.7	-1	0
n7	n20	52.7	-1	0
n7	n62	52.3	-1	0
n7	n30	52.0	-1	0
n7	n11	52.0	-1	0
n7	n12	51.7	-1	0
n7	n31	51.7	-1	0
n7	n26	51.5	-1	0
n7	n13	51.3	-1	0
n7	n10	51.3	-1	0
n7	n8	51.3	-1	0
n7	n70	50.0	-1	0
n7	n16	49.8	-1	0
n7	n4	49.5	-1	0
n7	n64	49.2	-1	0
n7	n52	48.7	-1	0
n7	n46	48.7	-1	0
n7	n15	48.7	-1	0
n7	n44	48.7	-1	0
n7	n1	48.5	-1	0
n7	n29	48.4	-1	0
n7	n53	48.3	-1	0
n7	n56	48.1	-1	0
n7	n42	48.1	-1	0
n7	n25	48.0	-1	0
n7	n80	48.0	-1	0
n7	n57	47.8	-1	0
n7	n54	47.6	-1	0
n7	n18	47.5	-1	0
n7	n55	47.4	-1	0
n7	n14	47.4	-1	0
n7	n78	47.4	-1	0
n7	n45	47.4	-1	0
n7	n74	47.4	-1	0
n7	n2	47.2	-1	0
n7	n21	47.0	-1	0
n7	n47	47.0	-1	0
n7	n6	46.8	-1	0
n7	n23	46.7	-1	0
n7	n75	46.6	-1	0
n7	n5	46.1	-1	0
n7	n27	45.9	-1	0
n7	n22	45.9	-1	0
n7	n81	45.4	-1	0
n7	n72	44.4	-1	0
n7	n33	44.4	-1	0
n7	n24	44.1	-1	0
n7	n73	43.0	-1	0
n7	n41	43.0	-1	0
n7	n32	42.9	-1	0
n7	n34	42.8	-1	0
n7	n69	42.7	-1	0
n7	n43	41.6	-1	0
n7	n9	41.5	-1	0
n7	n87	41.0	-1	0
n7	n58	39.0	-1	0
n63	n63	100.0	-1	0
n63	n40	42.8	-1	0
n61	n61	100.0	-1	0
n61	n60	73.1	-1	0
n61	n76	70.9	-1	0
n61	n66	69.4	-1	0
n61	n68	69.1	-1	0
n61	n77	68.4	-1	0
n61	n19	67.4	-1	0
n61	n7	66.4	-1	0
n61	n89	61.4	-1	0
n62	n62	100.0	-1	0
n62	n81	77.9	-1	0
n62	n53	74.2	-1	0
n62	n52	71.2	-1	0
n62	n54	69.6	-1	0
n62	n87	68.8	-1	0
n62	n6	68.7	-1	0
n62	n64	68.5	-1	0
n62	n2	68.5	-1	0
n62	n72	68.3	-1	0
n62	n16	68.2	-1	0
n62	n73	59.7	-1	0
n60	n60	100.0	-1	0
n60	n61	73.1	-1	0
n60	n66	68.0	-1	0
n60	n19	66.8	-1	0
n60	n68	66.8	-1	0
n60	n77	66.1	-1	0
n60	n76	65.9	-1	0
n60	n7	64.6	-1	0
n60	n36	56.7	-1	0
n60	n89	56.2	-1	0
n66	n66	100.0	-1	0
n66	n68	92.1	-1	0
n66	n7	85.8	-1	0
n66	n77	82.9	-1	0
n66	n19	73.0	-1	0
n68	n68	100.0	-1	0
n68	n66	92.1	-1	0
n68	n7	88.4	-1	0
n68	n77	84.5	-1	0
n5	n5	100.0	-1	0
n5	n6	78.6	-1	0
n5	n62	67.7	-1	0
n5	n53	66.8	-1	0
n5	n64	66.0	-1	0
n5	n52	64.9	-1	0
n5	n16	64.4	-1	0
n5	n81	63.0	-1	0
n5	n2	61.8	-1	0
n5	n26	61.6	-1	0
n5	n54	61.5	-1	0
n5	n13	61.4	-1	0
n5	n30	61.0	-1	0
n5	n8	61.0	-1	0
n5	n11	61.0	-1	0
n5	n72	61.0	-1	0
n5	n31	60.6	-1	0
n5	n12	60.6	-1	0
n5	n87	60.5	-1	0
n5	n23	59.9	-1	0
n5	n10	59.8	-1	0
n5	n27	59.5	-1	0
n5	n22	59.5	-1	0
n5	n29	58.8	-1	0
n5	n57	58.8	-1	0
n5	n56	58.8	-1	0
n5	n58	58.6	-1	0
n5	n80	58.5	-1	0
n5	n55	58.4	-1	0
n5	n9	58.4	-1	0
n5	n74	58.2	-1	0
n5	n24	58.2	-1	0
n5	n25	58.2	-1	0
n5	n15	58.2	-1	0
n5	n46	58.2	-1	0
n5	n44	58.2	-1	0
n5	n45	57.8	-1	0
n5	n14	57.8	-1	0
n5	n78	57.3	-1	0
n5	n33	57.1	-1	0
n5	n73	55.8	-1	0
n5	n34	55.8	-1	0
n5	n83	51.5	-1	0
n5	n32	51.2	-1	0
n5	n69	49.3	-1	0
n5	n86	49.3	-1	0
n5	n47	47.8	-1	0
n5	n21	47.8	-1	0
n5	n4	47.5	-1	0
n5	n1	47.5	-1	0
n5	n51	47.4	-1	0
n5	n70	47.2	-1	0
n5	n75	46.5	-1	0
n5	n7	46.1	-1	0
n5	n71	45.8	-1	0
n5	n68	45.6	-1	0
n5	n77	45.1	-1	0
n5	n66	44.3	-1	0
n5	n76	44.2	-1	0
n5	n59	44.0	-1	0
n5	n36	43.5	-1	0
n5	n19	42.8	-1	0
n5	n20	41.2	-1	0
n5	n60	40.3	-1	0
n59	n59	100.0	-1	0
n59	n86	85.3	-1	0
n59	n71	80.9	-1	0
n59	n51	61.3	-1	0
n59	n20	55.3	-1	0
n59	n89	54.7	-1	0
n59	n77	54.6	-1	0
n59	n66	53.6	-1	0
n59	n36	53.4	-1	0
n59	n7	52.7	-1	0
n59	n60	52.3	-1	0
n59	n4	51.0	-1	0
n59	n19	50.8	-1	0
n59	n75	49.5	-1	0
n59	n42	49.2	-1	0
n59	n47	47.8	-1	0
n59	n21	47.8	-1	0
n71	n71	100.0	-1	0
n71	n86	86.4	-1	0
n71	n59	80.9	-1	0
n55	n55	100.0	-1	0
n55	n57	98.4	-1	0
n55	n56	97.7	-1	0
n55	n62	63.8	-1	0
n55	n54	63.1	-1	0
n55	n81	62.7	-1	0
n55	n52	62.7	-1	0
n55	n53	62.3	-1	0
n55	n2	62.3	-1	0
n55	n9	57.3	-1	0
n55	n24	56.7	-1	0
n55	n16	56.1	-1	0
n55	n74	55.9	-1	0
n55	n87	55.6	-1	0
n55	n26	55.1	-1	0
n55	n30	54.9	-1	0
n55	n11	54.9	-1	0
n55	n46	54.5	-1	0
n55	n44	54.5	-1	0
n55	n15	54.5	-1	0
n55	n29	54.5	-1	0
n55	n25	54.3	-1	0
n55	n12	54.3	-1	0
n55	n31	54.3	-1	0
n55	n73	54.2	-1	0
n55	n13	54.2	-1	0
n55	n14	54.0	-1	0
n55	n45	54.0	-1	0
n55	n80	53.8	-1	0
n52	n52	100.0	-1	0
n52	n53	91.2	-1	0
n52	n24	75.2	-1	0
n52	n81	73.1	-1	0
n52	n62	71.2	-1	0
n52	n6	70.0	-1	0
n52	n54	68.8	-1	0
n52	n16	68.6	-1	0
n52	n2	68.5	-1	0
n52	n72	68.3	-1	0
n52	n13	68.2	-1	0
n52	n29	68.2	-1	0
n52	n26	68.1	-1	0
n52	n11	67.8	-1	0
n52	n30	67.8	-1	0
n52	n80	67.8	-1	0
n52	n44	67.4	-1	0
n52	n15	67.4	-1	0
n52	n46	67.4	-1	0
n52	n8	67.0	-1	0
n52	n25	67.0	-1	0
n52	n12	67.0	-1	0
n52	n31	67.0	-1	0
n52	n64	66.9	-1	0
n52	n22	66.7	-1	0
n52	n10	66.7	-1	0
n52	n27	66.7	-1	0
n52	n45	66.7	-1	0
n52	n14	66.7	-1	0
n52	n23	65.5	-1	0
n52	n74	65.2	-1	0
n52	n78	64.0	-1	0
n52	n55	62.7	-1	0
n52	n57	62.7	-1	0
n52	n56	62.3	-1	0
n52	n87	61.0	-1	0
n52	n73	59.6	-1	0
n65	n65	100.0	-1	0
n65	n135	23.3	-1	0
n65	n133	20.6	-1	0
n65	n45	20.4	-1	0
n65	n14	20.4	-1	0
n65	n72	18.5	-1	0
n65	n48	17.2	-1	0
n65	n205	17.2	-1	0
n65	n111	16.8	-1	0
n65	n82	16.2	-1	0
n65	n103	16.2	-1	0
n65	n94	15.8	-1	0
n65	n95	15.6	-1	0
n65	n92	15.3	-1	0
n65	n32	13.6	-1	0
n65	n91	12.0	-1	0
n65	n93	11.4	-1	0
n51	n51	100.0	-1	0
n51	n86	67.5	-1	0
n51	n59	61.3	-1	0
n51	n20	60.6	-1	0
n51	n71	60.6	-1	0
n51	n89	60.4	-1	0
n51	n36	60.1	-1	0
n51	n68	57.7	-1	0
n51	n61	56.5	-1	0
n51	n7	56.0	-1	0
n51	n77	55.8	-1	0
n51	n60	55.4	-1	0
n51	n66	55.2	-1	0
n51	n76	54.5	-1	0
n51	n19	54.0	-1	0
n51	n12	50.7	-1	0
n51	n31	50.7	-1	0
n51	n42	49.5	-1	0
n51	n4	48.8	-1	0
n51	n74	48.6	-1	0
n51	n6	48.2	-1	0
n51	n5	47.4	-1	0
n51	n45	46.0	-1	0
n51	n14	46.0	-1	0
n51	n21	45.4	-1	0
n51	n47	45.4	-1	0
n51	n43	43.2	-1	0
n75	n75	100.0	-1	0
n75	n1	61.3	-1	0
n75	n21	59.4	-1	0
n75	n47	59.4	-1	0
n75	n4	55.9	-1	0
n75	n86	50.2	-1	0
n75	n59	49.5	-1	0
n76	n76	100.0	-1	0
n76	n77	78.6	-1	0
n76	n66	76.6	-1	0
n76	n68	76.1	-1	0
n76	n7	75.6	-1	0
n76	n19	72.7	-1	0
n76	n61	70.9	-1	0
n77	n77	100.0	-1	0
n77	n7	85.9	-1	0
n77	n68	84.5	-1	0
n77	n66	82.9	-1	0
n77	n76	78.6	-1	0
n77	n19	73.0	-1	0
n64	n64	100.0	-1	0
n64	n81	72.4	-1	0
n64	n53	68.9	-1	0
n64	n62	68.5	-1	0
n64	n6	67.3	-1	0
n64	n9	66.9	-1	0
n64	n52	66.9	-1	0
n64	n5	66.0	-1	0
n64	n74	65.9	-1	0
n64	n24	65.3	-1	0
n64	n44	65.1	-1	0
n64	n46	65.1	-1	0
n64	n30	65.1	-1	0
n64	n16	65.1	-1	0
n64	n22	65.1	-1	0
n64	n27	65.1	-1	0
n64	n15	65.1	-1	0
n64	n11	65.1	-1	0
n64	n29	64.8	-1	0
n64	n26	64.4	-1	0
n64	n8	64.4	-1	0
n64	n10	64.0	-1	0
n64	n80	64.0	-1	0
n64	n31	64.0	-1	0
n64	n14	64.0	-1	0
n64	n12	64.0	-1	0
n64	n45	64.0	-1	0
n64	n13	64.0	-1	0
n64	n25	63.6	-1	0
n64	n72	62.9	-1	0
n64	n87	62.1	-1	0
n64	n78	61.9	-1	0
n64	n23	61.7	-1	0
n64	n2	61.5	-1	0
n64	n32	57.1	-1	0
n64	n73	56.4	-1	0
n79	n79	100.0	-1	0
n79	n50	85.1	-1	0
n50	n50	100.0	-1	0
n50	n79	85.1	-1	0
n50	n1	33.6	-1	0
n50	n12	32.8	-1	0
n50	n31	32.8	-1	0
n50	n14	32.8	-1	0
n50	n45	32.8	-1	0
n50	n80	32.5	-1	0
n50	n25	32.5	-1	0
n50	n13	32.5	-1	0
n50	n23	32.2	-1	0
n50	n29	32.1	-1	0
n50	n89	32.1	-1	0
n50	n16	32.0	-1	0
n50	n22	31.9	-1	0
n50	n27	31.9	-1	0
n50	n7	31.5	-1	0
n50	n9	31.2	-1	0
n50	n66	31.1	-1	0
n50	n77	31.1	-1	0
n50	n34	30.8	-1	0
n50	n86	30.4	-1	0
n50	n75	30.4	-1	0
n50	n68	30.4	-1	0
n50	n19	29.9	-1	0
n50	n59	29.7	-1	0
n50	n47	29.5	-1	0
n50	n21	29.5	-1	0
n50	n4	29.4	-1	0
n50	n60	29.1	-1	0
n50	n42	29.0	-1	0
n50	n71	28.2	-1	0
n50	n82	27.8	-1	0
n50	n18	27.0	-1	0
n50	n36	26.6	-1	0
n82	n82	100.0	-1	0
n82	n67	60.8	-1	0
n48	n48	100.0	-1	0
n48	n111	19.2	-1	0
n48	n137	19.0	-1	0
n48	n56	18.3	-1	0
n48	n169	17.9	-1	0
n48	n55	17.9	-1	0
n48	n57	17.9	-1	0
n48	n189	17.8	-1	0
n48	n183	17.8	-1	0
n48	n117	17.4	-1	0
n48	n6	17.3	-1	0
n48	n65	17.2	-1	0
n48	n186	17.0	-1	0
n48	n134	16.5	-1	0
n48	n33	16.1	-1	0
n48	n193	16.0	-1	0
n48	n203	15.8	-1	0
n48	n34	15.7	-1	0
n48	n92	15.4	-1	0
n48	n5	15.3	-1	0
n48	n166	14.9	-1	0
n48	n167	14.9	-1	0
n48	n187	14.7	-1	0
n48	n188	14.7	-1	0
n48	n162	14.6	-1	0
n48	n174	14.5	-1	0
n48	n69	13.9	-1	0
n48	n94	13.8	-1	0
n48	n95	13.8	-1	0
n48	n108	13.1	-1	0
n48	n42	9.3	-1	0
n67	n67	100.0	-1	0
n67	n82	60.8	-1	0
n67	n47	34.7	-1	0
n67	n21	34.7	-1	0
n67	n1	34.6	-1	0
n67	n89	32.9	-1	0
n67	n75	32.6	-1	0
n67	n4	32.4	-1	0
n67	n69	31.3	-1	0
n67	n56	30.7	-1	0
n67	n57	30.7	-1	0
n67	n76	30.4	-1	0
n67	n18	30.1	-1	0
n67	n58	29.8	-1	0
n67	n54	29.7	-1	0
n67	n2	29.7	-1	0
n67	n62	29.7	-1	0
n67	n73	29.1	-1	0
n67	n43	28.5	-1	0
n74	n74	100.0	-1	0
n74	n31	79.4	-1	0
n74	n30	79.4	-1	0
n74	n11	79.4	-1	0
n74	n12	79.4	-1	0
n74	n26	78.9	-1	0
n74	n13	78.6	-1	0
n74	n8	78.6	-1	0
n74	n22	78.2	-1	0
n74	n27	78.2	-1	0
n74	n10	77.9	-1	0
n74	n23	76.8	-1	0
n74	n44	76.8	-1	0
n74	n46	76.8	-1	0
n74	n15	76.8	-1	0
n74	n45	76.5	-1	0
n74	n14	76.5	-1	0
n74	n29	76.1	-1	0
n74	n25	75.8	-1	0
n74	n80	75.8	-1	0
n74	n16	74.4	-1	0
n86	n86	100.0	-1	0
n86	n71	86.4	-1	0
n86	n59	85.3	-1	0
n80	n80	100.0	-1	0
n80	n13	99.2	-1	0
n80	n26	98.1	-1	0
n80	n46	97.7	-1	0
n80	n15	97.7	-1	0
n80	n44	97.7	-1	0
n80	n29	97.3	-1	0
n80	n8	96.9	-1	0
n80	n11	96.9	-1	0
n80	n30	96.9	-1	0
n80	n10	95.8	-1	0
n80	n25	95.0	-1	0
n80	n14	94.0	-1	0
n80	n45	94.0	-1	0
n80	n31	93.9	-1	0
n80	n12	93.9	-1	0
n81	n81	100.0	-1	0
n81	n62	77.9	-1	0
n81	n53	73.5	-1	0
n81	n52	73.1	-1	0
n81	n64	72.4	-1	0
n81	n54	67.7	-1	0
n81	n87	63.9	-1	0
n81	n56	63.8	-1	0
n81	n24	60.5	-1	0
n81	n9	59.4	-1	0
n81	n72	57.7	-1	0
n58	n58	100.0	-1	0
n58	n5	58.6	-1	0
n58	n56	58.1	-1	0
n58	n57	57.7	-1	0
n58	n55	56.5	-1	0
n58	n6	56.3	-1	0
n58	n53	55.3	-1	0
n58	n52	55.0	-1	0
n58	n62	54.4	-1	0
n58	n8	54.0	-1	0
n58	n26	53.8	-1	0
n58	n30	53.6	-1	0
n58	n11	53.6	-1	0
n58	n13	53.2	-1	0
n58	n12	53.2	-1	0
n58	n31	53.2	-1	0
n58	n16	53.2	-1	0
n58	n10	53.2	-1	0
n58	n54	52.3	-1	0
n58	n2	51.5	-1	0
n58	n73	51.5	-1	0
n58	n46	50.7	-1	0
n58	n44	50.7	-1	0
n58	n15	50.7	-1	0
n58	n81	50.5	-1	0
n58	n80	50.3	-1	0
n58	n25	50.3	-1	0
n58	n29	49.8	-1	0
n58	n45	49.5	-1	0
n58	n14	49.5	-1	0
n58	n23	49.5	-1	0
n58	n27	49.3	-1	0
n58	n22	49.3	-1	0
n58	n72	47.2	-1	0
n58	n24	46.9	-1	0
n58	n78	46.0	-1	0
n58	n83	45.4	-1	0
n58	n18	42.3	-1	0
n58	n4	39.9	-1	0
n85	n85	100.0	-1	0
n85	n37	33.0	-1	0
n85	n49	30.3	-1	0
n85	n39	27.2	-1	0
n85	n44	21.3	-1	0
n85	n46	21.3	-1	0
n85	n45	21.3	-1	0
n85	n15	21.3	-1	0
n85	n14	21.3	-1	0
n85	n29	21.3	-1	0
n85	n25	21.3	-1	0
n85	n80	20.9	-1	0
n72	n72	100.0	-1	0
n72	n53	70.6	-1	0
n72	n52	68.3	-1	0
n72	n62	68.3	-1	0
n72	n16	67.4	-1	0
n72	n54	64.5	-1	0
n72	n2	64.1	-1	0
n72	n64	62.9	-1	0
n72	n74	61.1	-1	0
n72	n12	61.0	-1	0
n72	n31	61.0	-1	0
n72	n11	60.6	-1	0
n72	n8	60.6	-1	0
n72	n30	60.6	-1	0
n72	n26	60.5	-1	0
n72	n24	60.3	-1	0
n72	n13	60.2	-1	0
n72	n78	60.0	-1	0
n72	n10	59.5	-1	0
n72	n23	57.9	-1	0
n72	n81	57.7	-1	0
n72	n22	57.7	-1	0
n72	n27	57.7	-1	0
n72	n25	56.7	-1	0
n72	n29	56.4	-1	0
n72	n44	56.4	-1	0
n72	n46	56.4	-1	0
n72	n15	56.4	-1	0
n72	n80	56.0	-1	0
n72	n14	55.1	-1	0
n72	n45	55.1	-1	0
n72	n32	53.2	-1	0
n72	n73	53.1	-1	0
n69	n69	100.0	-1	0
n69	n12	59.5	-1	0
n69	n31	59.5	-1	0
n69	n13	59.5	-1	0
n69	n30	59.1	-1	0
n69	n11	59.1	-1	0
n69	n26	58.9	-1	0
n69	n8	58.7	-1	0
n69	n10	58.7	-1	0
n69	n25	56.4	-1	0
n69	n45	56.4	-1	0
n69	n80	56.4	-1	0
n69	n14	56.4	-1	0
n69	n44	56.1	-1	0
n69	n29	56.1	-1	0
n69	n15	56.1	-1	0
n69	n46	56.1	-1	0
n69	n88	55.0	-1	0
n69	n27	54.8	-1	0
n69	n22	54.8	-1	0
n69	n62	54.3	-1	0
n69	n74	54.3	-1	0
n69	n23	54.2	-1	0
n69	n52	53.4	-1	0
n69	n64	52.9	-1	0
n69	n16	52.3	-1	0
n69	n53	52.3	-1	0
n69	n81	52.0	-1	0
n69	n34	51.4	-1	0
n69	n33	50.7	-1	0
n69	n78	49.5	-1	0
n69	n5	49.3	-1	0
n69	n54	49.2	-1	0
n69	n2	49.2	-1	0
n69	n6	48.8	-1	0
n69	n70	47.9	-1	0
n69	n42	46.9	-1	0
n69	n87	46.8	-1	0
n69	n47	44.9	-1	0
n69	n21	44.9	-1	0
n69	n32	41.6	-1	0
n69	n51	41.2	-1	0
n1	n1	100.0	-1	0
n1	n47	73.7	-1	0
n1	n21	73.7	-1	0
n1	n4	73.1	-1	0
n1	n18	62.8	-1	0
n1	n75	61.3	-1	0
n1	n42	56.4	-1	0
n1	n26	50.6	-1	0
n1	n86	50.5	-1	0
n1	n11	50.4	-1	0
n1	n30	50.4	-1	0
n1	n70	50.0	-1	0
n1	n10	50.0	-1	0
n1	n71	49.7	-1	0
n1	n8	49.6	-1	0
n1	n13	49.6	-1	0
n1	n68	49.2	-1	0
n1	n15	49.0	-1	0
n1	n44	49.0	-1	0
n1	n46	49.0	-1	0
n1	n16	48.9	-1	0
n1	n31	48.9	-1	0
n1	n12	48.9	-1	0
n1	n7	48.5	-1	0
n1	n77	48.3	-1	0
n1	n53	48.3	-1	0
n1	n54	48.3	-1	0
n1	n25	48.3	-1	0
n1	n80	48.3	-1	0
n1	n29	48.3	-1	0
n1	n74	48.3	-1	0
n1	n36	48.2	-1	0
n1	n66	48.2	-1	0
n1	n62	48.1	-1	0
n1	n45	48.0	-1	0
n1	n14	48.0	-1	0
n1	n81	47.8	-1	0
n1	n60	47.7	-1	0
n1	n59	47.6	-1	0
n1	n56	47.5	-1	0
n1	n5	47.5	-1	0
n1	n64	47.3	-1	0
n1	n23	47.3	-1	0
n1	n76	47.2	-1	0
n1	n2	47.2	-1	0
n1	n89	46.9	-1	0
n1	n52	46.8	-1	0
n1	n20	46.8	-1	0
n1	n57	46.4	-1	0
n1	n55	46.4	-1	0
n1	n51	46.3	-1	0
n1	n69	46.0	-1	0
n1	n33	45.7	-1	0
n1	n22	45.7	-1	0
n1	n27	45.7	-1	0
n1	n6	45.6	-1	0
n1	n41	45.6	-1	0
n1	n19	45.5	-1	0
n1	n61	45.1	-1	0
n1	n9	44.6	-1	0
n1	n34	43.7	-1	0
n1	n88	43.5	-1	0
n1	n78	43.2	-1	0
n1	n72	43.0	-1	0
n1	n24	43.0	-1	0
n1	n32	42.7	-1	0
n1	n87	41.8	-1	0
n1	n58	41.0	-1	0
n1	n28	41.0	-1	0
n1	n73	40.5	-1	0
n1	n83	38.7	-1	0
n1	n43	38.2	-1	0
n1	n67	34.6	-1	0
n1	n50	33.6	-1	0
n1	n82	33.3	-1	0
n1	n79	31.7	-1	0
n1	n63	26.5	-1	0
n1	n90	24.6	-1	0
n1	n40	24.3	-1	0
n1	n38	22.5	-1	0
n1	n85	22.5	-1	0
n1	n92	19.1	-1	0
n1	n198	18.4	-1	0
n1	n125	18.3	-1	0
n1	n149	17.7	-1	0
n1	n163	17.6	-1	0
n1	n137	17.3	-1	0
n1	n126	17.1	-1	0
n1	n190	16.8	-1	0
n1	n97	16.7	-1	0
n1	n108	16.7	-1	0
n1	n91	16.7	-1	0
n1	n200	16.3	-1	0
n1	n99	16.0	-1	0
n1	n146	15.9	-1	0
n1	n153	15.9	-1	0
n1	n186	15.8	-1	0
n1	n107	15.5	-1	0
n1	n123	15.5	-1	0
n1	n193	15.5	-1	0
n1	n115	15.5	-1	0
n1	n101	14.4	-1	0
n1	n135	14.2	-1	0
n1	n94	14.2	-1	0
n1	n95	14.2	-1	0
n1	n106	13.7	-1	0
n94	n94	100.0	-1	0
n94	n95	98.1	-1	0
n94	n92	59.9	-1	0
n95	n95	100.0	-1	0
n95	n94	98.1	-1	0
n84	n84	100.0	-1	0
n84	n49	29.2	-1	0
n84	n37	24.9	-1	0
n84	n56	18.4	-1	0
n84	n97	18.2	-1	0
n84	n138	18.0	-1	0
n84	n55	18.0	-1	0
n84	n57	18.0	-1	0
n84	n16	17.0	-1	0
n84	n54	16.9	-1	0
n84	n5	16.4	-1	0
n84	n2	16.1	-1	0
n84	n190	15.8	-1	0
n84	n125	15.4	-1	0
n84	n53	15.3	-1	0
n84	n52	15.0	-1	0
n84	n165	14.3	-1	0
n84	n147	14.3	-1	0
n84	n24	13.4	-1	0
n84	n122	13.1	-1	0
n92	n92	100.0	-1	0
n92	n95	60.6	-1	0
n92	n94	59.9	-1	0
n92	n91	39.1	-1	0
n92	n93	30.7	-1	0
n93	n93	100.0	-1	0
n93	n95	35.3	-1	0
n93	n94	35.0	-1	0
n93	n91	31.8	-1	0
n89	n89	100.0	-1	0
n89	n61	61.4	-1	0
n89	n7	60.5	-1	0
n89	n51	60.4	-1	0
n89	n77	60.4	-1	0
n89	n66	60.1	-1	0
n89	n19	60.1	-1	0
n89	n86	58.9	-1	0
n89	n68	58.8	-1	0
n89	n76	58.8	-1	0
n89	n60	56.2	-1	0
n89	n36	55.6	-1	0
n89	n71	55.6	-1	0
n89	n59	54.7	-1	0
n89	n42	51.7	-1	0
n88	n88	100.0	-1	0
n88	n69	55.0	-1	0
n88	n13	51.3	-1	0
n88	n31	50.9	-1	0
n88	n12	50.9	-1	0
n88	n30	50.6	-1	0
n88	n11	50.6	-1	0
n88	n16	48.7	-1	0
n88	n27	48.6	-1	0
n88	n22	48.6	-1	0
n88	n80	48.1	-1	0
n88	n14	47.7	-1	0
n88	n45	47.7	-1	0
n88	n29	47.7	-1	0
n88	n46	47.4	-1	0
n88	n15	47.4	-1	0
n88	n25	47.4	-1	0
n88	n44	47.4	-1	0
n88	n23	47.2	-1	0
n88	n4	46.9	-1	0
n88	n81	45.6	-1	0
n88	n9	44.3	-1	0
n88	n6	44.1	-1	0
n88	n1	43.5	-1	0
n70	n70	100.0	-1	0
n70	n42	50.7	-1	0
n70	n53	50.5	-1	0
n70	n1	50.0	-1	0
n70	n7	50.0	-1	0
n70	n6	49.8	-1	0
n70	n21	49.7	-1	0
n70	n47	49.7	-1	0
n70	n22	49.5	-1	0
n70	n27	49.5	-1	0
n70	n26	49.3	-1	0
n70	n13	49.1	-1	0
n70	n8	49.1	-1	0
n70	n4	49.0	-1	0
n70	n16	48.7	-1	0
n70	n68	48.5	-1	0
n70	n66	48.5	-1	0
n70	n52	48.4	-1	0
n70	n11	48.3	-1	0
n70	n30	48.3	-1	0
n70	n18	48.2	-1	0
n70	n12	48.0	-1	0
n70	n31	48.0	-1	0
n70	n69	47.9	-1	0
n70	n23	47.8	-1	0
n70	n74	47.8	-1	0
n70	n29	47.4	-1	0
n70	n10	47.2	-1	0
n70	n77	47.2	-1	0
n70	n5	47.2	-1	0
n70	n33	47.2	-1	0
n70	n80	47.1	-1	0
n70	n64	47.0	-1	0
n70	n9	46.8	-1	0
n70	n46	46.8	-1	0
n70	n15	46.8	-1	0
n70	n44	46.8	-1	0
n70	n59	46.6	-1	0
n70	n14	46.4	-1	0
n70	n25	46.4	-1	0
n70	n45	46.4	-1	0
n70	n86	46.4	-1	0
n70	n51	46.3	-1	0
n70	n71	46.2	-1	0
n70	n81	46.1	-1	0
n70	n34	46.0	-1	0
n70	n78	45.4	-1	0
n70	n72	41.6	-1	0
n78	n78	100.0	-1	0
n78	n2	65.9	-1	0
n78	n54	64.6	-1	0
n78	n62	64.4	-1	0
n78	n52	64.0	-1	0
n78	n53	64.0	-1	0
n78	n16	63.4	-1	0
n78	n64	61.9	-1	0
n78	n26	60.6	-1	0
n78	n8	60.0	-1	0
n78	n30	60.0	-1	0
n78	n72	60.0	-1	0
n78	n11	60.0	-1	0
n78	n13	60.0	-1	0
n78	n12	59.6	-1	0
n78	n10	59.6	-1	0
n78	n31	59.6	-1	0
n78	n81	59.4	-1	0
n78	n24	58.3	-1	0
n78	n6	58.0	-1	0
n78	n5	57.3	-1	0
n78	n29	57.2	-1	0
n78	n74	57.1	-1	0
n78	n9	55.9	-1	0
n78	n46	55.9	-1	0
n78	n15	55.9	-1	0
n78	n44	55.9	-1	0
n78	n80	55.9	-1	0
n78	n25	55.9	-1	0
n78	n45	55.5	-1	0
n78	n14	55.5	-1	0
n78	n22	55.2	-1	0
n78	n27	55.2	-1	0
n78	n23	54.5	-1	0
n78	n56	54.2	-1	0
n78	n87	54.2	-1	0
n78	n73	53.9	-1	0
n78	n33	49.5	-1	0
n78	n70	45.4	-1	0
n87	n87	100.0	-1	0
n87	n62	68.8	-1	0
n87	n81	63.9	-1	0
n87	n16	62.8	-1	0
n87	n54	62.5	-1	0
n87	n2	62.2	-1	0
n87	n64	62.1	-1	0
n87	n28	62.0	-1	0
n87	n53	61.8	-1	0
n87	n52	61.0	-1	0
n87	n6	60.6	-1	0
n87	n11	58.6	-1	0
n87	n30	58.6	-1	0
n87	n8	58.6	-1	0
n87	n26	58.5	-1	0
n87	n13	58.2	-1	0
n87	n31	58.2	-1	0
n87	n12	58.2	-1	0
n87	n72	58.0	-1	0
n87	n10	57.5	-1	0
n87	n74	56.0	-1	0
n87	n9	56.0	-1	0
n87	n55	55.6	-1	0
n87	n15	55.2	-1	0
n87	n44	55.2	-1	0
n87	n46	55.2	-1	0
n87	n80	54.9	-1	0
n87	n14	54.9	-1	0
n87	n45	54.9	-1	0
n87	n24	54.6	-1	0
n87	n25	54.5	-1	0
n73	n73	100.0	-1	0
n73	n53	61.9	-1	0
n73	n62	59.7	-1	0
n73	n2	59.6	-1	0
n73	n52	59.6	-1	0
n73	n54	58.5	-1	0
n73	n81	57.0	-1	0
n73	n6	56.5	-1	0
n73	n16	56.4	-1	0
n73	n64	56.4	-1	0
n73	n5	55.8	-1	0
n73	n56	55.4	-1	0
n73	n57	54.6	-1	0
n73	n55	54.2	-1	0
n73	n78	53.9	-1	0
n73	n9	53.5	-1	0
n73	n72	53.1	-1	0
n73	n30	53.0	-1	0
n73	n8	53.0	-1	0
n73	n11	53.0	-1	0
n73	n24	53.0	-1	0
n73	n26	52.9	-1	0
n73	n31	52.7	-1	0
n73	n12	52.7	-1	0
n73	n13	52.3	-1	0
n73	n10	52.3	-1	0
n73	n87	52.1	-1	0
n73	n74	51.6	-1	0
n73	n44	49.7	-1	0
n73	n15	49.7	-1	0
n73	n27	49.7	-1	0
n73	n46	49.7	-1	0
n73	n22	49.7	-1	0
n73	n45	49.3	-1	0
n73	n14	49.3	-1	0
n73	n29	49.3	-1	0
n73	n23	49.0	-1	0
n73	n25	49.0	-1	0
n73	n80	49.0	-1	0
n73	n83	47.2	-1	0
n101	n101	100.0	-1	0
n101	n111	33.1	-1	0
n101	n99	32.0	-1	0
n101	n103	25.8	-1	0
n101	n102	23.7	-1	0
n107	n107	100.0	-1	0
n107	n106	57.0	-1	0
n106	n106	100.0	-1	0
n106	n107	57.0	-1	0
n106	n100	26.1	-1	0
n106	n108	25.7	-1	0
n83	n83	100.0	-1	0
n83	n53	54.4	-1	0
n83	n52	52.1	-1	0
n83	n2	51.9	-1	0
n83	n54	51.5	-1	0
n83	n5	51.5	-1	0
n83	n6	51.0	-1	0
n83	n64	49.6	-1	0
n83	n11	47.9	-1	0
n83	n30	47.9	-1	0
n83	n8	47.9	-1	0
n83	n10	47.9	-1	0
n83	n26	47.7	-1	0
n83	n13	47.5	-1	0
n83	n81	47.4	-1	0
n83	n73	47.2	-1	0
n83	n72	47.1	-1	0
n83	n31	46.4	-1	0
n83	n12	46.4	-1	0
n83	n9	45.9	-1	0
n83	n24	45.9	-1	0
n83	n58	45.4	-1	0
n83	n46	45.3	-1	0
n83	n44	45.3	-1	0
n83	n15	45.3	-1	0
n83	n80	45.0	-1	0
n83	n29	44.6	-1	0
n83	n23	44.3	-1	0
n83	n25	44.0	-1	0
n83	n27	43.9	-1	0
n83	n22	43.9	-1	0
n83	n45	42.1	-1	0
n83	n14	42.1	-1	0
n90	n90	100.0	-1	0
n90	n23	26.4	-1	0
n90	n64	26.1	-1	0
n90	n6	25.8	-1	0
n90	n70	25.4	-1	0
n90	n27	25.3	-1	0
n90	n22	25.3	-1	0
n90	n32	25.0	-1	0
n90	n1	24.6	-1	0
n90	n29	24.5	-1	0
n90	n26	24.3	-1	0
n90	n80	24.2	-1	0
n90	n25	24.2	-1	0
n90	n89	24.1	-1	0
n90	n41	23.9	-1	0
n90	n74	23.9	-1	0
n90	n60	23.8	-1	0
n90	n45	23.8	-1	0
n90	n8	23.8	-1	0
n90	n14	23.8	-1	0
n90	n13	23.8	-1	0
n90	n21	23.8	-1	0
n90	n47	23.8	-1	0
n90	n7	23.6	-1	0
n90	n86	23.5	-1	0
n90	n46	23.4	-1	0
n90	n31	23.4	-1	0
n90	n15	23.4	-1	0
n90	n44	23.4	-1	0
n90	n12	23.4	-1	0
n90	n68	23.4	-1	0
n90	n9	23.4	-1	0
n90	n4	23.3	-1	0
n90	n19	23.2	-1	0
n90	n59	23.1	-1	0
n90	n11	23.1	-1	0
n90	n30	23.1	-1	0
n90	n66	22.9	-1	0
n90	n77	22.7	-1	0
n90	n10	22.3	-1	0
n90	n18	22.2	-1	0
n90	n71	22.1	-1	0
n90	n16	21.9	-1	0
n90	n33	21.9	-1	0
n90	n36	21.8	-1	0
n90	n34	20.5	-1	0
n90	n42	20.4	-1	0
n104	n104	100.0	-1	0
n104	n109	26.7	-1	0
n104	n111	25.1	-1	0
n104	n103	25.0	-1	0
n104	n102	24.8	-1	0
n104	n110	23.9	-1	0
n105	n105	100.0	-1	0
n105	n35	19.7	-1	0
n105	n66	19.3	-1	0
n105	n182	18.8	-1	0
n105	n23	18.5	-1	0
n105	n128	18.4	-1	0
n105	n126	17.6	-1	0
n105	n140	17.3	-1	0
n105	n90	16.6	-1	0
n105	n201	16.2	-1	0
n105	n183	16.2	-1	0
n105	n95	15.9	-1	0
n105	n94	15.8	-1	0
n105	n168	15.4	-1	0
n105	n212	14.8	-1	0
n105	n68	14.7	-1	0
n96	n96	100.0	-1	0
n96	n135	19.7	-1	0
n96	n130	19.6	-1	0
n96	n38	18.9	-1	0
n96	n162	18.8	-1	0
n96	n100	18.3	-1	0
n96	n129	18.2	-1	0
n96	n210	17.7	-1	0
n96	n40	17.5	-1	0
n96	n165	17.4	-1	0
n96	n158	17.3	-1	0
n96	n146	17.0	-1	0
n96	n153	17.0	-1	0
n96	n77	17.0	-1	0
n96	n116	16.9	-1	0
n96	n203	16.9	-1	0
n96	n155	16.9	-1	0
n96	n63	16.9	-1	0
n96	n124	16.0	-1	0
n96	n115	15.4	-1	0
n96	n121	15.4	-1	0
n96	n119	15.4	-1	0
n96	n59	15.3	-1	0
n96	n160	14.5	-1	0
n96	n189	14.2	-1	0
n96	n163	13.8	-1	0
n96	n133	13.4	-1	0
n38	n38	100.0	-1	0
n38	n62	24.8	-1	0
n38	n6	24.1	-1	0
n38	n61	24.0	-1	0
n38	n5	24.0	-1	0
n38	n70	24.0	-1	0
n38	n22	23.9	-1	0
n38	n27	23.9	-1	0
n38	n78	23.9	-1	0
n38	n69	23.4	-1	0
n38	n44	23.2	-1	0
n38	n46	23.2	-1	0
n38	n15	23.2	-1	0
n38	n45	23.0	-1	0
n38	n14	23.0	-1	0
n38	n16	23.0	-1	0
n38	n10	22.9	-1	0
n38	n23	22.8	-1	0
n38	n30	22.8	-1	0
n38	n11	22.8	-1	0
n38	n25	22.7	-1	0
n38	n29	22.7	-1	0
n38	n74	22.7	-1	0
n38	n80	22.6	-1	0
n38	n4	22.6	-1	0
n38	n33	22.6	-1	0
n38	n26	22.5	-1	0
n38	n73	22.5	-1	0
n38	n8	22.5	-1	0
n38	n2	22.3	-1	0
n38	n31	22.2	-1	0
n38	n12	22.2	-1	0
n38	n13	22.1	-1	0
n38	n32	22.1	-1	0
n38	n54	22.0	-1	0
n38	n9	21.8	-1	0
n38	n87	21.7	-1	0
n38	n63	21.5	-1	0
n38	n64	21.4	-1	0
n38	n82	21.2	-1	0
n38	n47	21.1	-1	0
n38	n21	21.1	-1	0
n38	n88	20.7	-1	0
n38	n81	20.3	-1	0
n38	n24	20.1	-1	0
n38	n28	19.7	-1	0
n38	n53	19.7	-1	0
n38	n72	19.6	-1	0
n38	n83	19.5	-1	0
n38	n52	19.4	-1	0
n38	n34	19.4	-1	0
n38	n168	17.2	-1	0
n38	n129	17.0	-1	0
n38	n114	16.2	-1	0
n38	n115	15.8	-1	0
n38	n118	15.6	-1	0
n38	n116	15.4	-1	0
n38	n171	15.4	-1	0
n38	n191	14.9	-1	0
n38	n113	14.4	-1	0
n38	n198	14.2	-1	0
n97	n97	100.0	-1	0
n97	n49	20.7	-1	0
n97	n54	20.6	-1	0
n97	n87	19.6	-1	0
n97	n8	19.2	-1	0
n97	n2	19.1	-1	0
n97	n135	19.0	-1	0
n97	n37	18.9	-1	0
n97	n12	18.4	-1	0
n97	n31	18.4	-1	0
n97	n138	18.2	-1	0
n97	n84	18.2	-1	0
n97	n13	18.2	-1	0
n97	n42	17.9	-1	0
n97	n26	17.7	-1	0
n97	n30	17.2	-1	0
n97	n11	17.2	-1	0
n97	n47	17.1	-1	0
n97	n21	17.1	-1	0
n97	n85	17.1	-1	0
n97	n101	16.9	-1	0
n97	n10	16.8	-1	0
n97	n1	16.7	-1	0
n97	n4	16.7	-1	0
n97	n174	16.1	-1	0
n97	n74	15.8	-1	0
n97	n45	15.5	-1	0
n97	n29	15.5	-1	0
n97	n14	15.5	-1	0
n97	n15	15.4	-1	0
n97	n44	15.4	-1	0
n97	n46	15.4	-1	0
n97	n20	14.9	-1	0
n97	n80	14.7	-1	0
n97	n51	14.1	-1	0
n97	n25	14.0	-1	0
n97	n197	13.9	-1	0
n102	n102	100.0	-1	0
n102	n103	32.7	-1	0
n102	n99	31.2	-1	0
n102	n109	29.3	-1	0
n102	n111	27.6	-1	0
n102	n110	26.9	-1	0
n102	n104	24.8	-1	0
n102	n108	24.6	-1	0
n102	n101	23.7	-1	0
n98	n98	100.0	-1	0
n98	n62	21.0	-1	0
n98	n135	21.0	-1	0
n98	n40	19.5	-1	0
n98	n24	19.0	-1	0
n98	n136	19.0	-1	0
n98	n64	19.0	-1	0
n98	n6	18.9	-1	0
n98	n172	18.9	-1	0
n98	n83	18.9	-1	0
n98	n87	18.8	-1	0
n98	n194	18.8	-1	0
n98	n88	18.8	-1	0
n98	n53	18.8	-1	0
n98	n73	18.7	-1	0
n98	n52	18.6	-1	0
n98	n7	18.6	-1	0
n98	n5	18.5	-1	0
n98	n149	18.3	-1	0
n98	n203	18.3	-1	0
n98	n102	17.2	-1	0
n98	n60	17.1	-1	0
n98	n61	16.7	-1	0
n98	n180	16.6	-1	0
n98	n81	16.5	-1	0
n98	n179	16.0	-1	0
n98	n155	15.8	-1	0
n98	n123	15.6	-1	0
n98	n145	15.0	-1	0
n98	n93	14.9	-1	0
n98	n178	14.8	-1	0
n98	n171	14.4	-1	0
n116	n116	100.0	-1	0
n116	n115	95.2	-1	0
n115	n115	100.0	-1	0
n115	n116	95.2	-1	0
n115	n117	46.7	-1	0
n115	n113	46.7	-1	0
n115	n118	42.7	-1	0
n100	n100	100.0	-1	0
n100	n106	26.1	-1	0
n100	n107	25.2	-1	0
n100	n137	18.4	-1	0
n100	n96	18.3	-1	0
n100	n206	18.1	-1	0
n100	n128	17.3	-1	0
n100	n69	17.0	-1	0
n100	n49	17.0	-1	0
n100	n123	16.8	-1	0
n100	n181	16.6	-1	0
n100	n129	16.5	-1	0
n100	n143	16.5	-1	0
n100	n151	16.1	-1	0
n100	n210	15.7	-1	0
n100	n148	15.6	-1	0
n100	n134	15.4	-1	0
n100	n158	15.3	-1	0
n100	n63	15.3	-1	0
n100	n117	15.0	-1	0
n100	n29	14.9	-1	0
n100	n25	14.8	-1	0
n100	n156	14.5	-1	0
n100	n80	14.3	-1	0
n100	n15	14.1	-1	0
n100	n46	14.1	-1	0
n100	n44	14.1	-1	0
n100	n124	13.9	-1	0
n100	n81	13.9	-1	0
n100	n127	13.7	-1	0
n100	n43	13.0	-1	0
n103	n103	100.0	-1	0
n103	n111	33.1	-1	0
n103	n102	32.7	-1	0
n103	n99	32.7	-1	0
n103	n109	31.0	-1	0
n103	n110	28.9	-1	0
n103	n108	28.7	-1	0
n103	n101	25.8	-1	0
n103	n104	25.0	-1	0
n121	n121	100.0	-1	0
n121	n119	95.3	-1	0
n117	n117	100.0	-1	0
n117	n113	53.2	-1	0
n117	n114	49.4	-1	0
n117	n116	47.6	-1	0
n117	n118	47.3	-1	0
n114	n114	100.0	-1	0
n114	n117	49.4	-1	0
n114	n115	46.9	-1	0
n114	n116	46.1	-1	0
n114	n113	46.1	-1	0
n114	n118	41.6	-1	0
n118	n118	100.0	-1	0
n118	n117	47.3	-1	0
n118	n113	46.7	-1	0
n118	n116	44.9	-1	0
n118	n115	42.7	-1	0
n118	n114	41.6	-1	0
n120	n120	100.0	-1	0
n120	n121	46.9	-1	0
n120	n119	46.4	-1	0
n120	n132	19.5	-1	0
n120	n117	19.0	-1	0
n120	n169	18.5	-1	0
n120	n167	18.2	-1	0
n120	n166	18.2	-1	0
n111	n111	100.0	-1	0
n111	n99	40.7	-1	0
n111	n109	34.6	-1	0
n111	n110	31.6	-1	0
n111	n102	27.6	-1	0
n111	n104	25.1	-1	0
n108	n108	100.0	-1	0
n108	n99	31.0	-1	0
n108	n111	29.6	-1	0
n108	n109	29.3	-1	0
n108	n103	28.7	-1	0
n108	n110	27.3	-1	0
n108	n106	25.7	-1	0
n108	n102	24.6	-1	0
n108	n101	24.1	-1	0
n108	n104	21.6	-1	0
n108	n183	15.5	-1	0
n124	n124	100.0	-1	0
n124	n123	43.6	-1	0
n110	n110	100.0	-1	0
n110	n109	33.8	-1	0
n110	n111	31.6	-1	0
n110	n103	28.9	-1	0
n110	n99	28.5	-1	0
n110	n108	27.3	-1	0
n110	n102	26.9	-1	0
n110	n104	23.8	-1	0
n129	n129	100.0	-1	0
n129	n128	29.8	-1	0
n129	n125	22.9	-1	0
n129	n170	15.5	-1	0
n109	n109	100.0	-1	0
n109	n111	34.6	-1	0
n109	n99	33.8	-1	0
n109	n110	33.8	-1	0
n109	n103	31.0	-1	0
n109	n108	29.3	-1	0
n109	n102	29.3	-1	0
n109	n104	26.7	-1	0
n127	n127	100.0	-1	0
n127	n126	29.6	-1	0
n127	n125	20.3	-1	0
n127	n183	18.6	-1	0
n127	n42	17.8	-1	0
n40	n40	100.0	-1	0
n40	n63	42.8	-1	0
n40	n78	27.5	-1	0
n40	n16	27.3	-1	0
n40	n26	27.0	-1	0
n40	n8	26.9	-1	0
n40	n11	26.9	-1	0
n40	n30	26.9	-1	0
n40	n13	26.9	-1	0
n40	n46	26.6	-1	0
n40	n44	26.6	-1	0
n40	n15	26.6	-1	0
n40	n10	26.5	-1	0
n40	n70	26.4	-1	0
n40	n72	26.2	-1	0
n40	n80	26.2	-1	0
n40	n54	26.1	-1	0
n40	n5	25.9	-1	0
n40	n31	25.8	-1	0
n40	n12	25.8	-1	0
n40	n24	25.7	-1	0
n40	n74	25.6	-1	0
n40	n29	25.6	-1	0
n40	n2	25.2	-1	0
n40	n47	25.0	-1	0
n40	n21	25.0	-1	0
n40	n45	24.9	-1	0
n40	n14	24.9	-1	0
n40	n6	24.9	-1	0
n40	n62	24.9	-1	0
n40	n22	24.7	-1	0
n40	n27	24.7	-1	0
n40	n25	24.6	-1	0
n40	n64	24.5	-1	0
n40	n81	24.4	-1	0
n40	n66	24.3	-1	0
n40	n88	24.3	-1	0
n40	n1	24.3	-1	0
n40	n68	24.3	-1	0
n40	n56	24.3	-1	0
n40	n36	24.2	-1	0
n40	n23	24.0	-1	0
n40	n28	24.0	-1	0
n40	n57	23.9	-1	0
n40	n42	23.8	-1	0
n40	n9	23.8	-1	0
n40	n7	23.8	-1	0
n40	n50	23.8	-1	0
n40	n87	23.7	-1	0
n40	n4	23.7	-1	0
n40	n89	23.6	-1	0
n40	n33	23.6	-1	0
n40	n82	23.6	-1	0
n40	n76	23.5	-1	0
n40	n53	23.4	-1	0
n40	n61	23.4	-1	0
n40	n19	23.4	-1	0
n40	n59	23.2	-1	0
n40	n18	23.1	-1	0
n40	n52	23.0	-1	0
n40	n34	22.9	-1	0
n40	n73	22.9	-1	0
n40	n77	22.9	-1	0
n40	n79	22.6	-1	0
n40	n60	22.6	-1	0
n40	n69	22.4	-1	0
n40	n86	22.3	-1	0
n40	n32	22.3	-1	0
n40	n58	22.0	-1	0
n40	n75	22.0	-1	0
n40	n67	21.6	-1	0
n40	n38	21.4	-1	0
n40	n83	20.8	-1	0
n40	n71	20.7	-1	0
n40	n180	20.5	-1	0
n40	n98	19.5	-1	0
n40	n43	19.4	-1	0
n40	n51	18.9	-1	0
n40	n20	18.3	-1	0
n40	n126	17.5	-1	0
n40	n85	17.5	-1	0
n40	n96	17.5	-1	0
n40	n142	16.8	-1	0
n40	n182	16.5	-1	0
n40	n124	16.5	-1	0
n40	n141	16.3	-1	0
n40	n161	16.0	-1	0
n40	n194	15.7	-1	0
n40	n130	15.0	-1	0
n40	n164	14.7	-1	0
n40	n211	14.5	-1	0
n40	n170	14.0	-1	0
n40	n135	13.5	-1	0
n132	n132	100.0	-1	0
n132	n120	19.5	-1	0
n132	n89	15.9	-1	0
n132	n61	15.8	-1	0
n132	n60	15.5	-1	0
n132	n121	15.3	-1	0
n132	n119	15.1	-1	0
n132	n117	13.0	-1	0
n131	n131	100.0	-1	0
n131	n181	20.4	-1	0
n131	n36	19.3	-1	0
n131	n196	17.9	-1	0
n131	n191	17.8	-1	0
n131	n123	17.5	-1	0
n131	n167	17.4	-1	0
n131	n166	17.4	-1	0
n131	n157	17.3	-1	0
n131	n103	16.6	-1	0
n131	n135	16.6	-1	0
n131	n72	16.4	-1	0
n131	n176	16.3	-1	0
n131	n77	16.3	-1	0
n131	n19	16.3	-1	0
n131	n156	16.2	-1	0
n131	n7	16.2	-1	0
n131	n60	16.1	-1	0
n131	n61	16.1	-1	0
n131	n66	16.1	-1	0
n131	n136	16.1	-1	0
n131	n68	15.8	-1	0
n131	n76	15.0	-1	0
n131	n201	14.5	-1	0
n131	n56	14.0	-1	0
n131	n57	13.3	-1	0
n131	n55	13.3	-1	0
n136	n136	100.0	-1	0
n136	n37	23.0	-1	0
n136	n135	20.5	-1	0
n136	n98	19.0	-1	0
n136	n49	18.1	-1	0
n136	n184	17.4	-1	0
n136	n99	17.0	-1	0
n136	n158	17.0	-1	0
n136	n206	16.6	-1	0
n136	n32	16.4	-1	0
n136	n173	16.1	-1	0
n136	n131	16.1	-1	0
n136	n106	15.4	-1	0
n136	n213	15.2	-1	0
n136	n205	15.1	-1	0
n136	n185	14.5	-1	0
n136	n157	12.7	-1	0
n119	n119	100.0	-1	0
n119	n121	95.3	-1	0
n119	n120	46.4	-1	0
n119	n32	19.4	-1	0
n119	n78	19.4	-1	0
n119	n115	19.4	-1	0
n119	n179	19.3	-1	0
n119	n118	19.0	-1	0
n119	n87	19.0	-1	0
n119	n166	18.9	-1	0
n119	n167	18.9	-1	0
n119	n116	18.5	-1	0
n119	n38	18.1	-1	0
n119	n114	18.0	-1	0
n119	n165	18.0	-1	0
n119	n200	17.9	-1	0
n119	n117	17.8	-1	0
n119	n162	17.7	-1	0
n119	n81	17.6	-1	0
n119	n178	17.1	-1	0
n119	n83	17.0	-1	0
n119	n113	17.0	-1	0
n119	n70	16.8	-1	0
n119	n72	16.7	-1	0
n119	n64	16.7	-1	0
n119	n73	16.7	-1	0
n119	n62	16.5	-1	0
n119	n30	16.4	-1	0
n119	n29	16.4	-1	0
n119	n44	16.4	-1	0
n119	n46	16.4	-1	0
n119	n11	16.4	-1	0
n119	n15	16.4	-1	0
n119	n8	16.4	-1	0
n119	n201	16.3	-1	0
n119	n34	16.3	-1	0
n119	n202	16.3	-1	0
n119	n33	16.2	-1	0
n119	n45	16.2	-1	0
n119	n14	16.2	-1	0
n119	n31	16.2	-1	0
n119	n12	16.2	-1	0
n119	n9	16.1	-1	0
n119	n26	16.0	-1	0
n119	n13	16.0	-1	0
n119	n80	16.0	-1	0
n119	n10	16.0	-1	0
n119	n16	16.0	-1	0
n119	n54	16.0	-1	0
n119	n2	16.0	-1	0
n119	n108	16.0	-1	0
n119	n28	15.9	-1	0
n119	n25	15.8	-1	0
n119	n23	15.5	-1	0
n119	n96	15.4	-1	0
n119	n132	15.1	-1	0
n119	n88	14.9	-1	0
n119	n5	14.7	-1	0
n119	n24	14.5	-1	0
n119	n127	14.2	-1	0
n119	n74	14.2	-1	0
n119	n22	14.1	-1	0
n119	n27	14.1	-1	0
n119	n6	14.1	-1	0
n119	n53	13.6	-1	0
n119	n52	13.6	-1	0
n119	n69	12.3	-1	0
n130	n130	100.0	-1	0
n130	n35	21.4	-1	0
n130	n96	19.6	-1	0
n130	n3	19.4	-1	0
n130	n185	18.7	-1	0
n130	n129	18.6	-1	0
n130	n123	18.2	-1	0
n130	n17	17.7	-1	0
n130	n102	17.3	-1	0
n130	n210	17.2	-1	0
n130	n192	17.2	-1	0
n130	n99	17.1	-1	0
n130	n207	17.1	-1	0
n130	n56	16.9	-1	0
n130	n57	16.9	-1	0
n130	n203	16.6	-1	0
n130	n112	16.6	-1	0
n130	n111	16.6	-1	0
n130	n55	16.5	-1	0
n130	n173	16.3	-1	0
n130	n170	15.9	-1	0
n130	n101	15.6	-1	0
n130	n181	15.6	-1	0
n130	n175	15.5	-1	0
n130	n40	15.0	-1	0
n130	n67	14.6	-1	0
n130	n132	12.9	-1	0
n130	n127	12.0	-1	0
n112	n112	100.0	-1	0
n112	n169	19.6	-1	0
n112	n31	19.5	-1	0
n112	n12	19.5	-1	0
n112	n14	19.3	-1	0
n112	n45	19.3	-1	0
n112	n9	18.9	-1	0
n112	n29	18.7	-1	0
n112	n13	18.5	-1	0
n112	n194	18.4	-1	0
n112	n73	18.0	-1	0
n112	n175	17.9	-1	0
n112	n16	17.7	-1	0
n112	n170	17.6	-1	0
n112	n64	17.4	-1	0
n112	n41	17.3	-1	0
n112	n6	17.2	-1	0
n112	n166	17.2	-1	0
n112	n167	17.2	-1	0
n112	n196	17.1	-1	0
n112	n124	17.0	-1	0
n112	n189	16.7	-1	0
n112	n25	16.7	-1	0
n112	n130	16.6	-1	0
n112	n157	16.2	-1	0
n112	n21	15.9	-1	0
n112	n47	15.9	-1	0
n112	n80	15.8	-1	0
n112	n46	15.5	-1	0
n112	n44	15.5	-1	0
n112	n15	15.5	-1	0
n112	n85	15.3	-1	0
n112	n116	15.3	-1	0
n112	n26	14.8	-1	0
n112	n11	14.7	-1	0
n112	n8	14.7	-1	0
n112	n30	14.7	-1	0
n112	n115	14.4	-1	0
n112	n10	14.4	-1	0
n112	n92	12.9	-1	0
n91	n91	100.0	-1	0
n91	n95	49.6	-1	0
n91	n94	48.9	-1	0
n91	n92	39.1	-1	0
n91	n93	31.8	-1	0
n91	n72	19.4	-1	0
n91	n120	19.3	-1	0
n91	n146	19.1	-1	0
n91	n153	19.1	-1	0
n91	n199	19.0	-1	0
n91	n14	18.2	-1	0
n91	n29	18.2	-1	0
n91	n45	18.2	-1	0
n91	n78	17.9	-1	0
n91	n86	17.9	-1	0
n91	n25	17.9	-1	0
n91	n134	17.7	-1	0
n91	n9	17.5	-1	0
n91	n90	17.4	-1	0
n91	n176	17.4	-1	0
n91	n12	17.4	-1	0
n91	n31	17.4	-1	0
n91	n124	17.4	-1	0
n91	n143	17.3	-1	0
n91	n88	17.3	-1	0
n91	n80	17.3	-1	0
n91	n151	17.0	-1	0
n91	n191	16.9	-1	0
n91	n126	16.9	-1	0
n91	n154	16.9	-1	0
n91	n13	16.9	-1	0
n91	n56	16.9	-1	0
n91	n139	16.8	-1	0
n91	n1	16.7	-1	0
n91	n158	16.6	-1	0
n91	n58	16.5	-1	0
n91	n202	16.3	-1	0
n91	n7	16.3	-1	0
n91	n87	16.2	-1	0
n91	n102	16.2	-1	0
n91	n175	16.1	-1	0
n91	n54	16.1	-1	0
n91	n62	15.8	-1	0
n91	n10	15.8	-1	0
n91	n5	15.7	-1	0
n91	n32	15.7	-1	0
n91	n28	15.7	-1	0
n91	n185	15.6	-1	0
n91	n165	15.6	-1	0
n91	n70	15.6	-1	0
n91	n138	15.4	-1	0
n91	n15	15.2	-1	0
n91	n46	15.2	-1	0
n91	n44	15.2	-1	0
n91	n73	15.2	-1	0
n91	n107	15.2	-1	0
n91	n163	15.1	-1	0
n91	n172	15.1	-1	0
n91	n81	15.1	-1	0
n91	n51	15.1	-1	0
n91	n205	14.9	-1	0
n91	n34	14.7	-1	0
n91	n8	14.7	-1	0
n91	n59	14.5	-1	0
n91	n57	14.4	-1	0
n91	n30	14.3	-1	0
n91	n11	14.3	-1	0
n91	n53	14.0	-1	0
n91	n26	14.0	-1	0
n91	n123	13.9	-1	0
n91	n55	13.7	-1	0
n91	n133	13.5	-1	0
n91	n18	13.4	-1	0
n91	n52	13.2	-1	0
n91	n65	12.0	-1	0
n140	n140	100.0	-1	0
n140	n139	61.7	-1	0
n140	n151	56.1	-1	0
n140	n143	56.1	-1	0
n140	n148	54.4	-1	0
n140	n149	53.2	-1	0
n140	n150	43.8	-1	0
n99	n99	100.0	-1	0
n99	n111	40.7	-1	0
n99	n109	33.8	-1	0
n99	n103	33.7	-1	0
n99	n101	32.0	-1	0
n99	n102	31.3	-1	0
n99	n108	31.0	-1	0
n99	n110	28.5	-1	0
n99	n104	26.7	-1	0
n99	n33	18.4	-1	0
n99	n156	18.1	-1	0
n99	n188	17.5	-1	0
n99	n53	17.4	-1	0
n99	n146	17.4	-1	0
n99	n153	17.4	-1	0
n99	n3	17.3	-1	0
n99	n5	17.3	-1	0
n99	n130	17.1	-1	0
n99	n78	17.1	-1	0
n99	n18	17.1	-1	0
n99	n89	17.1	-1	0
n99	n136	17.0	-1	0
n99	n56	16.9	-1	0
n99	n6	16.7	-1	0
n99	n16	16.5	-1	0
n99	n205	16.5	-1	0
n99	n182	16.4	-1	0
n99	n123	16.4	-1	0
n99	n83	16.2	-1	0
n99	n55	16.1	-1	0
n99	n1	16.0	-1	0
n99	n34	16.0	-1	0
n99	n35	15.7	-1	0
n99	n187	15.5	-1	0
n99	n57	15.2	-1	0
n99	n126	14.8	-1	0
n99	n201	14.7	-1	0
n99	n141	14.3	-1	0
n99	n170	14.2	-1	0
n99	n166	13.3	-1	0
n99	n167	13.3	-1	0
n99	n127	12.8	-1	0
n99	n122	12.3	-1	0
n142	n142	100.0	-1	0
n142	n144	93.3	-1	0
n142	n141	63.3	-1	0
n144	n144	100.0	-1	0
n144	n142	93.3	-1	0
n135	n135	100.0	-1	0
n135	n98	21.0	-1	0
n135	n52	19.4	-1	0
n135	n16	19.0	-1	0
n135	n53	18.7	-1	0
n135	n13	18.7	-1	0
n135	n23	17.5	-1	0
n135	n29	17.5	-1	0
n135	n80	17.2	-1	0
n135	n22	17.1	-1	0
n135	n27	17.1	-1	0
n135	n10	17.1	-1	0
n135	n14	16.7	-1	0
n135	n45	16.7	-1	0
n135	n131	16.6	-1	0
n135	n30	16.6	-1	0
n135	n11	16.6	-1	0
n135	n46	16.6	-1	0
n135	n44	16.6	-1	0
n135	n8	16.6	-1	0
n135	n26	16.6	-1	0
n135	n15	16.6	-1	0
n135	n25	16.2	-1	0
n135	n31	16.2	-1	0
n135	n12	16.2	-1	0
n135	n4	15.3	-1	0
n135	n42	15.2	-1	0
n135	n74	15.1	-1	0
n135	n18	13.9	-1	0
n135	n40	13.5	-1	0
n135	n63	13.4	-1	0
n143	n143	100.0	-1	0
n143	n151	98.3	-1	0
n143	n148	76.5	-1	0
n143	n140	56.1	-1	0
n143	n139	55.3	-1	0
n143	n149	48.5	-1	0
n145	n145	100.0	-1	0
n145	n141	57.1	-1	0
n145	n144	56.5	-1	0
n145	n142	54.0	-1	0
n148	n148	100.0	-1	0
n148	n143	76.5	-1	0
n148	n151	75.7	-1	0
n133	n133	100.0	-1	0
n133	n65	20.6	-1	0
n133	n76	20.5	-1	0
n133	n86	20.2	-1	0
n133	n61	20.1	-1	0
n133	n37	19.9	-1	0
n133	n38	18.5	-1	0
n133	n39	18.0	-1	0
n133	n101	17.9	-1	0
n133	n32	17.3	-1	0
n133	n182	17.2	-1	0
n133	n152	15.8	-1	0
n133	n190	15.4	-1	0
n133	n203	15.1	-1	0
n133	n113	14.9	-1	0
n133	n154	14.8	-1	0
n133	n129	14.4	-1	0
n133	n212	14.1	-1	0
n133	n177	13.5	-1	0
n133	n91	13.5	-1	0
n133	n96	13.4	-1	0
n133	n114	13.1	-1	0
n133	n176	11.3	-1	0
n137	n137	100.0	-1	0
n137	n3	20.3	-1	0
n137	n196	20.2	-1	0
n137	n48	19.0	-1	0
n137	n27	18.5	-1	0
n137	n22	18.5	-1	0
n137	n100	18.4	-1	0
n137	n191	18.3	-1	0
n137	n63	18.0	-1	0
n137	n197	17.5	-1	0
n137	n1	17.3	-1	0
n137	n102	17.1	-1	0
n137	n126	16.5	-1	0
n137	n23	15.9	-1	0
n137	n35	15.7	-1	0
n137	n87	15.5	-1	0
n137	n173	15.5	-1	0
n137	n92	15.4	-1	0
n137	n210	14.6	-1	0
n149	n149	100.0	-1	0
n149	n139	62.1	-1	0
n149	n140	53.2	-1	0
n149	n143	48.5	-1	0
n149	n151	48.1	-1	0
n149	n148	46.2	-1	0
n151	n151	100.0	-1	0
n151	n143	98.3	-1	0
n150	n150	100.0	-1	0
n150	n154	51.9	-1	0
n150	n151	48.9	-1	0
n150	n143	48.4	-1	0
n150	n139	46.2	-1	0
n150	n148	45.8	-1	0
n150	n140	43.8	-1	0
n150	n149	43.0	-1	0
n155	n155	100.0	-1	0
n155	n141	62.2	-1	0
n155	n145	56.1	-1	0
n155	n144	52.3	-1	0
n155	n142	51.7	-1	0
n146	n153	100.0	-1	0
n146	n146	100.0	-1	0
n146	n152	44.0	-1	0
n146	n147	32.3	-1	0
n146	n141	30.3	-1	0
n146	n155	29.6	-1	0
n146	n139	29.2	-1	0
n146	n145	27.0	-1	0
n146	n144	26.6	-1	0
n146	n142	26.2	-1	0
n146	n148	26.0	-1	0
n146	n154	24.7	-1	0
n146	n140	24.7	-1	0
n146	n151	24.4	-1	0
n146	n143	24.4	-1	0
n146	n150	23.8	-1	0
n146	n149	23.8	-1	0
n138	n138	100.0	-1	0
n138	n135	26.1	-1	0
n138	n85	23.8	-1	0
n138	n37	22.9	-1	0
n138	n49	21.0	-1	0
n138	n128	18.4	-1	0
n138	n97	18.2	-1	0
n138	n84	18.0	-1	0
n138	n168	17.5	-1	0
n138	n36	17.2	-1	0
n138	n161	16.8	-1	0
n138	n18	16.1	-1	0
n138	n165	15.5	-1	0
n138	n192	15.4	-1	0
n138	n91	15.4	-1	0
n138	n117	15.2	-1	0
n138	n162	14.2	-1	0
n138	n182	14.1	-1	0
n138	n126	13.9	-1	0
n138	n164	13.6	-1	0
n138	n93	12.1	-1	0
n154	n154	100.0	-1	0
n154	n150	51.9	-1	0
n154	n139	50.0	-1	0
n154	n148	47.6	-1	0
n154	n140	47.6	-1	0
n154	n143	45.7	-1	0
n154	n151	45.2	-1	0
n154	n149	43.3	-1	0
n152	n152	100.0	-1	0
n152	n153	44.0	-1	0
n152	n146	44.0	-1	0
n152	n142	30.0	-1	0
n152	n144	30.0	-1	0
n152	n141	29.6	-1	0
n152	n139	29.5	-1	0
n152	n140	29.4	-1	0
n152	n145	28.5	-1	0
n152	n155	28.1	-1	0
n152	n154	27.0	-1	0
n152	n143	25.0	-1	0
n152	n151	24.6	-1	0
n152	n148	24.2	-1	0
n152	n165	18.4	-1	0
n128	n128	100.0	-1	0
n128	n129	29.8	-1	0
n128	n125	23.6	-1	0
n128	n126	21.8	-1	0
n128	n58	21.5	-1	0
n128	n190	20.9	-1	0
n128	n139	19.8	-1	0
n128	n35	19.8	-1	0
n128	n49	19.3	-1	0
n128	n142	18.9	-1	0
n128	n148	18.6	-1	0
n128	n124	18.6	-1	0
n128	n196	18.4	-1	0
n128	n105	18.4	-1	0
n128	n138	18.4	-1	0
n128	n174	18.0	-1	0
n128	n183	17.8	-1	0
n128	n123	17.8	-1	0
n128	n204	17.7	-1	0
n128	n211	17.6	-1	0
n128	n100	17.3	-1	0
n128	n103	17.0	-1	0
n128	n2	17.0	-1	0
n128	n56	16.8	-1	0
n128	n54	16.7	-1	0
n128	n195	16.5	-1	0
n128	n21	16.5	-1	0
n128	n47	16.5	-1	0
n128	n72	16.5	-1	0
n128	n203	16.2	-1	0
n128	n205	16.1	-1	0
n128	n134	16.0	-1	0
n128	n4	15.8	-1	0
n128	n209	15.8	-1	0
n128	n146	15.4	-1	0
n128	n153	15.4	-1	0
n128	n23	14.8	-1	0
n128	n189	14.2	-1	0
n126	n126	100.0	-1	0
n126	n127	29.6	-1	0
n126	n129	22.8	-1	0
n126	n128	21.8	-1	0
n126	n125	19.4	-1	0
n126	n123	18.9	-1	0
n126	n34	18.8	-1	0
n126	n79	18.4	-1	0
n126	n209	17.9	-1	0
n126	n87	17.7	-1	0
n126	n154	17.6	-1	0
n126	n50	17.5	-1	0
n126	n69	17.5	-1	0
n126	n74	17.4	-1	0
n126	n93	17.3	-1	0
n126	n91	16.9	-1	0
n126	n137	16.5	-1	0
n126	n190	16.4	-1	0
n126	n95	16.1	-1	0
n126	n103	15.7	-1	0
n126	n52	15.4	-1	0
n126	n61	15.2	-1	0
n126	n99	14.8	-1	0
n153	n153	100.0	-1	0
n153	n146	100.0	-1	0
n153	n152	44.0	-1	0
n153	n147	32.3	-1	0
n153	n141	30.3	-1	0
n153	n155	29.6	-1	0
n153	n139	29.2	-1	0
n153	n145	27.0	-1	0
n153	n144	26.6	-1	0
n153	n142	26.2	-1	0
n153	n148	26.0	-1	0
n153	n154	24.7	-1	0
n153	n140	24.7	-1	0
n153	n151	24.4	-1	0
n153	n143	24.4	-1	0
n153	n150	23.8	-1	0
n153	n149	23.8	-1	0
n160	n160	100.0	-1	0
n160	n157	53.8	-1	0
n160	n159	42.8	-1	0
n157	n157	100.0	-1	0
n157	n159	54.8	-1	0
n157	n160	53.8	-1	0
n157	n156	43.1	-1	0
n122	n122	100.0	-1	0
n122	n127	19.9	-1	0
n122	n200	18.4	-1	0
n122	n60	18.2	-1	0
n122	n73	18.0	-1	0
n122	n87	17.9	-1	0
n122	n149	17.8	-1	0
n122	n25	17.6	-1	0
n122	n196	17.5	-1	0
n122	n19	17.4	-1	0
n122	n45	17.3	-1	0
n122	n14	17.3	-1	0
n122	n126	17.3	-1	0
n122	n123	17.1	-1	0
n122	n7	16.8	-1	0
n122	n29	16.8	-1	0
n122	n124	16.8	-1	0
n122	n51	16.7	-1	0
n122	n44	16.6	-1	0
n122	n15	16.6	-1	0
n122	n46	16.6	-1	0
n122	n104	16.5	-1	0
n122	n80	16.4	-1	0
n122	n139	16.3	-1	0
n122	n63	16.2	-1	0
n122	n125	16.1	-1	0
n122	n175	15.9	-1	0
n122	n189	15.9	-1	0
n122	n186	15.8	-1	0
n122	n193	15.7	-1	0
n122	n140	15.7	-1	0
n122	n176	15.5	-1	0
n122	n101	15.5	-1	0
n122	n209	15.2	-1	0
n122	n208	15.1	-1	0
n122	n77	15.1	-1	0
n122	n66	14.5	-1	0
n122	n68	14.2	-1	0
n122	n183	14.1	-1	0
n122	n191	13.5	-1	0
n122	n84	13.1	-1	0
n122	n206	12.9	-1	0
n122	n103	12.8	-1	0
n122	n111	12.5	-1	0
n122	n99	12.3	-1	0
n139	n139	100.0	-1	0
n139	n149	62.1	-1	0
n139	n140	61.7	-1	0
n139	n151	55.8	-1	0
n139	n143	55.3	-1	0
n139	n148	54.0	-1	0
n139	n154	50.0	-1	0
n139	n150	46.2	-1	0
n139	n152	29.5	-1	0
n139	n153	29.2	-1	0
n139	n146	29.2	-1	0
n139	n147	28.4	-1	0
n139	n142	25.1	-1	0
n139	n144	25.0	-1	0
n139	n141	24.7	-1	0
n139	n145	24.6	-1	0
n139	n155	23.2	-1	0
n139	n128	19.8	-1	0
n139	n101	19.7	-1	0
n139	n127	19.2	-1	0
n139	n200	19.0	-1	0
n139	n120	18.6	-1	0
n139	n195	18.5	-1	0
n139	n83	17.9	-1	0
n139	n69	17.0	-1	0
n139	n213	17.0	-1	0
n139	n91	16.8	-1	0
n139	n104	16.8	-1	0
n139	n169	16.7	-1	0
n139	n191	16.5	-1	0
n139	n122	16.3	-1	0
n139	n106	16.3	-1	0
n139	n93	14.7	-1	0
n158	n158	100.0	-1	0
n158	n156	44.0	-1	0
n158	n159	40.5	-1	0
n141	n141	100.0	-1	0
n141	n142	63.3	-1	0
n141	n155	62.2	-1	0
n141	n144	61.6	-1	0
n141	n145	57.1	-1	0
n141	n153	30.3	-1	0
n141	n146	30.3	-1	0
n141	n152	29.6	-1	0
n141	n154	25.7	-1	0
n141	n139	24.7	-1	0
n141	n150	24.3	-1	0
n141	n149	23.3	-1	0
n141	n151	22.2	-1	0
n141	n143	21.8	-1	0
n141	n148	19.7	-1	0
n141	n198	19.6	-1	0
n141	n147	19.4	-1	0
n141	n140	18.7	-1	0
n141	n16	17.4	-1	0
n141	n194	16.6	-1	0
n141	n204	16.5	-1	0
n141	n40	16.3	-1	0
n141	n203	15.9	-1	0
n141	n201	15.8	-1	0
n141	n58	15.8	-1	0
n141	n202	15.1	-1	0
n141	n99	14.3	-1	0
n141	n182	13.2	-1	0
n167	n167	100.0	-1	0
n167	n166	99.6	-1	0
n113	n113	100.0	-1	0
n113	n117	53.2	-1	0
n113	n115	46.7	-1	0
n113	n118	46.7	-1	0
n113	n116	46.3	-1	0
n113	n114	46.1	-1	0
n113	n29	18.3	-1	0
n113	n8	17.6	-1	0
n113	n30	17.0	-1	0
n113	n11	17.0	-1	0
n113	n32	17.0	-1	0
n113	n26	16.8	-1	0
n113	n34	16.6	-1	0
n113	n6	16.4	-1	0
n113	n13	16.4	-1	0
n113	n10	16.4	-1	0
n113	n23	16.4	-1	0
n113	n16	16.2	-1	0
n113	n46	16.1	-1	0
n113	n27	16.1	-1	0
n113	n44	16.1	-1	0
n113	n15	16.1	-1	0
n113	n22	16.1	-1	0
n113	n62	16.1	-1	0
n113	n31	16.1	-1	0
n113	n12	16.1	-1	0
n113	n74	16.0	-1	0
n113	n88	15.9	-1	0
n113	n80	15.8	-1	0
n113	n2	15.7	-1	0
n113	n54	15.7	-1	0
n113	n14	15.5	-1	0
n113	n45	15.5	-1	0
n113	n53	15.5	-1	0
n113	n72	15.4	-1	0
n113	n70	15.3	-1	0
n113	n28	15.2	-1	0
n113	n25	15.0	-1	0
n113	n78	14.8	-1	0
n113	n69	14.7	-1	0
n113	n52	14.5	-1	0
n113	n38	14.4	-1	0
n113	n5	14.4	-1	0
n113	n24	14.2	-1	0
n113	n83	14.1	-1	0
n113	n33	13.9	-1	0
n113	n87	13.9	-1	0
n113	n39	13.8	-1	0
n113	n166	13.7	-1	0
n113	n73	13.6	-1	0
n113	n64	13.5	-1	0
n113	n167	13.3	-1	0
n113	n9	13.3	-1	0
n113	n81	12.1	-1	0
n164	n164	100.0	-1	0
n164	n161	99.4	-1	0
n159	n159	100.0	-1	0
n159	n157	54.8	-1	0
n159	n156	47.2	-1	0
n159	n160	42.8	-1	0
n165	n165	100.0	-1	0
n165	n162	78.9	-1	0
n163	n163	100.0	-1	0
n163	n164	44.8	-1	0
n163	n161	44.8	-1	0
n134	n134	100.0	-1	0
n134	n3	18.4	-1	0
n134	n69	18.0	-1	0
n134	n29	17.9	-1	0
n134	n191	17.8	-1	0
n134	n183	17.8	-1	0
n134	n91	17.7	-1	0
n134	n12	17.6	-1	0
n134	n31	17.6	-1	0
n134	n25	17.5	-1	0
n134	n45	17.5	-1	0
n134	n14	17.5	-1	0
n134	n24	17.3	-1	0
n134	n192	17.1	-1	0
n134	n193	17.0	-1	0
n134	n30	16.8	-1	0
n134	n11	16.8	-1	0
n134	n10	16.8	-1	0
n134	n80	16.6	-1	0
n134	n46	16.5	-1	0
n134	n15	16.5	-1	0
n134	n44	16.5	-1	0
n134	n48	16.5	-1	0
n134	n102	16.3	-1	0
n134	n13	16.3	-1	0
n134	n26	16.3	-1	0
n134	n93	16.3	-1	0
n134	n186	16.3	-1	0
n134	n35	16.2	-1	0
n134	n204	16.1	-1	0
n134	n128	16.0	-1	0
n134	n8	16.0	-1	0
n134	n199	16.0	-1	0
n134	n194	15.9	-1	0
n134	n196	15.6	-1	0
n134	n92	15.6	-1	0
n134	n176	15.4	-1	0
n134	n100	15.4	-1	0
n134	n200	15.1	-1	0
n134	n151	15.1	-1	0
n134	n143	14.8	-1	0
n134	n209	13.9	-1	0
n134	n70	13.4	-1	0
n134	n189	13.1	-1	0
n134	n148	13.0	-1	0
n162	n162	100.0	-1	0
n162	n165	78.9	-1	0
n162	n164	43.6	-1	0
n162	n161	43.6	-1	0
n176	n176	100.0	-1	0
n176	n175	67.2	-1	0
n176	n180	58.2	-1	0
n176	n178	57.9	-1	0
n176	n179	57.3	-1	0
n177	n177	100.0	-1	0
n177	n178	59.8	-1	0
n177	n180	59.8	-1	0
n177	n179	59.2	-1	0
n177	n176	56.2	-1	0
n179	n179	100.0	-1	0
n179	n180	98.6	-1	0
n179	n178	97.2	-1	0
n180	n180	100.0	-1	0
n180	n179	98.6	-1	0
n180	n178	95.8	-1	0
n178	n178	100.0	-1	0
n178	n179	97.2	-1	0
n178	n180	95.8	-1	0
n178	n177	59.8	-1	0
n178	n176	57.9	-1	0
n178	n175	53.0	-1	0
n182	n182	100.0	-1	0
n182	n181	33.2	-1	0
n147	n147	100.0	-1	0
n147	n143	32.7	-1	0
n147	n140	32.5	-1	0
n147	n153	32.3	-1	0
n147	n146	32.3	-1	0
n147	n151	31.4	-1	0
n147	n154	30.9	-1	0
n147	n152	30.7	-1	0
n147	n148	28.6	-1	0
n147	n139	28.4	-1	0
n147	n149	28.1	-1	0
n147	n150	25.8	-1	0
n147	n144	22.2	-1	0
n147	n145	22.1	-1	0
n147	n142	21.4	-1	0
n147	n155	21.4	-1	0
n147	n22	20.6	-1	0
n147	n27	20.6	-1	0
n147	n184	19.7	-1	0
n147	n209	19.6	-1	0
n147	n41	19.6	-1	0
n147	n141	19.4	-1	0
n147	n16	19.0	-1	0
n147	n200	18.8	-1	0
n147	n193	18.7	-1	0
n147	n190	18.3	-1	0
n147	n23	18.0	-1	0
n147	n189	18.0	-1	0
n147	n2	17.7	-1	0
n147	n157	17.6	-1	0
n147	n35	17.4	-1	0
n147	n111	17.1	-1	0
n147	n54	16.9	-1	0
n147	n212	16.0	-1	0
n147	n158	15.8	-1	0
n147	n73	15.5	-1	0
n147	n192	15.5	-1	0
n147	n74	15.4	-1	0
n147	n70	15.3	-1	0
n147	n186	15.0	-1	0
n147	n191	14.8	-1	0
n147	n170	14.4	-1	0
n147	n84	14.3	-1	0
n169	n169	100.0	-1	0
n169	n17	21.4	-1	0
n169	n112	20.2	-1	0
n169	n191	19.0	-1	0
n169	n101	19.0	-1	0
n169	n37	18.7	-1	0
n169	n111	18.6	-1	0
n169	n120	18.5	-1	0
n169	n188	18.2	-1	0
n169	n187	18.2	-1	0
n169	n48	17.9	-1	0
n169	n129	17.8	-1	0
n169	n117	17.8	-1	0
n169	n49	17.4	-1	0
n169	n34	17.3	-1	0
n169	n62	16.7	-1	0
n169	n61	16.7	-1	0
n169	n139	16.7	-1	0
n169	n87	16.4	-1	0
n169	n135	16.4	-1	0
n169	n123	16.1	-1	0
n169	n109	16.1	-1	0
n169	n88	16.0	-1	0
n169	n185	16.0	-1	0
n169	n69	15.5	-1	0
n169	n115	15.4	-1	0
n169	n194	15.4	-1	0
n169	n189	15.1	-1	0
n169	n197	15.1	-1	0
n169	n38	15.0	-1	0
n169	n159	14.8	-1	0
n169	n124	14.6	-1	0
n169	n184	14.3	-1	0
n169	n116	13.9	-1	0
n169	n199	13.1	-1	0
n185	n185	100.0	-1	0
n185	n184	75.6	-1	0
n125	n125	100.0	-1	0
n125	n128	23.6	-1	0
n125	n129	22.9	-1	0
n125	n127	20.3	-1	0
n125	n126	19.4	-1	0
n125	n177	18.6	-1	0
n125	n1	18.3	-1	0
n125	n146	18.2	-1	0
n125	n153	18.2	-1	0
n125	n161	17.7	-1	0
n125	n170	17.4	-1	0
n125	n5	17.3	-1	0
n125	n192	16.9	-1	0
n125	n194	16.8	-1	0
n125	n205	16.7	-1	0
n125	n58	16.5	-1	0
n125	n82	16.3	-1	0
n125	n55	16.2	-1	0
n125	n102	16.2	-1	0
n125	n122	16.1	-1	0
n125	n175	16.1	-1	0
n125	n124	16.0	-1	0
n125	n191	16.0	-1	0
n125	n57	15.8	-1	0
n125	n56	15.8	-1	0
n125	n187	15.6	-1	0
n125	n188	15.6	-1	0
n125	n190	15.5	-1	0
n125	n207	15.4	-1	0
n125	n84	15.4	-1	0
n125	n34	15.2	-1	0
n125	n71	15.1	-1	0
n125	n123	15.0	-1	0
n125	n36	14.8	-1	0
n125	n3	14.7	-1	0
n125	n195	14.6	-1	0
n125	n196	14.6	-1	0
n125	n183	14.4	-1	0
n125	n189	14.4	-1	0
n125	n104	14.3	-1	0
n125	n197	14.0	-1	0
n125	n19	13.3	-1	0
n125	n166	12.8	-1	0
n125	n167	12.8	-1	0
n172	n172	100.0	-1	0
n172	n174	21.1	-1	0
n172	n98	18.9	-1	0
n172	n165	17.7	-1	0
n172	n140	16.9	-1	0
n172	n58	16.6	-1	0
n172	n162	16.5	-1	0
n172	n101	15.8	-1	0
n172	n154	15.8	-1	0
n172	n213	15.7	-1	0
n172	n124	15.6	-1	0
n172	n109	15.5	-1	0
n172	n123	15.5	-1	0
n172	n95	15.4	-1	0
n172	n166	15.1	-1	0
n172	n91	15.1	-1	0
n172	n164	15.0	-1	0
n172	n167	14.8	-1	0
n172	n36	14.8	-1	0
n172	n161	14.4	-1	0
n172	n201	14.4	-1	0
n172	n168	14.2	-1	0
n172	n206	14.0	-1	0
n172	n209	13.7	-1	0
n172	n94	13.5	-1	0
n172	n3	13.0	-1	0
n171	n171	100.0	-1	0
n171	n107	19.2	-1	0
n171	n174	18.7	-1	0
n171	n75	18.2	-1	0
n171	n63	18.1	-1	0
n171	n60	17.7	-1	0
n171	n188	17.2	-1	0
n171	n205	16.2	-1	0
n171	n201	15.9	-1	0
n171	n154	15.9	-1	0
n171	n67	15.9	-1	0
n171	n5	15.8	-1	0
n171	n51	15.8	-1	0
n171	n124	15.8	-1	0
n171	n187	15.5	-1	0
n171	n38	15.4	-1	0
n171	n194	15.1	-1	0
n171	n203	15.0	-1	0
n171	n28	14.6	-1	0
n171	n98	14.4	-1	0
n171	n104	14.3	-1	0
n171	n204	14.3	-1	0
n171	n35	14.2	-1	0
n171	n207	14.1	-1	0
n171	n6	14.0	-1	0
n171	n163	13.9	-1	0
n171	n189	13.9	-1	0
n188	n188	100.0	-1	0
n188	n187	98.6	-1	0
n156	n156	100.0	-1	0
n156	n159	47.2	-1	0
n156	n158	44.0	-1	0
n156	n157	43.1	-1	0
n156	n160	31.7	-1	0
n156	n74	18.7	-1	0
n156	n108	18.2	-1	0
n156	n99	18.1	-1	0
n156	n93	17.9	-1	0
n156	n9	17.8	-1	0
n156	n79	17.4	-1	0
n156	n183	17.4	-1	0
n156	n50	17.2	-1	0
n156	n182	17.0	-1	0
n156	n195	16.3	-1	0
n156	n131	16.2	-1	0
n156	n56	16.2	-1	0
n156	n57	16.2	-1	0
n156	n55	16.2	-1	0
n156	n196	15.9	-1	0
n156	n212	15.9	-1	0
n156	n174	15.5	-1	0
n156	n185	15.3	-1	0
n156	n45	15.3	-1	0
n156	n14	15.3	-1	0
n156	n197	15.0	-1	0
n156	n23	15.0	-1	0
n156	n106	14.9	-1	0
n156	n22	14.9	-1	0
n156	n27	14.9	-1	0
n156	n80	14.6	-1	0
n156	n25	14.5	-1	0
n156	n29	14.5	-1	0
n156	n100	14.5	-1	0
n156	n15	14.3	-1	0
n156	n44	14.3	-1	0
n156	n46	14.3	-1	0
n156	n8	14.1	-1	0
n156	n42	14.0	-1	0
n156	n149	13.9	-1	0
n156	n10	13.7	-1	0
n156	n12	13.6	-1	0
n156	n31	13.6	-1	0
n156	n26	13.3	-1	0
n156	n30	13.3	-1	0
n156	n11	13.3	-1	0
n156	n204	13.0	-1	0
n156	n13	12.5	-1	0
n170	n170	100.0	-1	0
n170	n140	20.2	-1	0
n170	n176	18.8	-1	0
n170	n34	18.7	-1	0
n170	n69	18.7	-1	0
n170	n126	18.6	-1	0
n170	n123	18.4	-1	0
n170	n58	18.2	-1	0
n170	n73	18.1	-1	0
n170	n209	18.0	-1	0
n170	n112	17.6	-1	0
n170	n125	17.4	-1	0
n170	n7	17.4	-1	0
n170	n192	17.3	-1	0
n170	n196	17.0	-1	0
n170	n173	16.9	-1	0
n170	n124	16.9	-1	0
n170	n187	16.9	-1	0
n170	n142	16.7	-1	0
n170	n109	16.6	-1	0
n170	n188	16.6	-1	0
n170	n18	16.6	-1	0
n170	n33	16.5	-1	0
n170	n76	16.3	-1	0
n170	n127	16.2	-1	0
n170	n158	16.2	-1	0
n170	n208	16.2	-1	0
n170	n195	16.1	-1	0
n170	n191	16.1	-1	0
n170	n103	16.0	-1	0
n170	n130	15.9	-1	0
n170	n129	15.5	-1	0
n170	n61	15.5	-1	0
n170	n194	15.3	-1	0
n170	n107	15.2	-1	0
n170	n210	14.9	-1	0
n170	n147	14.4	-1	0
n170	n207	14.4	-1	0
n170	n99	14.2	-1	0
n170	n40	14.0	-1	0
n170	n157	14.0	-1	0
n170	n68	13.2	-1	0
n170	n66	12.6	-1	0
n192	n192	100.0	-1	0
n192	n191	82.7	-1	0
n191	n191	100.0	-1	0
n191	n192	82.7	-1	0
n191	n190	51.5	-1	0
n184	n184	100.0	-1	0
n184	n185	75.6	-1	0
n184	n196	31.3	-1	0
n184	n181	29.4	-1	0
n184	n187	28.5	-1	0
n184	n183	28.5	-1	0
n184	n186	28.1	-1	0
n184	n188	28.1	-1	0
n184	n193	28.0	-1	0
n184	n195	27.6	-1	0
n184	n194	26.6	-1	0
n184	n192	25.8	-1	0
n184	n190	24.6	-1	0
n193	n193	100.0	-1	0
n193	n186	97.9	-1	0
n175	n175	100.0	-1	0
n175	n176	67.2	-1	0
n175	n180	53.2	-1	0
n175	n178	53.0	-1	0
n175	n179	52.7	-1	0
n175	n177	49.7	-1	0
n175	n186	20.6	-1	0
n175	n144	20.6	-1	0
n175	n193	20.5	-1	0
n175	n210	19.1	-1	0
n175	n108	18.6	-1	0
n175	n181	18.5	-1	0
n175	n103	18.2	-1	0
n175	n196	18.1	-1	0
n175	n213	18.0	-1	0
n175	n112	17.9	-1	0
n175	n157	17.8	-1	0
n175	n140	17.7	-1	0
n175	n123	17.5	-1	0
n175	n200	17.2	-1	0
n175	n45	17.0	-1	0
n175	n14	17.0	-1	0
n175	n57	17.0	-1	0
n175	n56	17.0	-1	0
n175	n185	17.0	-1	0
n175	n101	16.9	-1	0
n175	n55	16.7	-1	0
n175	n109	16.6	-1	0
n175	n102	16.6	-1	0
n175	n190	16.5	-1	0
n175	n29	16.5	-1	0
n175	n209	16.4	-1	0
n175	n67	16.4	-1	0
n175	n206	16.3	-1	0
n175	n91	16.1	-1	0
n175	n125	16.1	-1	0
n175	n9	16.0	-1	0
n175	n122	15.9	-1	0
n175	n130	15.5	-1	0
n175	n208	15.3	-1	0
n175	n85	14.7	-1	0
n175	n205	13.7	-1	0
n175	n17	13.5	-1	0
n175	n6	13.2	-1	0
n173	n173	100.0	-1	0
n173	n201	18.7	-1	0
n173	n177	18.7	-1	0
n173	n35	18.5	-1	0
n173	n158	18.0	-1	0
n173	n174	17.8	-1	0
n173	n107	17.7	-1	0
n173	n192	17.5	-1	0
n173	n187	17.4	-1	0
n173	n124	17.0	-1	0
n173	n170	16.9	-1	0
n173	n191	16.8	-1	0
n173	n118	16.6	-1	0
n173	n188	16.4	-1	0
n173	n157	16.4	-1	0
n173	n130	16.3	-1	0
n173	n117	16.1	-1	0
n173	n213	16.1	-1	0
n173	n56	15.7	-1	0
n173	n136	15.7	-1	0
n173	n132	15.6	-1	0
n173	n137	15.5	-1	0
n173	n209	15.4	-1	0
n173	n193	15.4	-1	0
n173	n55	15.4	-1	0
n173	n186	15.1	-1	0
n173	n176	15.1	-1	0
n173	n57	14.7	-1	0
n173	n195	14.2	-1	0
n173	n197	13.4	-1	0
n174	n174	100.0	-1	0
n174	n172	21.1	-1	0
n174	n123	18.8	-1	0
n174	n171	18.7	-1	0
n174	n90	18.2	-1	0
n174	n190	18.2	-1	0
n174	n128	18.0	-1	0
n174	n108	17.9	-1	0
n174	n173	17.8	-1	0
n174	n196	17.6	-1	0
n174	n110	17.6	-1	0
n174	n158	17.6	-1	0
n174	n165	16.7	-1	0
n174	n205	16.6	-1	0
n174	n208	16.4	-1	0
n174	n126	16.3	-1	0
n174	n209	16.2	-1	0
n174	n88	16.2	-1	0
n174	n75	16.2	-1	0
n174	n97	16.1	-1	0
n174	n101	15.8	-1	0
n174	n156	15.5	-1	0
n174	n162	15.5	-1	0
n174	n166	15.5	-1	0
n174	n210	15.5	-1	0
n174	n167	15.4	-1	0
n174	n202	14.9	-1	0
n174	n124	14.9	-1	0
n174	n207	14.7	-1	0
n174	n189	14.5	-1	0
n174	n48	14.5	-1	0
n174	n206	14.2	-1	0
n166	n166	100.0	-1	0
n166	n167	99.6	-1	0
n166	n70	21.0	-1	0
n166	n72	19.9	-1	0
n166	n205	19.1	-1	0
n166	n32	19.0	-1	0
n166	n119	18.9	-1	0
n166	n118	18.7	-1	0
n166	n209	18.3	-1	0
n166	n115	18.3	-1	0
n166	n49	18.3	-1	0
n166	n120	18.2	-1	0
n166	n114	18.0	-1	0
n166	n116	17.9	-1	0
n166	n38	17.7	-1	0
n166	n121	17.7	-1	0
n166	n62	17.6	-1	0
n166	n198	17.4	-1	0
n166	n131	17.4	-1	0
n166	n27	17.3	-1	0
n166	n22	17.3	-1	0
n166	n74	17.3	-1	0
n166	n80	17.3	-1	0
n166	n16	17.2	-1	0
n166	n112	17.2	-1	0
n166	n25	17.1	-1	0
n166	n187	17.1	-1	0
n166	n13	16.8	-1	0
n166	n23	16.8	-1	0
n166	n26	16.8	-1	0
n166	n73	16.8	-1	0
n166	n135	16.7	-1	0
n166	n29	16.6	-1	0
n166	n78	16.6	-1	0
n166	n46	16.5	-1	0
n166	n44	16.5	-1	0
n166	n15	16.5	-1	0
n166	n14	16.4	-1	0
n166	n45	16.4	-1	0
n166	n11	16.4	-1	0
n166	n30	16.4	-1	0
n166	n8	16.4	-1	0
n166	n117	16.2	-1	0
n166	n174	16.2	-1	0
n166	n37	16.2	-1	0
n166	n10	16.2	-1	0
n166	n34	16.1	-1	0
n166	n6	16.0	-1	0
n166	n33	15.9	-1	0
n166	n39	15.8	-1	0
n166	n12	15.8	-1	0
n166	n31	15.8	-1	0
n166	n9	15.6	-1	0
n166	n69	15.5	-1	0
n166	n81	15.5	-1	0
n166	n188	15.5	-1	0
n166	n88	15.2	-1	0
n166	n5	15.2	-1	0
n166	n172	15.1	-1	0
n166	n52	15.1	-1	0
n166	n48	14.9	-1	0
n166	n64	14.8	-1	0
n166	n28	14.7	-1	0
n166	n132	14.2	-1	0
n166	n53	14.1	-1	0
n166	n54	14.0	-1	0
n166	n24	13.9	-1	0
n166	n2	13.8	-1	0
n166	n113	13.7	-1	0
n166	n99	13.3	-1	0
n166	n87	13.2	-1	0
n166	n194	13.1	-1	0
n166	n83	12.8	-1	0
n166	n125	12.8	-1	0
n187	n187	100.0	-1	0
n187	n188	98.6	-1	0
n187	n194	37.9	-1	0
n187	n186	36.8	-1	0
n187	n193	36.6	-1	0
n187	n196	33.5	-1	0
n187	n183	29.7	-1	0
n187	n185	29.5	-1	0
n187	n184	28.5	-1	0
n187	n192	28.5	-1	0
n187	n191	26.8	-1	0
n199	n199	100.0	-1	0
n199	n198	29.7	-1	0
n199	n200	19.9	-1	0
n199	n163	17.5	-1	0
n199	n208	16.0	-1	0
n199	n169	13.1	-1	0
n194	n194	100.0	-1	0
n194	n186	48.3	-1	0
n194	n193	47.6	-1	0
n194	n187	37.9	-1	0
n194	n188	37.7	-1	0
n168	n168	100.0	-1	0
n168	n28	20.6	-1	0
n168	n81	19.4	-1	0
n168	n85	19.3	-1	0
n168	n149	19.0	-1	0
n168	n192	18.6	-1	0
n168	n176	18.6	-1	0
n168	n88	18.5	-1	0
n168	n190	18.1	-1	0
n168	n114	18.1	-1	0
n168	n16	17.8	-1	0
n168	n6	17.7	-1	0
n168	n83	17.7	-1	0
n168	n138	17.5	-1	0
n168	n38	17.2	-1	0
n168	n27	17.2	-1	0
n168	n34	17.2	-1	0
n168	n22	17.2	-1	0
n168	n154	17.0	-1	0
n168	n23	16.9	-1	0
n168	n64	16.6	-1	0
n168	n32	16.5	-1	0
n168	n24	16.5	-1	0
n168	n52	16.4	-1	0
n168	n115	16.4	-1	0
n168	n72	16.4	-1	0
n168	n159	16.2	-1	0
n168	n199	16.1	-1	0
n168	n54	16.1	-1	0
n168	n2	16.1	-1	0
n168	n53	16.1	-1	0
n168	n73	16.0	-1	0
n168	n116	15.9	-1	0
n168	n14	15.7	-1	0
n168	n45	15.7	-1	0
n168	n113	15.7	-1	0
n168	n123	15.7	-1	0
n168	n118	15.6	-1	0
n168	n5	15.6	-1	0
n168	n9	15.5	-1	0
n168	n105	15.4	-1	0
n168	n46	15.4	-1	0
n168	n15	15.4	-1	0
n168	n44	15.4	-1	0
n168	n62	15.2	-1	0
n168	n8	15.1	-1	0
n168	n70	15.0	-1	0
n168	n87	14.9	-1	0
n168	n33	14.8	-1	0
n168	n189	14.8	-1	0
n168	n12	14.8	-1	0
n168	n31	14.8	-1	0
n168	n74	14.5	-1	0
n168	n25	14.5	-1	0
n168	n29	14.5	-1	0
n168	n101	14.5	-1	0
n168	n30	14.5	-1	0
n168	n10	14.5	-1	0
n168	n26	14.5	-1	0
n168	n11	14.5	-1	0
n168	n78	14.4	-1	0
n168	n80	14.3	-1	0
n168	n172	14.2	-1	0
n168	n126	13.9	-1	0
n168	n69	13.4	-1	0
n168	n13	13.3	-1	0
n168	n75	12.2	-1	0
n186	n186	100.0	-1	0
n186	n193	97.9	-1	0
n186	n194	48.3	-1	0
n186	n188	36.8	-1	0
n186	n187	36.8	-1	0
n186	n196	29.8	-1	0
n186	n184	28.1	-1	0
n186	n190	27.3	-1	0
n186	n185	26.9	-1	0
n186	n183	26.4	-1	0
n186	n192	25.7	-1	0
n186	n181	25.7	-1	0
n186	n195	25.2	-1	0
n186	n58	20.4	-1	0
n196	n196	100.0	-1	0
n196	n188	33.9	-1	0
n196	n187	33.5	-1	0
n196	n184	31.3	-1	0
n196	n194	31.1	-1	0
n196	n192	29.4	-1	0
n195	n195	100.0	-1	0
n195	n190	36.3	-1	0
n195	n192	34.7	-1	0
n195	n191	33.9	-1	0
n195	n197	22.1	-1	0
n204	n204	100.0	-1	0
n204	n203	82.5	-1	0
n201	n201	100.0	-1	0
n201	n155	17.2	-1	0
n201	n144	17.1	-1	0
n201	n123	17.0	-1	0
n201	n142	16.4	-1	0
n201	n141	15.8	-1	0
n201	n131	14.5	-1	0
n207	n207	100.0	-1	0
n207	n206	62.2	-1	0
n197	n197	100.0	-1	0
n197	n189	32.1	-1	0
n197	n183	23.9	-1	0
n197	n192	23.6	-1	0
n197	n191	23.2	-1	0
n197	n195	22.1	-1	0
n197	n190	21.6	-1	0
n190	n190	100.0	-1	0
n190	n192	51.7	-1	0
n190	n191	51.5	-1	0
n190	n195	36.3	-1	0
n190	n188	28.7	-1	0
n190	n187	28.5	-1	0
n190	n186	27.3	-1	0
n190	n194	27.0	-1	0
n190	n193	25.5	-1	0
n190	n181	25.3	-1	0
n190	n185	24.9	-1	0
n190	n183	24.8	-1	0
n190	n184	24.6	-1	0
n190	n189	24.5	-1	0
n190	n197	21.6	-1	0
n190	n123	15.6	-1	0
n210	n210	100.0	-1	0
n210	n208	68.3	-1	0
n209	n209	100.0	-1	0
n209	n210	46.2	-1	0
n209	n208	46.1	-1	0
n209	n207	39.7	-1	0
n208	n208	100.0	-1	0
n208	n210	68.3	-1	0
n208	n206	51.8	-1	0
n208	n207	48.6	-1	0
n208	n209	46.1	-1	0
n205	n205	100.0	-1	0
n205	n203	36.1	-1	0
n205	n204	35.2	-1	0
n211	n211	100.0	-1	0
n211	n191	20.1	-1	0
n211	n128	17.6	-1	0
n211	n145	16.9	-1	0
n211	n202	16.7	-1	0
n211	n42	16.5	-1	0
n211	n194	16.3	-1	0
n211	n189	15.9	-1	0
n211	n204	15.7	-1	0
n211	n75	15.0	-1	0
n211	n209	14.7	-1	0
n211	n163	14.6	-1	0
n211	n40	14.5	-1	0
n212	n212	100.0	-1	0
n212	n186	17.1	-1	0
n212	n193	16.7	-1	0
n212	n194	16.0	-1	0
n212	n182	15.0	-1	0
n212	n190	14.7	-1	0
n183	n183	100.0	-1	0
n183	n196	31.2	-1	0
n183	n187	29.7	-1	0
n183	n188	29.7	-1	0
n183	n184	28.5	-1	0
n183	n194	27.3	-1	0
n183	n192	27.2	-1	0
n183	n193	27.2	-1	0
n183	n185	26.5	-1	0
n183	n186	26.4	-1	0
n183	n191	26.2	-1	0
n183	n195	26.0	-1	0
n183	n190	24.8	-1	0
n183	n197	23.9	-1	0
n183	n189	22.4	-1	0
n183	n151	19.2	-1	0
n183	n143	19.2	-1	0
n183	n64	18.7	-1	0
n183	n127	18.6	-1	0
n183	n123	18.0	-1	0
n183	n128	17.8	-1	0
n183	n148	17.6	-1	0
n183	n158	17.0	-1	0
n183	n75	16.7	-1	0
n183	n124	16.4	-1	0
n183	n118	16.3	-1	0
n183	n105	16.2	-1	0
n183	n87	16.2	-1	0
n183	n108	15.5	-1	0
n183	n140	15.4	-1	0
n183	n5	15.2	-1	0
n183	n78	15.0	-1	0
n183	n70	14.5	-1	0
n183	n125	14.4	-1	0
n183	n93	14.2	-1	0
n183	n122	14.1	-1	0
n198	n198	100.0	-1	0
n198	n199	29.7	-1	0
n198	n200	22.4	-1	0
n198	n76	19.8	-1	0
n198	n141	19.6	-1	0
n198	n191	19.1	-1	0
n198	n95	18.5	-1	0
n198	n1	18.4	-1	0
n198	n196	18.1	-1	0
n198	n117	17.9	-1	0
n198	n154	17.6	-1	0
n198	n167	17.4	-1	0
n198	n166	17.4	-1	0
n198	n210	17.3	-1	0
n198	n116	17.3	-1	0
n198	n51	17.0	-1	0
n198	n4	17.0	-1	0
n198	n113	16.5	-1	0
n198	n163	16.5	-1	0
n198	n94	16.4	-1	0
n198	n162	16.3	-1	0
n198	n115	15.7	-1	0
n198	n21	15.6	-1	0
n198	n47	15.6	-1	0
n198	n75	15.1	-1	0
n198	n38	14.2	-1	0
n198	n148	13.8	-1	0
n198	n83	13.6	-1	0
n213	n213	100.0	-1	0
n213	n175	18.0	-1	0
n213	n34	17.9	-1	0
n213	n139	17.0	-1	0
n213	n161	16.5	-1	0
n213	n164	16.5	-1	0
n213	n173	16.1	-1	0
n213	n187	15.7	-1	0
n213	n172	15.7	-1	0
n213	n188	15.4	-1	0
n213	n136	15.2	-1	0
n213	n19	14.9	-1	0
n213	n108	14.5	-1	0
n213	n58	14.1	-1	0
n213	n60	13.3	-1	0
n181	n181	100.0	-1	0
n181	n182	33.2	-1	0
n181	n184	29.4	-1	0
n181	n196	29.0	-1	0
n181	n185	28.8	-1	0
n181	n191	26.1	-1	0
n181	n193	25.9	-1	0
n181	n192	25.8	-1	0
n181	n186	25.7	-1	0
n181	n190	25.3	-1	0
n181	n194	24.7	-1	0
n181	n188	24.4	-1	0
n181	n187	24.2	-1	0
n181	n146	20.8	-1	0
n181	n153	20.8	-1	0
n181	n131	20.4	-1	0
n181	n189	19.5	-1	0
n181	n209	19.4	-1	0
n181	n87	18.9	-1	0
n181	n177	18.6	-1	0
n181	n175	18.5	-1	0
n181	n85	17.2	-1	0
n181	n109	17.1	-1	0
n181	n73	16.9	-1	0
n181	n92	16.8	-1	0
n181	n103	16.8	-1	0
n181	n117	16.7	-1	0
n181	n3	16.7	-1	0
n181	n100	16.6	-1	0
n181	n35	16.5	-1	0
n181	n124	16.5	-1	0
n181	n176	16.4	-1	0
n181	n93	16.4	-1	0
n181	n126	16.3	-1	0
n181	n32	15.8	-1	0
n181	n75	15.8	-1	0
n181	n7	15.6	-1	0
n181	n130	15.6	-1	0
n181	n21	15.2	-1	0
n181	n47	15.2	-1	0
n181	n111	14.7	-1	0
n181	n157	14.4	-1	0
n181	n207	14.2	-1	0
n202	n202	100.0	-1	0
n202	n146	19.2	-1	0
n202	n153	19.2	-1	0
n202	n177	18.7	-1	0
n202	n85	18.4	-1	0
n202	n194	18.3	-1	0
n202	n209	17.8	-1	0
n202	n17	17.4	-1	0
n202	n201	17.4	-1	0
n202	n196	17.1	-1	0
n202	n7	16.7	-1	0
n202	n176	16.7	-1	0
n202	n211	16.7	-1	0
n202	n66	16.6	-1	0
n202	n90	16.5	-1	0
n202	n200	16.4	-1	0
n202	n91	16.3	-1	0
n202	n121	16.3	-1	0
n202	n119	16.3	-1	0
n202	n76	16.1	-1	0
n202	n107	16.0	-1	0
n202	n108	15.9	-1	0
n202	n89	15.6	-1	0
n202	n36	15.5	-1	0
n202	n41	15.3	-1	0
n202	n68	15.3	-1	0
n202	n183	15.3	-1	0
n202	n92	15.3	-1	0
n202	n95	15.1	-1	0
n202	n141	15.1	-1	0
n202	n61	15.1	-1	0
n202	n189	15.0	-1	0
n202	n6	14.9	-1	0
n202	n110	14.9	-1	0
n202	n157	14.9	-1	0
n202	n174	14.9	-1	0
n202	n63	14.6	-1	0
n202	n34	14.5	-1	0
n202	n94	14.4	-1	0
n202	n33	14.2	-1	0
n202	n75	14.2	-1	0
n202	n24	13.9	-1	0
n206	n206	100.0	-1	0
n206	n207	62.2	-1	0
n206	n210	52.3	-1	0
n206	n208	51.8	-1	0
n206	n209	41.9	-1	0
n206	n109	19.0	-1	0
n206	n123	18.3	-1	0
n206	n100	18.1	-1	0
n206	n66	17.4	-1	0
n206	n7	17.2	-1	0
n206	n68	17.1	-1	0
n206	n192	16.7	-1	0
n206	n136	16.6	-1	0
n206	n191	16.5	-1	0
n206	n175	16.3	-1	0
n206	n80	16.1	-1	0
n206	n44	16.1	-1	0
n206	n15	16.1	-1	0
n206	n46	16.1	-1	0
n206	n203	15.9	-1	0
n206	n106	15.7	-1	0
n206	n63	15.7	-1	0
n206	n174	14.2	-1	0
n206	n77	14.0	-1	0
n206	n172	14.0	-1	0
n206	n43	14.0	-1	0
n206	n159	13.9	-1	0
n206	n29	13.9	-1	0
n206	n47	13.7	-1	0
n206	n21	13.7	-1	0
n206	n85	13.1	-1	0
n206	n122	12.9	-1	0
n200	n200	100.0	-1	0
n200	n198	22.4	-1	0
n200	n199	19.9	-1	0
n200	n69	19.6	-1	0
n200	n140	19.6	-1	0
n200	n152	19.2	-1	0
n200	n178	19.0	-1	0
n200	n121	18.9	-1	0
n200	n147	18.8	-1	0
n200	n186	18.7	-1	0
n200	n193	18.7	-1	0
n200	n127	18.6	-1	0
n200	n122	18.4	-1	0
n200	n194	18.2	-1	0
n200	n41	18.0	-1	0
n200	n190	18.0	-1	0
n200	n119	17.9	-1	0
n200	n188	17.9	-1	0
n200	n149	17.8	-1	0
n200	n43	17.8	-1	0
n200	n209	17.7	-1	0
n200	n123	17.6	-1	0
n200	n139	17.4	-1	0
n200	n42	17.4	-1	0
n200	n179	17.4	-1	0
n200	n187	17.3	-1	0
n200	n175	17.2	-1	0
n200	n124	17.0	-1	0
n200	n37	16.6	-1	0
n200	n6	16.6	-1	0
n200	n18	16.5	-1	0
n200	n202	16.4	-1	0
n200	n1	16.3	-1	0
n200	n189	16.3	-1	0
n200	n72	16.3	-1	0
n200	n102	16.2	-1	0
n200	n76	16.1	-1	0
n200	n109	15.8	-1	0
n200	n49	15.2	-1	0
n200	n134	15.1	-1	0
n200	n77	15.1	-1	0
n200	n4	15.0	-1	0
n200	n36	15.0	-1	0
n200	n60	14.8	-1	0
n200	n104	14.6	-1	0
n200	n33	14.6	-1	0
n200	n71	13.5	-1	0
n200	n150	13.5	-1	0
n123	n123	100.0	-1	0
n123	n124	43.6	-1	0
n123	n50	20.1	-1	0
n123	n145	20.0	-1	0
n123	n9	19.3	-1	0
n123	n72	19.3	-1	0
n123	n41	19.0	-1	0
n123	n79	18.9	-1	0
n123	n126	18.9	-1	0
n123	n174	18.8	-1	0
n123	n194	18.8	-1	0
n123	n153	18.6	-1	0
n123	n146	18.6	-1	0
n123	n128	18.4	-1	0
n123	n170	18.4	-1	0
n123	n148	18.4	-1	0
n123	n206	18.3	-1	0
n123	n130	18.2	-1	0
n123	n209	18.1	-1	0
n123	n191	18.0	-1	0
n123	n183	18.0	-1	0
n123	n104	17.9	-1	0
n123	n192	17.8	-1	0
n123	n70	17.7	-1	0
n123	n200	17.6	-1	0
n123	n131	17.5	-1	0
n123	n175	17.5	-1	0
n123	n210	17.4	-1	0
n123	n187	17.4	-1	0
n123	n129	17.4	-1	0
n123	n5	17.3	-1	0
n123	n122	17.1	-1	0
n123	n201	17.0	-1	0
n123	n208	16.9	-1	0
n123	n212	16.9	-1	0
n123	n182	16.9	-1	0
n123	n100	16.8	-1	0
n123	n176	16.8	-1	0
n123	n32	16.8	-1	0
n123	n188	16.7	-1	0
n123	n165	16.6	-1	0
n123	n82	16.6	-1	0
n123	n102	16.6	-1	0
n123	n99	16.4	-1	0
n123	n196	16.4	-1	0
n123	n42	16.3	-1	0
n123	n169	16.1	-1	0
n123	n155	16.1	-1	0
n123	n132	16.1	-1	0
n123	n93	16.0	-1	0
n123	n158	16.0	-1	0
n123	n168	15.7	-1	0
n123	n103	15.6	-1	0
n123	n98	15.6	-1	0
n123	n190	15.6	-1	0
n123	n143	15.5	-1	0
n123	n151	15.5	-1	0
n123	n162	15.5	-1	0
n123	n1	15.5	-1	0
n123	n172	15.5	-1	0
n123	n140	15.1	-1	0
n123	n18	15.1	-1	0
n123	n28	15.0	-1	0
n123	n125	15.0	-1	0
n123	n115	14.4	-1	0
n123	n113	14.1	-1	0
n123	n91	13.9	-1	0
n123	n116	13.6	-1	0
n161	n161	100.0	-1	0
n161	n164	99.4	-1	0
n161	n165	54.4	-1	0
n161	n163	44.8	-1	0
n161	n162	43.6	-1	0
n161	n26	18.9	-1	0
n161	n11	18.9	-1	0
n161	n30	18.9	-1	0
n161	n8	18.9	-1	0
n161	n10	18.9	-1	0
n161	n46	18.8	-1	0
n161	n44	18.8	-1	0
n161	n15	18.8	-1	0
n161	n6	18.7	-1	0
n161	n60	18.6	-1	0
n161	n76	17.8	-1	0
n161	n125	17.7	-1	0
n161	n140	17.6	-1	0
n161	n32	17.5	-1	0
n161	n193	17.2	-1	0
n161	n187	17.2	-1	0
n161	n150	17.1	-1	0
n161	n194	17.1	-1	0
n161	n127	17.0	-1	0
n161	n94	17.0	-1	0
n161	n78	16.9	-1	0
n161	n41	16.8	-1	0
n161	n138	16.8	-1	0
n161	n53	16.7	-1	0
n161	n213	16.5	-1	0
n161	n95	16.4	-1	0
n161	n103	16.3	-1	0
n161	n83	16.1	-1	0
n161	n34	16.1	-1	0
n161	n188	16.0	-1	0
n161	n9	16.0	-1	0
n161	n40	16.0	-1	0
n161	n5	16.0	-1	0
n161	n70	15.9	-1	0
n161	n64	15.9	-1	0
n161	n186	15.9	-1	0
n161	n81	15.9	-1	0
n161	n210	15.7	-1	0
n161	n196	15.6	-1	0
n161	n124	15.5	-1	0
n161	n24	15.4	-1	0
n161	n205	15.4	-1	0
n161	n189	15.2	-1	0
n161	n73	15.2	-1	0
n161	n155	15.1	-1	0
n161	n79	15.1	-1	0
n161	n62	15.1	-1	0
n161	n104	15.0	-1	0
n161	n107	14.9	-1	0
n161	n118	14.7	-1	0
n161	n52	14.5	-1	0
n161	n172	14.4	-1	0
n161	n50	14.0	-1	0
n161	n75	13.9	-1	0
n161	n51	13.9	-1	0
n161	n197	13.5	-1	0
n161	n159	13.3	-1	0
n161	n87	13.0	-1	0
n161	n208	12.5	-1	0
n203	n203	100.0	-1	0
n203	n204	82.5	-1	0
n203	n205	36.1	-1	0
n203	n34	19.1	-1	0
n203	n33	18.6	-1	0
n203	n149	18.6	-1	0
n203	n98	18.3	-1	0
n203	n201	17.8	-1	0
n203	n51	17.7	-1	0
n203	n69	17.4	-1	0
n203	n88	17.3	-1	0
n203	n94	17.1	-1	0
n203	n95	17.1	-1	0
n203	n96	16.9	-1	0
n203	n210	16.9	-1	0
n203	n87	16.7	-1	0
n203	n92	16.6	-1	0
n203	n6	16.6	-1	0
n203	n130	16.6	-1	0
n203	n111	16.4	-1	0
n203	n5	16.4	-1	0
n203	n128	16.2	-1	0
n203	n206	15.9	-1	0
n203	n141	15.9	-1	0
n203	n48	15.8	-1	0
n203	n207	15.7	-1	0
n203	n162	15.7	-1	0
n203	n133	15.1	-1	0
n203	n171	15.0	-1	0
n203	n183	14.8	-1	0
n203	n102	13.8	-1	0
n203	n70	13.2	-1	0
n189	n189	100.0	-1	0
n189	n197	32.1	-1	0
n189	n191	25.2	-1	0
n189	n195	24.8	-1	0
n189	n190	24.5	-1	0
n189	n192	23.3	-1	0
n189	n183	22.4	-1	0
n189	n193	22.4	-1	0
n189	n186	22.4	-1	0
n189	n196	22.3	-1	0
n189	n194	22.1	-1	0
n189	n185	21.4	-1	0
n189	n184	21.1	-1	0
n189	n187	20.6	-1	0
n189	n188	20.1	-1	0
n189	n181	19.4	-1	0
n189	n182	19.4	-1	0
n189	n147	18.0	-1	0
n189	n25	17.4	-1	0
n189	n48	17.2	-1	0
n189	n211	16.9	-1	0
n189	n15	16.8	-1	0
n189	n46	16.8	-1	0
n189	n44	16.8	-1	0
n189	n112	16.7	-1	0
n189	n73	16.7	-1	0
n189	n155	16.5	-1	0
n189	n200	16.3	-1	0
n189	n102	16.1	-1	0
n189	n29	15.9	-1	0
n189	n122	15.9	-1	0
n189	n10	15.8	-1	0
n189	n108	15.8	-1	0
n189	n26	15.8	-1	0
n189	n89	15.7	-1	0
n189	n30	15.7	-1	0
n189	n11	15.7	-1	0
n189	n8	15.7	-1	0
n189	n159	15.6	-1	0
n189	n16	15.6	-1	0
n189	n28	15.5	-1	0
n189	n207	15.5	-1	0
n189	n125	15.3	-1	0
n189	n161	15.2	-1	0
n189	n169	15.1	-1	0
n189	n164	15.1	-1	0
n189	n80	15.1	-1	0
n189	n6	15.0	-1	0
n189	n202	15.0	-1	0
n189	n210	14.9	-1	0
n189	n104	14.8	-1	0
n189	n168	14.8	-1	0
n189	n59	14.8	-1	0
n189	n209	14.7	-1	0
n189	n174	14.5	-1	0
n189	n77	14.5	-1	0
n189	n17	14.3	-1	0
n189	n128	14.2	-1	0
n189	n107	14.2	-1	0
n189	n96	14.2	-1	0
n189	n208	13.9	-1	0
n189	n171	13.9	-1	0
n189	n106	13.8	-1	0
n189	n19	13.1	-1	0
n189	n134	13.1	-1	0
n189	n7	13.1	-1	0
n189	n57	12.9	-1	0
n189	n55	12.9	-1	0
